key	table	pt	es	fr	placeholders
See what is in use; click a resource to open its settings	tr_widgets.cpp:kEntries	Veja o que está em uso; clique em um recurso para abrir seus ajustes	Mira qué está en uso; pulsa un recurso para abrir sus ajustes	Consultez les fonctions utilisées ; cliquez pour ouvrir leurs réglages	
Performance and screen	tr_widgets.cpp:kEntries	Desempenho e tela	Rendimiento y pantalla	Performances et écran	
Waiting for game settings	tr_widgets.cpp:kEntries	Aguardando ajuste do jogo	Esperando un ajuste del juego	En attente d'un réglage du jeu	
Restore the controls shown here? Other settings and saved files stay.	tr_widgets.cpp:kEntries	Restaurar os controles desta página? Os outros ajustes e arquivos salvos serão mantidos.	¿Restablecer los controles de esta página? Se conservan los demás ajustes y archivos guardados.	Rétablir les commandes de cette page ? Les autres réglages et fichiers enregistrés seront conservés.	
SMAA - Low	tr_widgets.cpp:kEntries	SMAA · Baixa	SMAA · Baja	SMAA · Faible	
SMAA - Medium	tr_widgets.cpp:kEntries	SMAA · Média	SMAA · Media	SMAA · Moyenne	
SMAA - High	tr_widgets.cpp:kEntries	SMAA · Alta	SMAA · Alta	SMAA · Élevée	
SMAA - Ultra	tr_widgets.cpp:kEntries	SMAA · Ultra	SMAA · Ultra	SMAA · Ultra	
SMAA - Extreme	tr_widgets.cpp:kEntries	SMAA · Extrema	SMAA · Extrema	SMAA · Extrême	
FXAA - Fast	tr_widgets.cpp:kEntries	FXAA · Rápida	FXAA · Rápida	FXAA · Rapide	
FXAA - Balanced	tr_widgets.cpp:kEntries	FXAA · Equilibrada	FXAA · Equilibrada	FXAA · Équilibrée	
FXAA - High	tr_widgets.cpp:kEntries	FXAA · Alta	FXAA · Alta	FXAA · Élevée	
FXAA - Extreme	tr_widgets.cpp:kEntries	FXAA · Extrema	FXAA · Extrema	FXAA · Extrême	
Automatic focus	tr_widgets.cpp:kEntries	Foco automático	Enfoque automático	Mise au point automatique	
Fixed focus	tr_widgets.cpp:kEntries	Foco fixo	Enfoque fijo	Mise au point fixe	
Turn off the game's Edge Smoothing	tr_widgets.cpp:kEntries	Desative a suavização de bordas do jogo	Desactiva el suavizado de bordes del juego	Désactivez le lissage des bords du jeu	
The Sims 3's Edge Smoothing prevents these enabled Apex effects from working:	tr_widgets.cpp:kEntries	A suavização de bordas do The Sims 3 impede estes efeitos ativos do Apex de funcionar:	El suavizado de The Sims 3 impide que funcionen estos efectos activos de Apex:	Le lissage des Sims 3 empêche ces effets Apex activés de fonctionner :	
How to turn it off	tr_widgets.cpp:kEntries	Como desativar	Cómo desactivarlo	Comment le désactiver	
1. Open The Sims 3 menu and choose Options > Graphics.	tr_widgets.cpp:kEntries	1. Abra o menu do The Sims 3 e entre em Opções > Gráficos.	1. Abre el menú de Los Sims 3 y entra en Opciones > Gráficos.	1. Ouvrez le menu des Sims 3, puis Options > Graphismes.	
2. Set Edge Smoothing to Off and apply the change.	tr_widgets.cpp:kEntries	2. Desative a suavização de bordas e aplique a alteração.	2. Desactiva el suavizado de bordes y aplica el cambio.	2. Désactivez le lissage des bords et appliquez le changement.	
3. Return to the game. Apex will check compatibility again.	tr_widgets.cpp:kEntries	3. Volte ao jogo. O Apex verificará a compatibilidade novamente.	3. Vuelve al juego. Apex comprobará la compatibilidad de nuevo.	3. Revenez au jeu. Apex vérifiera à nouveau la compatibilité.	
Your Apex settings are kept. This notice disappears when the conflict is resolved.	tr_widgets.cpp:kEntries	Suas configurações do Apex são mantidas. O aviso desaparece quando o conflito é resolvido.	Se mantienen tus ajustes de Apex. El aviso desaparece al resolver el conflicto.	Vos réglages Apex sont conservés. Cet avis disparaît une fois le conflit résolu.	
Advanced	tr_widgets.cpp:kEntries	Avançado	Avanzado	Avancé	
Open this page	tr_widgets.cpp:kEntries	Abrir esta página	Abrir esta página	Ouvrir cette page	
Changed from the default	tr_widgets.cpp:kEntries	Diferente do padrão	Distinto del valor predeterminado	Modifié par rapport à la valeur par défaut	
Reset to default	tr_widgets.cpp:kEntries	Voltar ao padrão	Restablecer valor predeterminado	Rétablir la valeur par défaut	
Measured cost on your GPU per frame	tr_widgets.cpp:kEntries	Custo medido na sua GPU por quadro	Costo medido en tu GPU por fotograma	Coût mesuré sur votre GPU par image	
{} turned on	tr_widgets.cpp:kEntries	{} ligado	{} activado	{} activé	{}
{} turned off	tr_widgets.cpp:kEntries	{} desligado	{} desactivado	{} désactivé	{}
{} reset	tr_widgets.cpp:kEntries	{} voltou ao padrão	{} restablecido	{} réinitialisé	{}
{} changed	tr_widgets.cpp:kEntries	{} alterado	{} cambiado	{} modifié	{}
Automatic ({})	tr_widgets.cpp:kEntries	Automático ({})	Automático ({})	Automatique ({})	{}
Language	tr_widgets.cpp:kEntries	Idioma	Idioma	Langue	
The language of this menu	tr_widgets.cpp:kEntries	O idioma deste menu	El idioma de este menú	La langue de ce menu	
Language, menu key, text size and saving	tr_widgets.cpp:kEntries	Idioma, tecla do menu, tamanho do texto e salvamento	Idioma, tecla del menú, tamaño del texto y guardado	Langue, touche du menu, taille du texte et sauvegarde	
Restarts graphics resources while keeping your settings	tr_menu.cpp:kEntries	Reinicia os recursos gráficos mantendo seus ajustes	Reinicia los recursos gráficos conservando tus ajustes	Redémarre les ressources graphiques en conservant vos réglages	
Recovery	tr_menu.cpp:kEntries	Recuperação	Recuperación	Récupération	
Restarts graphics resources while keeping your settings. This does not uninstall Apex.	tr_menu.cpp:kEntries	Reinicia os recursos gráficos mantendo seus ajustes. Isso não desinstala o Apex.	Reinicia los recursos gráficos conservando tus ajustes. No desinstala Apex.	Redémarre les ressources graphiques en conservant vos réglages. Cela ne désinstalle pas Apex.	
Restart Apex	tr_menu.cpp:kEntries	Reiniciar Apex	Reiniciar Apex	Redémarrer Apex	
Restart pending	tr_menu.cpp:kEntries	Reinicialização pendente	Reinicio pendiente	Redémarrage en attente	
Customize content	tr_menu.cpp:kEntries	Personalizar conteúdo	Personalizar contenido	Personnaliser le contenu	
Create a preset with your current settings	tr_menu.cpp:kEntries	Crie um preset com seus ajustes atuais	Crea un preajuste con tus ajustes actuales	Créez un préréglage avec vos réglages actuels	
Open a shared TOML or ZIP preset	tr_menu.cpp:kEntries	Abra um preset compartilhado em TOML ou ZIP	Abre un preajuste compartido en TOML o ZIP	Ouvrez un préréglage TOML ou ZIP partagé	
Share your preset with other players	tr_menu.cpp:kEntries	Compartilhe seu preset com outros jogadores	Comparte tu preajuste con otros jugadores	Partagez votre préréglage avec d’autres joueurs	
Current settings	tr_menu.cpp:kEntries	Configurações atuais	Ajustes actuales	Réglages actuels	
Presets	tr_menu.cpp:kEntries	Presets	Preajustes	Préréglages	
My presets	tr_menu.cpp:kEntries	Meus presets	Mis preajustes	Mes préréglages	
Apex presets	tr_menu.cpp:kEntries	Presets do Apex	Preajustes de Apex	Préréglages Apex	
Save current	tr_menu.cpp:kEntries	Salvar atual	Guardar actual	Enregistrer les réglages actuels	
Import	tr_menu.cpp:kEntries	Importar	Importar	Importer	
Export	tr_menu.cpp:kEntries	Exportar	Exportar	Exporter	
Save preset	tr_menu.cpp:kEntries	Salvar preset	Guardar preajuste	Enregistrer un préréglage	
Import preset	tr_menu.cpp:kEntries	Importar preset	Importar preajuste	Importer un préréglage	
Export preset	tr_menu.cpp:kEntries	Exportar preset	Exportar preajuste	Exporter un préréglage	
Apply preset	tr_menu.cpp:kEntries	Aplicar preset	Aplicar preajuste	Appliquer un préréglage	
Choose file	tr_menu.cpp:kEntries	Escolher arquivo	Elegir archivo	Choisir un fichier	
Preset name	tr_menu.cpp:kEntries	Nome do preset	Nombre del preajuste	Nom du préréglage	
Choose the settings to include	tr_menu.cpp:kEntries	Escolha os ajustes a incluir	Elige los ajustes que incluir	Choisissez les réglages à inclure	
Apply after import	tr_menu.cpp:kEntries	Aplicar após importar	Aplicar tras importar	Appliquer après l’importation	
No saved presets yet	tr_menu.cpp:kEntries	Nenhum preset salvo ainda	Aún no hay preajustes guardados	Aucun préréglage enregistré	
Open the presets folder	tr_menu.cpp:kEntries	Abrir a pasta de presets	Abrir la carpeta de preajustes	Ouvrir le dossier des préréglages	
Delete this preset?	tr_menu.cpp:kEntries	Excluir este preset?	¿Eliminar este preajuste?	Supprimer ce préréglage ?	
Choose a new preset name	tr_menu.cpp:kEntries	Escolha outro nome para o preset	Elige otro nombre para el preajuste	Choisissez un autre nom de préréglage	
LUTs	tr_menu.cpp:kEntries	LUTs	LUTs	LUTs	
Applies a color treatment defined in a file	tr_menu.cpp:kEntries	Aplica um tratamento de cor definido em um arquivo	Aplica un tratamiento de color definido en un archivo	Applique un traitement des couleurs défini dans un fichier	
About LUTs	tr_menu.cpp:kEntries	Sobre LUTs	Acerca de las LUT	À propos des LUT	
Preset exported	tr_menu.cpp:kEntries	Preset exportado	Preajuste exportado	Préréglage exporté	
Could not open the file dialog	tr_menu.cpp:kEntries	Não foi possível abrir a janela de arquivos	No se pudo abrir la ventana de archivos	Impossible d’ouvrir la fenêtre de fichiers	
Could not save the imported preset	tr_menu.cpp:kEntries	Não foi possível salvar o preset importado	No se pudo guardar el preajuste importado	Impossible d’enregistrer le préréglage importé	
Menu, compatibility and credits	tr_menu.cpp:kEntries	Menu, compatibilidade e créditos	Menú, compatibilidad y créditos	Menu, compatibilité et crédits	
This preset is exported as a TOML file.	tr_menu.cpp:kEntries	Este preset é exportado como um arquivo TOML.	Este preajuste se exporta como un archivo TOML.	Ce préréglage est exporté dans un fichier TOML.	
The preset and its LUT are exported together as one ZIP file.	tr_menu.cpp:kEntries	O preset e sua LUT são exportados juntos em um único ZIP.	El preajuste y su LUT se exportan juntos en un único ZIP.	Le préréglage et sa LUT sont exportés ensemble dans un seul ZIP.	
A LUT remaps colors to create a particular look. Put a 3D CUBE or PNG LUT in the LUTs folder, choose it here, then adjust Amount.	tr_menu.cpp:kEntries	Uma LUT transforma as cores para criar um visual. Coloque uma LUT CUBE 3D ou PNG na pasta LUTs, escolha aqui e ajuste a Intensidade.	Una LUT transforma los colores para crear un aspecto. Pon una LUT CUBE 3D o PNG en la carpeta LUTs, elígela aquí y ajusta la Intensidad.	Une LUT transforme les couleurs pour créer un rendu. Placez une LUT CUBE 3D ou PNG dans le dossier LUTs, sélectionnez-la ici, puis réglez l’Intensité.	
Could not export the preset. Check the selected LUT and folder access.	tr_menu.cpp:kEntries	Não foi possível exportar o preset. Confira a LUT escolhida e o acesso à pasta.	No se pudo exportar el preajuste. Comprueba la LUT seleccionada y el acceso a la carpeta.	Impossible d’exporter le préréglage. Vérifiez la LUT choisie et l’accès au dossier.	
Could not import the preset. Choose a TOML file or the original ZIP exported by Apex.	tr_menu.cpp:kEntries	Não foi possível importar o preset. Escolha um TOML ou o ZIP original exportado pelo Apex.	No se pudo importar el preajuste. Elige un TOML o el ZIP original exportado por Apex.	Impossible d’importer le préréglage. Choisissez un TOML ou le ZIP original exporté par Apex.	
Removed Temporal smoothing and Thin object detail from Ambient Occlusion	tr_menu.cpp:kEntries	Removidas Suavização temporal e Detalhe de objetos finos da Oclusão de Ambiente	Se eliminaron Suavizado temporal y Detalle de objetos finos de la oclusión ambiental	Lissage temporel et Détail des objets fins retirés de l’occlusion ambiante	
Ambient Occlusion and Sim Occlusion remain available	tr_menu.cpp:kEntries	Oclusão de Ambiente e Oclusão dos Sims continuam disponíveis	La oclusión ambiental y la oclusión de los Sims siguen disponibles	L’occlusion ambiante et celle des Sims restent disponibles	
Apply	tr_menu.cpp:kEntries	Aplicar	Aplicar	Appliquer	
Choose what to apply	tr_menu.cpp:kEntries	Escolha o que aplicar	Elige qué aplicar	Choisissez quoi appliquer	
Deletes this new capture and closes the form	tr_menu.cpp:kEntries	Exclui esta nova captura e fecha o formulário	Elimina esta nueva captura y cierra el formulario	Supprime cette nouvelle capture et ferme le formulaire	
Could not delete the capture. Check folder access and try again	tr_menu.cpp:kEntries	Não foi possível excluir a captura. Verifique o acesso à pasta e tente novamente	No se pudo eliminar la captura. Revisa el acceso a la carpeta e inténtalo de nuevo	Impossible de supprimer la capture. Vérifiez l'accès au dossier et réessayez	
Choose the settings to include in this profile.	tr_menu.cpp:kEntries	Escolha os ajustes para incluir neste perfil.	Elige los ajustes que incluir en este perfil.	Choisissez les réglages à inclure dans ce profil.	
Shortcuts are optional and start unchecked.	tr_menu.cpp:kEntries	Os atalhos são opcionais e começam desmarcados.	Los atajos son opcionales y empiezan desmarcados.	Les raccourcis sont facultatifs et initialement décochés.	
Choose a profile icon	tr_menu.cpp:kEntries	Escolher ícone do perfil	Elegir icono del perfil	Choisir une icône de profil	
Saved profiles	tr_menu.cpp:kEntries	Perfis salvos	Perfiles guardados	Profils enregistrés	
Welcome to Apex Radiance	tr_menu.cpp:kEntries	Bem-vindo ao Apex Radiance	Bienvenido a Apex Radiance	Bienvenue dans Apex Radiance	
Choose how you want to start	tr_menu.cpp:kEntries	Escolha como quer começar	Elige cómo quieres empezar	Choisissez comment commencer	
Starting profile	tr_menu.cpp:kEntries	Perfil inicial	Perfil inicial	Profil de départ	
You can switch later in Settings › Profiles	tr_menu.cpp:kEntries	Dá para trocar depois em Configurações › Perfis	Puedes cambiarlo después en Ajustes › Perfiles	Vous pourrez changer plus tard dans Paramètres › Profils	
Default	tr_menu.cpp:kEntries	Padrão	Predeterminado	Par défaut	
More FPS with lighter effects	tr_menu.cpp:kEntries	Mais FPS, com os efeitos mais leves	Más FPS con efectos más ligeros	Plus d'IPS avec des effets plus légers	
A balance of looks and speed	tr_menu.cpp:kEntries	Equilíbrio entre visual e desempenho	Equilibrio entre aspecto y rendimiento	Un équilibre entre rendu et fluidité	
The best look, for stronger PCs	tr_menu.cpp:kEntries	O melhor visual, para PCs mais fortes	El mejor aspecto, para PC más potentes	Le meilleur rendu, pour les PC plus puissants	
Keep as it is	tr_menu.cpp:kEntries	Manter como está	Dejar como está	Laisser tel quel	
Keep my settings	tr_menu.cpp:kEntries	Manter minhas configurações	Mantener mis ajustes	Garder mes réglages	
Continue	tr_menu.cpp:kEntries	Continuar	Continuar	Continuer	
Puts back the settings you had before choosing a profile	tr_menu.cpp:kEntries	Volta às configurações que você tinha antes de escolher um perfil	Vuelve a los ajustes que tenías antes de elegir un perfil	Remet les réglages que vous aviez avant de choisir un profil	
Keeps the profile you chose; Undo puts your settings back	tr_menu.cpp:kEntries	Mantém o perfil escolhido; Desfazer volta às suas configurações	Mantiene el perfil elegido; Deshacer recupera tus ajustes	Garde le profil choisi ; Annuler remet vos réglages	
Keeps your current settings	tr_menu.cpp:kEntries	Mantém suas configurações atuais	Mantiene tus ajustes actuales	Garde vos réglages actuels	
Click a profile to see it right away; change it later in Settings › Profiles	tr_menu.cpp:kEntries	Clique em um perfil para vê-lo na hora; dá para trocar depois em Configurações › Perfis	Haz clic en un perfil para verlo al momento; cámbialo luego en Ajustes › Perfiles	Cliquez sur un profil pour le voir tout de suite ; changez-le ensuite dans Réglages › Profils	
Before you play	tr_menu.cpp:kEntries	Antes de jogar	Antes de jugar	Avant de jouer	
Some game settings stop a few effects; fix them now or later in Attention	tr_menu.cpp:kEntries	Algumas configurações do jogo impedem alguns efeitos; resolva agora ou depois em Atenção	Algunos ajustes del juego impiden ciertos efectos; resuélvelos ahora o más tarde en Atención	Certains réglages du jeu bloquent des effets ; corrigez-les maintenant ou plus tard dans Attention	
Done: nothing is blocking the effects any more	tr_menu.cpp:kEntries	Pronto: nada mais impede os efeitos	Listo: ya nada impide los efectos	C'est fait : plus rien ne bloque les effets	
Choose the starting profile again	tr_menu.cpp:kEntries	Escolher o perfil inicial de novo	Elegir de nuevo el perfil inicial	Choisir à nouveau le profil de départ	
Fix later	tr_menu.cpp:kEntries	Resolver depois	Resolver después	Corriger plus tard	
Opens the Attention page; it stays in the menu until everything is fixed	tr_menu.cpp:kEntries	Abre a página Atenção; ela fica no menu até tudo ser resolvido	Abre la página Atención; sigue en el menú hasta que todo esté resuelto	Ouvre la page Attention ; elle reste dans le menu tant que tout n'est pas corrigé	
Start playing	tr_menu.cpp:kEntries	Começar a jogar	Empezar a jugar	Commencer à jouer	
Your current settings stay as they are	tr_menu.cpp:kEntries	Seus ajustes atuais continuam como estão	Tus ajustes actuales se quedan como están	Vos réglages actuels restent inchangés	
Undo puts your settings back	tr_menu.cpp:kEntries	Desfazer devolve seus ajustes anteriores	Deshacer restaura tus ajustes anteriores	Annuler rétablit vos réglages précédents	
BUILT-IN	tr_menu.cpp:kEntries	INCLUÍDOS	INCLUIDOS	INCLUS	
YOUR PROFILES	tr_menu.cpp:kEntries	SEUS PERFIS	TUS PERFILES	VOS PROFILS	
Choose which saved settings to apply	tr_menu.cpp:kEntries	Escolha quais ajustes salvos aplicar	Elige qué ajustes guardados aplicar	Choisissez les réglages enregistrés à appliquer	
Title (required)	tr_menu.cpp:kEntries	Título (obrigatório)	Título (obligatorio)	Titre (obligatoire)	
Enter a title to finish. The description is optional; your capture files are already saved.	tr_menu.cpp:kEntries	Digite um título para concluir. A descrição é opcional; os arquivos já estão salvos.	Escribe un título para finalizar. La descripción es opcional; los archivos ya están guardados.	Saisissez un titre pour terminer. La description est facultative ; les fichiers sont déjà enregistrés.	
Image	tr_menu.cpp:kEntries	Imagem	Imagen	Image	
Your individual lighting settings are active	tr_menu.cpp:kEntries	Seus ajustes individuais de iluminação estão ativos	Tus ajustes individuales de iluminación están activos	Vos réglages d'éclairage individuels sont actifs	
Press {} to save one screenshot with Apex's effects	tr_menu.cpp:kEntries	Aperte {} para salvar uma captura com os efeitos do Apex	Pulsa {} para guardar una captura con los efectos de Apex	Appuyez sur {} pour enregistrer une capture avec les effets d'Apex	{}
Save screenshots to	tr_menu.cpp:kEntries	Salvar capturas em	Guardar capturas en	Enregistrer les captures dans	
Where the filtered screenshots are saved	tr_menu.cpp:kEntries	Onde as capturas com filtros são salvas	Dónde se guardan las capturas con filtros	Où les captures filtrées sont enregistrées	
Game's Screenshots folder	tr_menu.cpp:kEntries	Pasta de capturas do jogo	Carpeta de capturas del juego	Dossier de captures du jeu	
Apex Radiance folder	tr_menu.cpp:kEntries	Pasta do Apex Radiance	Carpeta de Apex Radiance	Dossier d'Apex Radiance	
Next to the photos the game takes, in Documents > Electronic Arts > The Sims 3 > Screenshots	tr_menu.cpp:kEntries	Junto às fotos do jogo, em Documentos > Electronic Arts > The Sims 3 > Screenshots	Junto a las fotos del juego, en Documentos > Electronic Arts > The Sims 3 > Screenshots	À côté des photos du jeu, dans Documents > Electronic Arts > The Sims 3 > Screenshots	
Kept apart from the game's photos, in Documents > Electronic Arts > The Sims 3 > Apex Radiance > Screenshots	tr_menu.cpp:kEntries	Separadas das fotos do jogo, em Documentos > Electronic Arts > The Sims 3 > Apex Radiance > Screenshots	Separadas de las fotos del juego, en Documentos > Electronic Arts > The Sims 3 > Apex Radiance > Screenshots	À part des photos du jeu, dans Documents > Electronic Arts > The Sims 3 > Apex Radiance > Screenshots	
Hides the game interface for the photo, then restores it; turn off to include it	tr_menu.cpp:kEntries	Esconde a interface do jogo durante a foto e a restaura depois; desative para incluí-la	Oculta la interfaz del juego durante la foto y la restaura después; desactiva para incluirla	Masque l'interface du jeu pour la photo, puis la rétablit ; désactivez pour l'inclure	
Escape cancels the current action	tr_menu.cpp:kEntries	Esc cancela a ação atual	Esc cancela la acción actual	Échap annule l'action en cours	
Diagnostic: dumps the draw calls of 2 frames to ApexRadiance_FrameCapture.txt (shortcut in Settings > Shortcuts).	tr_menu.cpp:kEntries	Diagnóstico: grava as chamadas de desenho de 2 quadros em ApexRadiance_FrameCapture.txt (atalho em Configurações > Atalhos).	Diagnóstico: vuelca las llamadas de dibujo de 2 fotogramas a ApexRadiance_FrameCapture.txt (atajo en Ajustes > Atajos).	Diagnostic : enregistre les appels de rendu de 2 images dans ApexRadiance_FrameCapture.txt (raccourci dans Paramètres > Raccourcis).	
Some space around the focus stays sharp	tr_menu.cpp:kEntries	Um pouco ao redor do foco fica nítido	Un poco alrededor del enfoque queda nítido	Un peu d'espace autour du point net reste net	
The default; a wide sharp zone around the focus	tr_menu.cpp:kEntries	O padrão; uma zona nítida larga ao redor do foco	El predeterminado; una zona nítida amplia alrededor del enfoque	Par défaut ; une large zone nette autour du point net	
The blur starts at a middle distance	tr_menu.cpp:kEntries	O desfoque começa a uma distância média	El desenfoque empieza a una distancia media	Le flou commence à mi-distance	
The default; smoother	tr_menu.cpp:kEntries	O padrão; mais suave	El predeterminado; más suave	Par défaut ; plus doux	
Smoother still	tr_menu.cpp:kEntries	Ainda mais suave	Aún más suave	Encore plus doux	
Hide game UI in screenshots	tr_menu.cpp:kEntries	Ocultar a interface do jogo nas fotos	Ocultar la interfaz del juego en las fotos	Masquer l'interface du jeu dans les photos	
SCREENSHOTS	tr_menu.cpp:kEntries	CAPTURAS	CAPTURAS	CAPTURES	
Take a filtered screenshot	tr_menu.cpp:kEntries	Tirar uma captura com filtros	Tomar una captura con filtros	Prendre une capture avec les filtres	
Saves the finished game image after Apex's visual effects	tr_menu.cpp:kEntries	Salva a imagem final do jogo após os efeitos visuais do Apex	Guarda la imagen final del juego después de los efectos visuales de Apex	Enregistre l'image finale du jeu après les effets visuels d'Apex	
Use Apex screenshot shortcut	tr_menu.cpp:kEntries	Usar atalho de captura do Apex	Usar el atajo de captura de Apex	Utiliser le raccourci de capture d'Apex	
Replace a game key with a screenshot after Apex's visual effects	tr_menu.cpp:kEntries	Substitui uma tecla do jogo por uma captura após os efeitos visuais do Apex	Sustituye una tecla del juego por una captura después de los efectos visuales de Apex	Remplace une touche du jeu par une capture après les effets visuels d'Apex	
Hide game UI	tr_menu.cpp:kEntries	Ocultar interface do jogo	Ocultar interfaz del juego	Masquer l'interface du jeu	
Uses F10 for one frame, then restores the previous UI state	tr_menu.cpp:kEntries	Usa F10 por um quadro e restaura o estado anterior da interface	Usa F10 durante un fotograma y restaura el estado anterior de la interfaz	Utilise F10 pendant une image, puis rétablit l'état précédent de l'interface	
Screenshots are saved in your Documents game folder > Screenshots	tr_menu.cpp:kEntries	As capturas ficam na pasta do jogo em Documentos > Screenshots	Las capturas se guardan en la carpeta del juego en Documentos > Screenshots	Les captures sont enregistrées dans le dossier du jeu sous Documents > Screenshots	
Screenshot saved	tr_menu.cpp:kEntries	Foto salva	Captura de pantalla guardada	Capture d'écran enregistrée	
The screenshot could not be saved	tr_menu.cpp:kEntries	Não foi possível salvar a foto	No se pudo guardar la captura de pantalla	La capture d'écran n'a pas pu être enregistrée	
Could not create the screenshots folder	tr_menu.cpp:kEntries	Não foi possível criar a pasta de capturas	No se pudo crear la carpeta de capturas	Impossible de créer le dossier des captures	
Could not hide the game interface; screenshot was not taken	tr_menu.cpp:kEntries	Não foi possível ocultar a interface do jogo; a captura não foi feita	No se pudo ocultar la interfaz del juego; no se tomó la captura	Impossible de masquer l'interface du jeu ; la capture n'a pas été prise	
Conflicts	tr_menu.cpp:kEntries	Conflitos	Conflictos	Conflits	
Attention	tr_menu.cpp:kEntries	Atenção	Atención	Attention	
Settings outside Apex that need a look	tr_menu.cpp:kEntries	Configurações fora do Apex que precisam de atenção	Ajustes fuera de Apex que necesitan revisión	Réglages hors d'Apex à vérifier	
Nothing to fix	tr_menu.cpp:kEntries	Nada a resolver	Nada que resolver	Rien à corriger	
Saved S3SS room color	tr_menu.cpp:kEntries	Cor de cômodo salva no S3SS	Color de habitación guardado en S3SS	Couleur de pièce enregistrée dans S3SS	
S3SS keeps a fixed color for the background light in rooms (BradyBunchBlue RGB)	tr_menu.cpp:kEntries	O S3SS guarda uma cor fixa para a luz de fundo dos cômodos (BradyBunchBlue RGB)	S3SS guarda un color fijo para la luz de fondo de las habitaciones (BradyBunchBlue RGB)	S3SS garde une couleur fixe pour la lumière de fond des pièces (BradyBunchBlue RGB)	
Remove the saved color	tr_menu.cpp:kEntries	Remover a cor salva	Quitar el color guardado	Retirer la couleur enregistrée	
Copies S3SS.toml to the Apex Radiance folder and removes only that color; the rest of S3SS stays as it is	tr_menu.cpp:kEntries	Copia o S3SS.toml para a pasta do Apex Radiance e remove só essa cor; o resto do S3SS fica igual	Copia S3SS.toml a la carpeta de Apex Radiance y quita solo ese color; el resto de S3SS queda igual	Copie S3SS.toml dans le dossier d'Apex Radiance et retire seulement cette couleur ; le reste de S3SS ne change pas	
Rooms at Night already uses the game's blue in its place; removing the color also restores it while Rooms at Night is off	tr_menu.cpp:kEntries	Cômodos à noite já usa o azul do jogo no lugar dela; remover a cor também o devolve quando Cômodos à noite estiver desligado	Habitaciones de noche ya usa el azul del juego en su lugar; quitar el color también lo recupera cuando Habitaciones de noche está apagado	Pièces la nuit utilise déjà le bleu du jeu à sa place ; retirer la couleur le rétablit aussi quand Pièces la nuit est désactivé	
Two copies of the mod	tr_menu.cpp:kEntries	Duas cópias do mod	Dos copias del mod	Deux copies du mod	
An old version under the old name is installed too; only one runs, so it stays idle	tr_menu.cpp:kEntries	Uma versão antiga, com o nome anterior, também está instalada; só uma roda, então ela fica parada	También hay una versión antigua con el nombre anterior; solo una funciona, así que queda inactiva	Une ancienne version sous l'ancien nom est aussi installée ; une seule tourne, elle reste donc inactive	
With the game closed, delete {} from Game\\Bin and keep ApexRadiance.asi. This notice goes away on the next start.	tr_menu.cpp:kEntries	Com o jogo fechado, apague {} de Game\\Bin e mantenha o ApexRadiance.asi. Este aviso some no próximo início.	Con el juego cerrado, borra {} de Game\\Bin y conserva ApexRadiance.asi. Este aviso desaparece en el próximo inicio.	Jeu fermé, supprimez {} de Game\\Bin et gardez ApexRadiance.asi. Cet avis disparaît au prochain démarrage.	{}
S3SS saves its own room color; Rooms at Night replaces it (see Attention)	tr_menu.cpp:kEntries	O S3SS salva uma cor própria para os cômodos; Cômodos à noite a substitui (veja Atenção)	S3SS guarda su propio color de habitación; Habitaciones de noche lo sustituye (ver Atención)	S3SS enregistre sa propre couleur de pièce ; Pièces la nuit la remplace (voir Attention)	
Enabled settings that prevent an Apex effect from working	tr_menu.cpp:kEntries	Ajustes ativos que impedem um efeito do Apex de funcionar	Ajustes activos que impiden funcionar a un efecto de Apex	Réglages actifs qui empêchent un effet Apex de fonctionner	
No active conflicts detected	tr_menu.cpp:kEntries	Nenhum conflito ativo detectado	No se detectaron conflictos activos	Aucun conflit actif détecté	
Capture saved	tr_menu.cpp:kEntries	Captura salva	Captura guardada	Capture enregistrée	
Give it a name to find it more easily	tr_menu.cpp:kEntries	Dê um nome para encontrá-la mais facilmente	Ponle un nombre para encontrarla más fácilmente	Donnez-lui un nom pour la retrouver plus facilement	
Title (optional)	tr_menu.cpp:kEntries,tr_menu.cpp:kDirectReportEntries	Título (opcional)	Título (opcional)	Titre (facultatif)	
Description (optional)	tr_menu.cpp:kEntries	Descrição (opcional)	Descripción (opcional)	Description (facultative)	
Blank fields use the capture type and diagnostic information. Your files are already saved.	tr_menu.cpp:kEntries	Campos em branco usam o tipo da captura e as informações de diagnóstico. Seus arquivos já estão salvos.	Los campos vacíos usan el tipo de captura y la información de diagnóstico. Tus archivos ya están guardados.	Les champs vides utilisent le type de capture et les informations de diagnostic. Vos fichiers sont déjà enregistrés.	
Keep automatic details	tr_menu.cpp:kEntries	Manter dados automáticos	Mantener datos automáticos	Garder les détails automatiques	
Version {} - Developer mode	tr_menu.cpp:kEntries	Versão {} - Modo desenvolvedor	Versión {} - Modo desarrollador	Version {} - Mode développeur	{}
Enable developer mode	tr_menu.cpp:kEntries	Habilitar modo desenvolvedor	Activar modo desarrollador	Activer le mode développeur	
Advanced tools for testing and diagnostics. Requires restarting the game	tr_menu.cpp:kEntries	Ferramentas avançadas para testes e diagnóstico. Requer reiniciar o jogo	Herramientas avanzadas para pruebas y diagnóstico. Requiere reiniciar el juego	Outils avancés de test et de diagnostic. Nécessite de relancer le jeu	
Restart the game to apply the developer mode change	tr_menu.cpp:kEntries	Reinicie o jogo para aplicar a mudança do modo desenvolvedor	Reinicia el juego para aplicar el cambio del modo desarrollador	Relancez le jeu pour appliquer le changement du mode développeur	
Enable developer mode?	tr_menu.cpp:kEntries	Habilitar modo desenvolvedor?	¿Activar modo desarrollador?	Activer le mode développeur ?	
Use these tools only when you need to investigate a problem	tr_menu.cpp:kEntries	Use estas ferramentas quando precisar investigar um problema	Usa estas herramientas cuando necesites investigar un problema	Utilisez ces outils lorsque vous devez examiner un problème	
Diagnostic views can temporarily change the image. Measurements and extra checks can reduce performance while running.	tr_menu.cpp:kEntries	As visualizações de diagnóstico podem mudar a imagem temporariamente. Medições e verificações extras podem reduzir o desempenho enquanto estiverem em uso.	Las vistas de diagnóstico pueden cambiar la imagen temporalmente. Las mediciones y comprobaciones adicionales pueden reducir el rendimiento mientras estén en uso.	Les vues de diagnostic peuvent modifier temporairement l'image. Les mesures et vérifications supplémentaires peuvent réduire les performances pendant leur utilisation.	
Captures and reports may contain your settings, local file paths and details about the current game session. Review them before sharing. Nothing is sent automatically.	tr_menu.cpp:kEntries	Capturas e relatórios podem conter suas configurações, caminhos de arquivos no computador e detalhes da sessão do jogo. Revise antes de compartilhar. Nada é enviado automaticamente.	Las capturas e informes pueden contener tus ajustes, rutas de archivos locales y detalles de la sesión del juego. Revísalos antes de compartirlos. Nada se envía automáticamente.	Les captures et rapports peuvent contenir vos réglages, des chemins de fichiers locaux et des détails de la session de jeu. Vérifiez-les avant de les partager. Rien n'est envoyé automatiquement.	
Restart the game after confirming. Measurements and recordings will not start automatically when you load a profile.	tr_menu.cpp:kEntries	Reinicie o jogo após confirmar. Carregar um perfil não inicia medições nem gravações automaticamente.	Reinicia el juego tras confirmar. Cargar un perfil no inicia mediciones ni grabaciones automáticamente.	Relancez le jeu après confirmation. Charger un profil ne lance pas automatiquement de mesures ni d'enregistrements.	
Developer mode is optional. Turn it off in Settings when you have finished testing.	tr_menu.cpp:kEntries	O modo desenvolvedor é opcional. Desative em Configurações quando terminar os testes.	El modo desarrollador es opcional. Desactívalo en Configuración al terminar las pruebas.	Le mode développeur est facultatif. Désactivez-le dans Réglages lorsque vos tests sont terminés.	
Development	tr_menu.cpp:kEntries	Desenvolvimento	Desarrollo	Développement	
Files and more actions	tr_menu.cpp:kEntries	Arquivos e outras ações	Archivos y otras acciones	Fichiers et autres actions	
Manage saved captures	tr_menu.cpp:kEntries	Gerenciar capturas salvas	Gestionar capturas guardadas	Gérer les captures enregistrées	
Capture collection	tr_menu.cpp:kEntries	Coleção de capturas	Colección de capturas	Collection de captures	
Recorded problem	tr_menu.cpp:kEntries	Problema registrado	Problema registrado	Problème enregistré	
Point lighting capture	tr_menu.cpp:kEntries	Captura da luz de um ponto	Captura de luz de un punto	Capture de lumière d'un point	
Lighting overview	tr_menu.cpp:kEntries	Visão geral da iluminação	Vista general de iluminación	Vue d'ensemble de l'éclairage	
Saved report	tr_menu.cpp:kEntries	Relatório salvo	Informe guardado	Rapport enregistré	
No description yet. Add what happened so this capture is easy to find.	tr_menu.cpp:kEntries	Ainda sem descrição. Conte o que aconteceu para identificar esta captura.	Sin descripción. Cuenta qué pasó para identificar esta captura.	Sans description. Expliquez ce qui s'est passé pour identifier cette capture.	
Capture folder	tr_menu.cpp:kEntries	Pasta da captura	Carpeta de la captura	Dossier de la capture	
Your description	tr_menu.cpp:kEntries	Sua descrição	Tu descripción	Votre description	
Completed	tr_menu.cpp:kEntries	Concluído	Completado	Terminé	
Turn on Night Lights for point and room measurements	tr_menu.cpp:kEntries	Ative Night Lights para medir pontos e cômodos	Activa Night Lights para medir puntos y habitaciones	Activez Night Lights pour mesurer les points et les pièces	
Description still needed	tr_menu.cpp:kEntries	Falta descrever o problema	Falta describir el problema	Description encore nécessaire	
Stop and continue	tr_menu.cpp:kEntries	Parar e continuar	Detener y continuar	Arrêter et continuer	
Starting keeps this panel open. Return to the game whenever you need.	tr_menu.cpp:kEntries	O painel fica aberto ao iniciar. Volte ao jogo quando precisar.	El panel permanece abierto al iniciar. Vuelve al juego cuando lo necesites.	Le panneau reste ouvert au démarrage. Revenez au jeu quand vous le souhaitez.	
Repeat the problem. Recording stops automatically at 20 seconds.	tr_menu.cpp:kEntries	Repita o problema. A gravação para sozinha após 20 segundos.	Repite el problema. El registro se detiene a los 20 segundos.	Reproduisez le problème. Le relevé s'arrête après 20 secondes.	
Add evidence, then stop to describe the problem	tr_menu.cpp:kEntries	Adicione capturas e pare para descrever o problema	Añade capturas y detén el registro para describir el problema	Ajoutez des captures, puis arrêtez pour décrire le problème	
Record the problem	tr_menu.cpp:kEntries	Registre o problema	Registra el problema	Enregistrez le problème	
Show the problem in the game before you start	tr_menu.cpp:kEntries	Deixe o problema visível no jogo antes de começar	Muestra el problema en el juego antes de empezar	Affichez le problème dans le jeu avant de commencer	
Prepare the scene	tr_menu.cpp:kEntries	Prepare a cena	Prepara la escena	Préparez la scène	
{}. {}	tr_menu.cpp:kEntries	{}. {}	{}. {}	{}. {}	{} {}
Describe	tr_menu.cpp:kEntries	Descrever	Describir	Décrire	
Record	tr_menu.cpp:kEntries	Registrar	Registrar	Enregistrer	
Prepare	tr_menu.cpp:kEntries	Preparar	Preparar	Préparer	
Sims3SettingsSetter	tr_menu.cpp:kEntries	Sims3SettingsSetter	Sims3SettingsSetter	Sims3SettingsSetter	
+	tr_menu.cpp:kEntries	+	+	+	
-	tr_menu.cpp:kEntries	-	-	-	
Camera and lighting	tr_menu.cpp:kEntries	Câmera e iluminação	Cámara e iluminación	Caméra et éclairage	
Smoother movement while rooms and lots update	tr_menu.cpp:kEntries	Movimento mais suave enquanto cômodos e lotes atualizam	Movimiento más fluido mientras se actualizan habitaciones y solares	Déplacements plus fluides pendant la mise à jour des pièces et terrains	
Streaming	tr_menu.cpp:kEntries	Streaming	Streaming	Streaming	
Loads lots and new objects in smaller steps	tr_menu.cpp:kEntries	Carrega lotes e objetos novos em etapas menores	Carga solares y objetos nuevos en pasos más pequeños	Charge les terrains et nouveaux objets par étapes plus petites	
Lot detail streaming	tr_menu.cpp:kEntries	Streaming de detalhes dos lotes	Streaming de detalle de solares	Streaming détaillé des terrains	
Controls how far, how many and how smoothly lots enter full detail	tr_menu.cpp:kEntries	Controla a distância, a quantidade e a suavidade com que os lotes entram em detalhe completo	Controla la distancia, la cantidad y la fluidez con que los solares entran en detalle completo	Contrôle la distance, le nombre et la fluidité avec lesquels les terrains passent en détail complet	
Extended lot detail	tr_menu.cpp:kEntries	Detalhes estendidos dos lotes	Detalle extendido de solares	Détail étendu des terrains	
Lot Streaming	tr_menu.cpp:kEntries	Carregamento de lotes	Carga de solares	Chargement des terrains	
How far and how many lots show in full detail, and how they load	tr_menu.cpp:kEntries	Até onde e quantos lotes aparecem em detalhe total, e como carregam	Hasta dónde y cuántos solares se ven en detalle completo, y cómo cargan	Jusqu'où et combien de terrains s'affichent en détail complet, et comment ils chargent	
Lamp switches all at once	tr_menu.cpp:kEntries	Troca de luz de uma vez só	Cambio de luces de una vez	Lampes changées d'un coup	
Rooms, furniture and ground change together once the new light is ready	tr_menu.cpp:kEntries	Cômodos, móveis e chão mudam juntos quando a luz nova fica pronta	Habitaciones, muebles y suelo cambian juntos cuando la luz nueva está lista	Pièces, meubles et sol changent ensemble quand la nouvelle lumière est prête	
Quick update for lamp switches	tr_menu.cpp:kEntries	Atualização rápida ao trocar lâmpadas	Actualización rápida al cambiar lámparas	Mise à jour rapide des lampes	
Switching a lamp shows its new light at once, then refines it	tr_menu.cpp:kEntries	Acender ou apagar uma lâmpada mostra a nova luz na hora e depois a refina	Encender o apagar una lámpara muestra la nueva luz al instante y luego la refina	Allumer ou éteindre une lampe montre la nouvelle lumière tout de suite, puis l'affine	
How far, how many and how smoothly lots enter full detail	tr_menu.cpp:kEntries	Até onde, quantos e com que suavidade os lotes entram em detalhe total	Hasta dónde, cuántos y con qué suavidad los solares entran en detalle completo	Jusqu'où, combien et avec quelle douceur les terrains passent en détail complet	
More lots in full detail, farther away, than the game's 70 / 8	tr_menu.cpp:kEntries	Mais lotes em detalhe total, e mais longe, que o 70 / 8 do jogo	Más solares en detalle completo, y más lejos, que el 70 / 8 del juego	Plus de terrains en détail complet, et plus loin, que le 70 / 8 du jeu	
How far lots stay in full detail; 70 is the game's, 300 the tested maximum	tr_menu.cpp:kEntries	Até onde os lotes ficam em detalhe total; 70 é o do jogo, 300 o máximo testado	Hasta dónde los solares siguen en detalle completo; 70 es el del juego, 300 el máximo probado	Jusqu'où les terrains restent en détail complet ; 70 est la valeur du jeu, 300 le maximum testé	
How many lots can be in full detail at once; 8 is the game's, 16 the tested maximum. More lots use more memory	tr_menu.cpp:kEntries	Quantos lotes podem ficar em detalhe total ao mesmo tempo; 8 é o do jogo, 16 o máximo testado. Mais lotes usam mais memória	Cuántos solares pueden estar en detalle completo a la vez; 8 es el del juego, 16 el máximo probado. Más solares usan más memoria	Combien de terrains peuvent être en détail complet à la fois ; 8 est la valeur du jeu, 16 le maximum testé. Plus de terrains utilisent plus de mémoire	
Fewer lots switching detail back and forth while the camera moves	tr_menu.cpp:kEntries	Menos lotes trocando de detalhe para lá e para cá com a câmera em movimento	Menos solares cambiando de detalle una y otra vez con la cámara en movimiento	Moins de terrains qui changent de détail sans arrêt quand la caméra bouge	
The camera's viewing angle alone no longer makes lots load or unload	tr_menu.cpp:kEntries	Só o ângulo da câmera não faz mais lotes carregarem ou descarregarem	El ángulo de la cámara por sí solo ya no hace que los solares carguen o descarguen	L'angle de la caméra seul ne fait plus charger ni décharger les terrains	
No lot detail streaming while the map view is open; it resumes when it closes	tr_menu.cpp:kEntries	Sem carregar detalhes de lotes com a visão do mapa aberta; volta ao fechá-la	Sin cargar detalles de solares con la vista del mapa abierta; se reanuda al cerrarla	Pas de chargement du détail des terrains avec la vue de la carte ouverte ; il reprend à sa fermeture	
Spreads the work of building a lot's objects	tr_menu.cpp:kEntries	Espalha o trabalho de montar os objetos de um lote	Reparte el trabajo de construir los objetos de un solar	Répartit le travail de construction des objets d'un terrain	
Builds a lot's objects a few at a time instead of all at once	tr_menu.cpp:kEntries	Monta os objetos de um lote aos poucos em vez de todos de uma vez	Construye los objetos de un solar de a pocos en lugar de todos a la vez	Construit les objets d'un terrain quelques-uns à la fois plutôt que tous d'un coup	
Objects built for each lot per step; 2 matches Sims3SettingsSetter	tr_menu.cpp:kEntries	Objetos montados por lote a cada passo; 2 é o mesmo do Sims3SettingsSetter	Objetos construidos por solar en cada paso; 2 es lo mismo que Sims3SettingsSetter	Objets construits par terrain à chaque étape ; 2 correspond à Sims3SettingsSetter	
Minimum wait between two steps of the same lot; 16 ms matches Sims3SettingsSetter	tr_menu.cpp:kEntries	Espera mínima entre dois passos do mesmo lote; 16 ms é o mesmo do Sims3SettingsSetter	Espera mínima entre dos pasos del mismo solar; 16 ms es lo mismo que Sims3SettingsSetter	Attente minimale entre deux étapes du même terrain ; 16 ms correspond à Sims3SettingsSetter	
Uses the validated Apex range/capacity baseline instead of the game's 70 / 8	tr_menu.cpp:kEntries	Usa a distância e a capacidade validadas pelo Apex em vez do 70 / 8 do jogo	Usa la distancia y la capacidad validadas por Apex en lugar del 70 / 8 del juego	Utilise la distance et la capacité validées par Apex au lieu du 70 / 8 du jeu	
Lot detail distance	tr_menu.cpp:kEntries	Distância de detalhe dos lotes	Distancia de detalle de solares	Distance de détail des terrains	
Native WorldManager Lot LOD distance. Range 70-300; the slider snaps in 10-unit steps. Apex validated the 200 and 300 distance cutoffs in-game.	tr_menu.cpp:kEntries	Distância nativa de LOD dos lotes no WorldManager. Faixa 70-300; o controle avança de 10 em 10. O Apex validou no jogo os limites de distância 200 e 300.	Distancia LOD nativa de los solares en WorldManager. Rango 70-300; el control avanza en pasos de 10. Apex validó en el juego los límites de distancia 200 y 300.	Distance LOD native des terrains dans WorldManager. Plage 70-300 ; le curseur avance par pas de 10. Apex a validé en jeu les limites de distance 200 et 300.	
70 (game)	tr_menu.cpp:kEntries	70 (jogo)	70 (juego)	70 (jeu)	
300 (Apex)	tr_menu.cpp:kEntries	300 (Apex)	300 (Apex)	300 (Apex)	
Maximum detailed lots	tr_menu.cpp:kEntries	Máximo de lotes detalhados	Máximo de solares detallados	Nombre maximal de terrains détaillés	
Native Max Active Lots capacity. Validated range 8-16; the slider moves one lot at a time. 16 was verified at the same dense camera point that saturated at 8.	tr_menu.cpp:kEntries	Capacidade nativa de lotes ativos máximos. Faixa validada 8-16; o controle avança um lote por vez. O valor 16 foi verificado no mesmo ponto denso de câmera que saturava em 8.	Capacidad nativa de solares activos máximos. Rango validado 8-16; el control avanza un solar cada vez. El valor 16 se verificó en el mismo punto denso de cámara que se saturaba en 8.	Capacité native maximale de terrains actifs. Plage validée 8-16 ; le curseur avance d'un terrain à la fois. La valeur 16 a été vérifiée au même point de caméra dense qui saturait à 8.	
8 (game)	tr_menu.cpp:kEntries	8 (jogo)	8 (juego)	8 (jeu)	
16 (Apex)	tr_menu.cpp:kEntries	16 (Apex)	16 (Apex)	16 (Apex)	
Reduces rapid lot-detail churn while moving: native transition throttle + camera threshold 5	tr_menu.cpp:kEntries	Reduz trocas rápidas de detalhe dos lotes em movimento: controle nativo de transições + limite de câmera 5	Reduce los cambios rápidos de detalle de solares al moverse: control nativo de transiciones + umbral de cámara 5	Réduit les changements rapides de détail des terrains en mouvement : limitation native des transitions + seuil caméra 5	
Object streaming	tr_menu.cpp:kEntries	Streaming de objetos	Streaming de objetos	Streaming des objets	
Spreads object creation work after a lot begins loading	tr_menu.cpp:kEntries	Distribui a criação dos objetos depois que um lote começa a carregar	Reparte la creación de objetos después de que un solar empieza a cargarse	Répartit la création des objets après le début du chargement d'un terrain	
Extended Lot Detail	tr_menu.cpp:kEntries	Detalhes estendidos dos lotes	Detalle extendido de solares	Détail étendu des terrains	
Smooth Lot Streaming	tr_menu.cpp:kEntries	Streaming suave de lotes	Streaming fluido de solares	Streaming fluide des terrains	
Pause Lot Streaming in Map View	tr_menu.cpp:kEntries	Pausar streaming de lotes no modo mapa	Pausar el streaming de solares en vista de mapa	Suspendre le streaming des terrains en vue carte	
Spread Lot Objects While Loading	tr_menu.cpp:kEntries	Espalhar objetos dos lotes ao carregar	Distribuir objetos de los solares al cargar	Répartir les objets des terrains au chargement	
Keep Lot Visibility Stable	tr_menu.cpp:kEntries	Manter visibilidade dos lotes estável	Mantener estable la visibilidad de los solares	Stabiliser la visibilité des terrains	
Smooth lot streaming	tr_menu.cpp:kEntries	Streaming suave de lotes	Streaming fluido de solares	Streaming fluide des terrains	
Loads nearby lots into full detail gradually to reduce stutters while moving around the world	tr_menu.cpp:kEntries	Carrega lotes próximos em detalhes completos gradualmente para reduzir travadas ao se mover pelo mundo	Carga gradualmente los solares cercanos con todo su detalle para reducir tirones al moverse por el mundo	Charge progressivement les terrains proches avec tous leurs détails afin de réduire les saccades en se déplaçant dans le monde	
Handled by Sims3SettingsSetter: Apex leaves the same streaming settings untouched	tr_menu.cpp:kEntries	Gerenciado pelo Sims3SettingsSetter: o Apex não altera essas mesmas configurações de streaming	Gestionado por Sims3SettingsSetter: Apex no modifica esos mismos ajustes de streaming	Géré par Sims3SettingsSetter : Apex ne modifie pas ces mêmes réglages de streaming	
Pause lot streaming in map view	tr_menu.cpp:kEntries	Pausar streaming de lotes no modo mapa	Pausar el streaming de solares en vista de mapa	Suspendre le streaming des terrains en vue carte	
Stops lot-detail streaming while the neighborhood map is open, then resumes it after closing	tr_menu.cpp:kEntries	Interrompe o streaming de detalhes dos lotes enquanto o mapa da vizinhança está aberto e retoma ao fechar	Detiene el streaming de detalle de los solares mientras el mapa del barrio está abierto y lo reanuda al cerrarlo	Suspend le streaming détaillé des terrains pendant l'ouverture de la carte du quartier, puis le reprend à sa fermeture	
Handled by Sims3SettingsSetter: Apex leaves the map-view streaming blocker untouched	tr_menu.cpp:kEntries	Gerenciado pelo Sims3SettingsSetter: o Apex não altera o bloqueio de streaming no modo mapa	Gestionado por Sims3SettingsSetter: Apex no modifica el bloqueo de streaming en vista de mapa	Géré par Sims3SettingsSetter : Apex ne modifie pas le blocage du streaming en vue carte	
Spread lot objects while loading	tr_menu.cpp:kEntries	Espalhar objetos dos lotes ao carregar	Distribuir objetos de los solares al cargar	Répartir les objets des terrains au chargement	
Builds a lot's regular objects in small windows instead of one large burst	tr_menu.cpp:kEntries	Constrói os objetos comuns do lote em pequenas etapas em vez de uma única carga grande	Construye los objetos normales del solar en pequeñas etapas en vez de una sola carga grande	Construit les objets ordinaires d'un terrain par petites étapes au lieu d'un seul gros bloc	
Handled by Sims3SettingsSetter: Apex leaves the lot object throttle untouched	tr_menu.cpp:kEntries	Gerenciado pelo Sims3SettingsSetter: o Apex não altera o controle de objetos dos lotes	Gestionado por Sims3SettingsSetter: Apex no modifica el control de objetos de los solares	Géré par Sims3SettingsSetter : Apex ne modifie pas le contrôle des objets des terrains	
Objects per lot window	tr_menu.cpp:kEntries	Objetos por etapa do lote	Objetos por etapa del solar	Objets par étape du terrain	
Regular objects built for each lot continuation window; 2 matches Sims3SettingsSetter	tr_menu.cpp:kEntries	Objetos comuns construídos em cada etapa de continuação do lote; 2 corresponde ao Sims3SettingsSetter	Objetos normales construidos en cada etapa de continuación del solar; 2 coincide con Sims3SettingsSetter	Objets ordinaires construits à chaque étape de continuation du terrain ; 2 correspond à Sims3SettingsSetter	
Delay between lot windows	tr_menu.cpp:kEntries	Intervalo entre etapas do lote	Intervalo entre etapas del solar	Délai entre les étapes du terrain	
Minimum delay between continuation windows for the same lot; 16 ms matches Sims3SettingsSetter	tr_menu.cpp:kEntries	Intervalo mínimo entre etapas de continuação do mesmo lote; 16 ms corresponde ao Sims3SettingsSetter	Intervalo mínimo entre etapas de continuación del mismo solar; 16 ms coincide con Sims3SettingsSetter	Délai minimal entre les étapes de continuation du même terrain ; 16 ms correspond à Sims3SettingsSetter	
Loads sooner	tr_menu.cpp:kEntries	Carrega antes	Carga antes	Charge plus vite	
More spread	tr_menu.cpp:kEntries	Mais distribuído	Más distribuido	Plus réparti	
Use LoD active-lot threshold 12	tr_menu.cpp:kEntries	Usar limite LoD de 12 lotes ativos	Usar límite LoD de 12 solares activos	Utiliser le seuil LoD de 12 terrains actifs	
Sets the internal lot-streaming transition threshold to 12; this does not change the game's Max Active Lots option	tr_menu.cpp:kEntries	Define como 12 o limite interno das transições de streaming de lotes; isso não altera a opção Máximo de lotes ativos do jogo	Establece en 12 el límite interno de las transiciones de streaming de solares; no cambia la opción Máximo de solares activos del juego	Fixe à 12 le seuil interne des transitions de streaming des terrains ; cela ne modifie pas l'option Nombre maximal de terrains actifs du jeu	
Handled by Sims3SettingsSetter: Apex leaves the LoD active-lot threshold untouched	tr_menu.cpp:kEntries	Gerenciado pelo Sims3SettingsSetter: o Apex não altera o limite LoD de lotes ativos	Gestionado por Sims3SettingsSetter: Apex no modifica el límite LoD de solares activos	Géré par Sims3SettingsSetter : Apex ne modifie pas le seuil LoD des terrains actifs	
Keep lot visibility stable	tr_menu.cpp:kEntries	Manter visibilidade dos lotes estável	Mantener estable la visibilidad de los solares	Stabiliser la visibilité des terrains	
Stops camera viewing angle alone from making lots load or unload	tr_menu.cpp:kEntries	Evita que apenas o ângulo da câmera faça lotes carregarem ou descarregarem	Evita que solo el ángulo de la cámara haga que los solares se carguen o descarguen	Empêche le seul angle de caméra de provoquer le chargement ou le déchargement des terrains	
Handled by Sims3SettingsSetter: Apex leaves the lot visibility override untouched	tr_menu.cpp:kEntries	Gerenciado pelo Sims3SettingsSetter: o Apex não altera o controle de visibilidade dos lotes	Gestionado por Sims3SettingsSetter: Apex no modifica el control de visibilidad de los solares	Géré par Sims3SettingsSetter : Apex ne modifie pas le contrôle de visibilité des terrains	
Already applied by another patch: Apex leaves the existing visibility override untouched	tr_menu.cpp:kEntries	Já aplicado por outro patch: o Apex mantém o controle de visibilidade existente sem alterações	Ya aplicado por otro parche: Apex deja sin cambios el control de visibilidad existente	Déjà appliqué par un autre patch : Apex laisse le contrôle de visibilité existant inchangé	
Files and objects	tr_menu.cpp:kEntries	Arquivos e objetos	Archivos y objetos	Fichiers et objets	
Less repeated searching as content loads	tr_menu.cpp:kEntries	Menos buscas repetidas ao carregar conteúdo	Menos búsquedas repetidas al cargar contenido	Moins de recherches répétées au chargement du contenu	
Textures and Sims	tr_menu.cpp:kEntries	Texturas e Sims	Texturas y Sims	Textures et Sims	
Fewer pauses when textures and Sims are built	tr_menu.cpp:kEntries	Menos pausas ao preparar texturas e Sims	Menos pausas al preparar texturas y Sims	Moins de pauses lors de la préparation des textures et Sims	
Memory handling	tr_menu.cpp:kEntries	Gerenciamento de memória	Gestión de memoria	Gestion de la mémoire	
Less overhead when the game creates temporary data	tr_menu.cpp:kEntries	Menos trabalho ao criar dados temporários do jogo	Menos trabajo al crear datos temporales del juego	Moins de travail lors de la création de données temporaires	
Overview	tr_menu.cpp:kEntries	Visão geral	Resumen	Vue d'ensemble	
Everything at a glance; click a name to open its page	tr_menu.cpp:kEntries	Tudo num relance; clique num nome para abrir a página	Todo de un vistazo; haz clic en un nombre para abrir su página	Tout en un coup d'œil ; cliquez sur un nom pour ouvrir sa page	
WORLD	tr_menu.cpp:kEntries	MUNDO	MUNDO	MONDE	
IMAGE	tr_menu.cpp:kEntries	IMAGEM	IMAGEN	IMAGE	
SYSTEM	tr_menu.cpp:kEntries	SISTEMA	SISTEMA	SYSTÈME	
Lighting	tr_menu.cpp:kEntries	Iluminação	Iluminación	Éclairage	
Warm lamp light around your lots at night	tr_menu.cpp:kEntries	Luz quente das lâmpadas nos seus lotes à noite	Luz cálida de lámparas en tus solares de noche	Une lumière chaude de lampes autour de vos terrains la nuit	
Lamps	tr_menu.cpp:kEntries	Lâmpadas	Lámparas	Lampes	
Ground	tr_menu.cpp:kEntries	Chão	Suelo	Sol	
Water & Snow	tr_menu.cpp:kEntries	Água e Neve	Agua y Nieve	Eau et Neige	
Pond lighting, water reflections and sidewalk snow	tr_menu.cpp:kEntries	Luz nos lagos, reflexos na água e neve nas calçadas	Luz en los estanques, reflejos en el agua y nieve en las aceras	Éclairage des étangs, reflets de l’eau et neige sur les trottoirs	
Water	tr_menu.cpp:kEntries	Água	Agua	Eau	
How the game's picture looks	tr_menu.cpp:kEntries	Como fica a imagem do jogo	Cómo se ve la imagen del juego	L'aspect de l'image du jeu	
Depth Blur	tr_menu.cpp:kEntries,tr_image.cpp:kEntries	Desfoque de Profundidade	Desenfoque de Profundidad	Flou de Profondeur	
Softly blurs the distant background	tr_menu.cpp:kEntries	Desfoca suavemente o fundo distante	Desenfoca suavemente el fondo lejano	Floute doucement l'arrière-plan lointain	
Ambient Occlusion	tr_menu.cpp:kEntries	Oclusão de Ambiente	Oclusión Ambiental	Occlusion Ambiante	
Soft shade where things meet	tr_menu.cpp:kEntries	Sombra suave onde as coisas se encontram	Sombra suave donde las cosas se juntan	Une ombre douce là où les choses se rencontrent	
Display	tr_menu.cpp:kEntries	Tela	Pantalla	Affichage	
The game window and smooth edges	tr_menu.cpp:kEntries	A janela do jogo e bordas suaves	La ventana del juego y bordes suaves	La fenêtre du jeu et des bords lisses	
Window	tr_menu.cpp:kEntries	Janela	Ventana	Fenêtre	
Anti-aliasing	tr_menu.cpp:kEntries	Suavização de Bordas	Suavizado de Bordes	Lissage des Bords	
Performance	tr_menu.cpp:kEntries	Desempenho	Rendimiento	Performances	
Fewer stutters while you play	tr_menu.cpp:kEntries	Menos travadas enquanto você joga	Menos tirones mientras juegas	Moins de saccades pendant que vous jouez	
Settings	tr_menu.cpp:kEntries	Configurações	Ajustes	Paramètres	
Menu, profiles, compatibility and credits	tr_menu.cpp:kEntries	Menu, perfis, compatibilidade e créditos	Menú, perfiles, compatibilidad y créditos	Menu, profils, compatibilité et crédits	
Menu	tr_menu.cpp:kEntries	Menu	Menú	Menu	
Profiles	tr_menu.cpp:kEntries	Perfis	Perfiles	Profils	
Compatibility	tr_menu.cpp:kEntries	Compatibilidade	Compatibilidad	Compatibilité	
About	tr_menu.cpp:kEntries	Sobre	Acerca de	À propos	
Expand the sidebar	tr_menu.cpp:kEntries	Expandir a barra lateral	Expandir la barra lateral	Déplier la barre latérale	
Collapse the sidebar	tr_menu.cpp:kEntries	Recolher a barra lateral	Contraer la barra lateral	Replier la barre latérale	
for The Sims 3	tr_menu.cpp:kEntries	para The Sims 3	para Los Sims 3	pour Les Sims 3	
Search settings	tr_menu.cpp:kEntries	Buscar configurações	Buscar ajustes	Rechercher un paramètre	
Clear the search (Esc)	tr_menu.cpp:kEntries	Limpar a busca (Esc)	Borrar la búsqueda (Esc)	Effacer la recherche (Esc)	
Night	tr_menu.cpp:kEntries	Noite	Noche	Nuit	
Day	tr_menu.cpp:kEntries	Dia	Día	Jour	
How dark the game thinks it is: {:.2f} (0 is day, 1 is night)	tr_menu.cpp:kEntries	Quão escuro o jogo acha que está: {:.2f} (0 é dia, 1 é noite)	Qué tan oscuro cree el juego que está: {:.2f} (0 es día, 1 es noche)	Obscurité selon le jeu : {:.2f} (0 = jour, 1 = nuit)	{:.2f}
Frame time and frame rate, averaged over recent frames	tr_menu.cpp:kEntries	Tempo de quadro e quadros por segundo, na média dos últimos quadros	Tiempo de fotograma y fotogramas por segundo, promedio de los últimos fotogramas	Temps d'image et images par seconde, en moyenne sur les dernières images	
Close (Esc); {} opens it again	tr_menu.cpp:kEntries	Fechar (Esc); {} abre de novo	Cerrar (Esc); {} lo vuelve a abrir	Fermer (Esc) ; {} le rouvre	{}
Saving…	tr_menu.cpp:kEntries	Salvando…	Guardando…	Enregistrement…	
All changes saved	tr_menu.cpp:kEntries	Todas as mudanças salvas	Todos los cambios guardados	Toutes les modifications enregistrées	
Sims3SettingsSetter detected	tr_menu.cpp:kEntries	Sims3SettingsSetter detectado	Sims3SettingsSetter detectado	Sims3SettingsSetter détecté	
Sims3SettingsSetter not installed	tr_menu.cpp:kEntries	Sims3SettingsSetter não instalado	Sims3SettingsSetter no instalado	Sims3SettingsSetter non installé	
Undo	tr_menu.cpp:kEntries	Desfazer	Deshacer	Annuler	
Search	tr_menu.cpp:kEntries	Busca	Búsqueda	Recherche	
Settings that match; click a page name to open it	tr_menu.cpp:kEntries	Configurações encontradas; clique no nome de uma página para abri-la	Ajustes que coinciden; haz clic en el nombre de una página para abrirla	Paramètres correspondants ; cliquez sur le nom d'une page pour l'ouvrir	
No settings match "{}"	tr_menu.cpp:kEntries	Nenhuma configuração corresponde a "{}"	Ningún ajuste coincide con "{}"	Aucun paramètre ne correspond à "{}"	{}
Water Reflections	tr_menu.cpp:kEntries	Reflexos na Água	Reflejos en el Agua	Reflets dans l'Eau	
Ponds and lakes mirror the trees, houses and lamps along their shore, on top of the game's sky reflection. Needs Night Lights and Depth Blur, with the game's own Edge Smoothing off. Part of Apex Radiance. Credits: @loinyx	tr_menu.cpp:kEntries	Lagos e lagoas refletem as árvores, casas e lâmpadas da margem, além do reflexo do céu do jogo. Precisa de Luzes Noturnas e Desfoque de Profundidade, com a Suavização de Bordas do próprio jogo desligada. Parte do Apex Radiance. Créditos: @loinyx	Estanques y lagos reflejan los árboles, casas y lámparas de la orilla, además del reflejo del cielo del juego. Necesita Luces Nocturnas y Desenfoque de Profundidad, con el Suavizado de Bordes del propio juego desactivado. Parte de Apex Radiance. Créditos: @loinyx	Les étangs et les lacs reflètent les arbres, maisons et lampes de leur rive, en plus du reflet du ciel du jeu. Nécessite Lumières Nocturnes et Flou de Profondeur, avec le lissage des bords du jeu désactivé. Fait partie d'Apex Radiance. Crédits : @loinyx	
Error: {}	tr_menu.cpp:kEntries	Erro: {}	Error: {}	Erreur : {}	{}
Starting…	tr_menu.cpp:kEntries	Iniciando…	Iniciando…	Démarrage…	
Turn on Night Lights to adjust {}	tr_menu.cpp:kEntries	Ligue as Luzes Noturnas para ajustar {}	Activa las Luces Nocturnas para ajustar {}	Activez les Lumières Nocturnes pour régler {}	{}
the ground and lots	tr_menu.cpp:kEntries	o chão e os lotes	el suelo y los solares	le sol et les terrains	
objects	tr_menu.cpp:kEntries	os objetos	los objetos	les objets	
walls and roofs	tr_menu.cpp:kEntries	as paredes e os telhados	las paredes y los techos	les murs et les toits	
walls, roofs and rooms	tr_menu.cpp:kEntries	as paredes, os telhados e os cômodos	las paredes, los techos y las habitaciones	les murs, les toits et les pièces	
the stories	tr_menu.cpp:kEntries	os andares	los pisos	les étages	
snow	tr_menu.cpp:kEntries	a neve	la nieve	la neige	
Turn on Night Lights	tr_menu.cpp:kEntries	Ligar Luzes Noturnas	Activar Luces Nocturnas	Activer les Lumières Nocturnes	
Night Lights turned on	tr_menu.cpp:kEntries	Luzes Noturnas ligadas	Luces Nocturnas activadas	Lumières Nocturnes activées	
Turn on Depth Blur	tr_menu.cpp:kEntries	Ligar Desfoque de Profundidade	Activar Desenfoque de Profundidad	Activer le Flou de Profondeur	
Depth Blur turned on	tr_menu.cpp:kEntries	Desfoque de Profundidade ligado	Desenfoque de Profundidad activado	Flou de Profondeur activé	
Lamps light the ground, objects, walls, roofs, water and snow	tr_menu.cpp:kEntries	Lâmpadas iluminam chão, objetos, paredes, telhados, água e neve	Las lámparas iluminan suelo, objetos, paredes, techos, agua y nieve	Les lampes éclairent le sol, les objets, les murs, les toits, l'eau et la neige	
Turn on Night Lights, then fine-tune each part in the tabs above	tr_menu.cpp:kEntries	Ligue as Luzes Noturnas e ajuste cada parte nas abas acima	Activa las Luces Nocturnas y ajusta cada parte en las pestañas de arriba	Activez les Lumières Nocturnes, puis réglez chaque partie dans les onglets ci-dessus	
Upper floors light the ground	tr_menu.cpp:kEntries	Andares de cima iluminam o chão	Los pisos superiores iluminan el suelo	Les étages éclairent le sol	
Lamps upstairs also light the yard below	tr_menu.cpp:kEntries	Lâmpadas no andar de cima também iluminam o quintal abaixo	Las lámparas de arriba también iluminan el jardín de abajo	Les lampes à l'étage éclairent aussi le jardin en dessous	
Ponds mirror trees, houses and lamps	tr_menu.cpp:kEntries	Lagos refletem árvores, casas e lâmpadas	Los estanques reflejan árboles, casas y lámparas	Les étangs reflètent arbres, maisons et lampes	
Needs Night Lights (Lighting page)	tr_menu.cpp:kEntries	Precisa de Luzes Noturnas (página Iluminação)	Necesita Luces Nocturnas (página Iluminación)	Nécessite Lumières Nocturnes (page Éclairage)	
Needs Depth Blur (Depth Blur page)	tr_menu.cpp:kEntries	Precisa de Desfoque de Profundidade (página Desfoque de Profundidade)	Necesita Desenfoque de Profundidad (página Desenfoque de Profundidad)	Nécessite Flou de Profondeur (page Flou de Profondeur)	
Reflection brightness	tr_menu.cpp:kEntries	Brilho do reflexo	Brillo del reflejo	Luminosité du reflet	
How strong the reflection is; 156% is the default	tr_menu.cpp:kEntries	A intensidade do reflexo; 156% é o padrão	La intensidad del reflejo; 156% es el valor predeterminado	L'intensité du reflet ; 156 % par défaut	
Lamp glow on ponds needs Night Lights	tr_menu.cpp:kEntries	O brilho das lâmpadas nos lagos precisa de Luzes Noturnas	El resplandor de lámparas en los estanques necesita Luces Nocturnas	La lueur des lampes sur les étangs nécessite les Lumières Nocturnes	
For {}, turn off the game's own Edge Smoothing (Options › Graphics)	tr_menu.cpp:kEntries	Para usar {}, desligue a Suavização de Bordas do próprio jogo (Opções › Gráficos)	Para usar {}, desactiva el Suavizado de Bordes del propio juego (Opciones › Gráficos)	Pour utiliser {}, désactivez le lissage des bords du jeu lui-même (Options › Graphismes)	{}
Like a camera focused on what you look at	tr_menu.cpp:kEntries	Como uma câmera focada no que você olha	Como una cámara enfocada en lo que miras	Comme une caméra qui fait la mise au point sur ce que vous regardez	
Soft shade under furniture, in corners and around houses	tr_menu.cpp:kEntries	Sombra suave sob os móveis, nos cantos e em volta das casas	Sombra suave bajo los muebles, en las esquinas y alrededor de las casas	Une ombre douce sous les meubles, dans les coins et autour des maisons	
Heavier on the graphics card than other effects: lower the Quality if the game slows down	tr_menu.cpp:kEntries	Pesa mais na placa de vídeo que os outros efeitos: diminua a Qualidade se o jogo ficar lento	Pesa más en la tarjeta gráfica que los otros efectos: baja la Calidad si el juego se vuelve lento	Plus lourd pour la carte graphique que les autres effets : baissez la Qualité si le jeu ralentit	
Borderless	tr_menu.cpp:kEntries	Sem bordas	Sin bordes	Sans bordure	
Play without a title bar or frame	tr_menu.cpp:kEntries	Jogue sem barra de título nem moldura	Juega sin barra de título ni marco	Jouez sans barre de titre ni cadre	
Edge Smoothing	tr_menu.cpp:kEntries	Suavização de Bordas	Suavizado de Bordes	Lissage des Bords	
Clean edges on the world; menus stay sharp	tr_menu.cpp:kEntries	Bordas limpas no mundo; os menus continuam nítidos	Bordes limpios en el mundo; los menús siguen nítidos	Des bords propres dans le monde ; les menus restent nets	
Lamps light up your neighborhood at night	tr_menu.cpp:kEntries	Lâmpadas iluminam seu bairro à noite	Las lámparas iluminan tu barrio de noche	Les lampes éclairent votre quartier la nuit	
Needs Night Lights	tr_menu.cpp:kEntries	Precisa de Luzes Noturnas	Necesita Luces Nocturnas	Nécessite Lumières Nocturnes	
Needs Depth Blur	tr_menu.cpp:kEntries	Precisa de Desfoque de Profundidade	Necesita Desenfoque de Profundidad	Nécessite Flou de Profondeur	
Ponds mirror their shore	tr_menu.cpp:kEntries	Lagos refletem a margem	Los estanques reflejan la orilla	Les étangs reflètent leur rive	
Brightness, color and sharpness	tr_menu.cpp:kEntries	Brilho, cor e nitidez	Brillo, color y nitidez	Luminosité, couleur et netteté	
Play without a window frame	tr_menu.cpp:kEntries	Jogue sem moldura de janela	Juega sin marco de ventana	Jouez sans cadre de fenêtre	
Fullscreen	tr_menu.cpp:kEntries	Tela cheia	Pantalla completa	Plein écran	
Off	tr_menu.cpp:kEntries	Desligado	Desactivado	Désactivé	
Clean, smooth edges on the world	tr_menu.cpp:kEntries	Bordas limpas e suaves no mundo	Bordes limpios y suaves en el mundo	Des bords nets et lisses dans le monde	
Faster File Lookups	tr_menu.cpp:kEntries	Busca de Arquivos Mais Rápida	Búsqueda de Archivos Más Rápida	Recherche de Fichiers Plus Rapide	
Fewer small stutters when things load	tr_menu.cpp:kEntries	Menos travadas pequenas ao carregar coisas	Menos tirones pequeños al cargar cosas	Moins de petites saccades pendant les chargements	
Faster Room Lighting	tr_menu.cpp:kEntries	Iluminação dos Cômodos Mais Rápida	Iluminación de Habitaciones Más Rápida	Éclairage des Pièces Plus Rapide	
Rooms light up sooner on lots and floors	tr_menu.cpp:kEntries	Os cômodos acendem mais rápido nos lotes e andares	Las habitaciones se iluminan antes en solares y pisos	Les pièces s'éclairent plus vite sur les terrains et les étages	
Faster room lighting	tr_menu.cpp:kEntries	Iluminação dos cômodos mais rápida	Iluminación de habitaciones más rápida	Éclairage des pièces plus rapide	
Rooms light up sooner when you enter a lot or change floors	tr_menu.cpp:kEntries	Os cômodos acendem mais rápido quando você entra num lote ou troca de andar	Las habitaciones se iluminan antes al entrar en un solar o cambiar de piso	Les pièces s'éclairent plus vite quand vous entrez sur un terrain ou changez d'étage	
Lot Lighting While Moving	tr_menu.cpp:kEntries	Iluminação dos Lotes em Movimento	Iluminación de Solares en Movimiento	Éclairage des Terrains en Mouvement	
Lots relight in small steps as you pan	tr_menu.cpp:kEntries	Os lotes reacendem aos poucos enquanto você move a câmera	Los solares se iluminan poco a poco mientras mueves la cámara	Les terrains se rééclairent peu à peu pendant que vous déplacez la caméra	
All effects	tr_menu.cpp:kEntries	Todos os efeitos	Todos los efectos	Tous les effets	
All effects are on	tr_menu.cpp:kEntries	Todos os efeitos estão ligados	Todos los efectos están activados	Tous les effets sont activés	
Some effects are on	tr_menu.cpp:kEntries	Alguns efeitos estão ligados	Algunos efectos están activados	Certains effets sont activés	
All effects are off	tr_menu.cpp:kEntries	Todos os efeitos estão desligados	Todos los efectos están desactivados	Tous les effets sont désactivés	
Turn all effects on or off together	tr_menu.cpp:kEntries	Ligue ou desligue todos os efeitos de uma vez	Activa o desactiva todos los efectos a la vez	Activez ou désactivez tous les effets à la fois	
One switch for all 15 performance options	tr_menu.cpp:kEntries	Um único controle para as 15 opções de desempenho	Un solo control para las 15 opciones de rendimiento	Un seul interrupteur pour les 15 options de performance	
Recommended: Sims3SettingsSetter	tr_menu.cpp:kEntries	Recomendado: Sims3SettingsSetter	Recomendado: Sims3SettingsSetter	Recommandé : Sims3SettingsSetter	
Apex Radiance works on its own, but it pairs well with Sims3SettingsSetter by sims3fiend: a frame rate limiter, fewer stutters and many extra game settings.	tr_menu.cpp:kEntries	Apex Radiance funciona sozinho, mas combina bem com o Sims3SettingsSetter, do sims3fiend: limitador de quadros por segundo, menos travadas e muitas configurações extras do jogo.	Apex Radiance funciona por sí solo, pero combina bien con Sims3SettingsSetter de sims3fiend: limitador de fotogramas por segundo, menos tirones y muchos ajustes extra del juego.	Apex Radiance fonctionne seul, mais s'associe bien à Sims3SettingsSetter de sims3fiend : limiteur d'images par seconde, moins de saccades et de nombreux réglages de jeu en plus.	
Download	tr_menu.cpp:kEntries	Baixar	Descargar	Télécharger	
Opens the Sims3SettingsSetter releases page on GitHub in your browser	tr_menu.cpp:kEntries	Abre a página de versões do Sims3SettingsSetter no GitHub no seu navegador	Abre la página de versiones de Sims3SettingsSetter en GitHub en tu navegador	Ouvre la page des versions de Sims3SettingsSetter sur GitHub dans votre navigateur	
Don't show again	tr_menu.cpp:kEntries	Não mostrar de novo	No volver a mostrar	Ne plus afficher	
Experimental	tr_menu.cpp:kEntries	Experimental	Experimental	Expérimental	
Still being tested: if anything looks wrong or the game crashes, turn it off	tr_menu.cpp:kEntries	Ainda em teste: se algo parecer errado ou o jogo fechar, desligue	Aún en pruebas: si algo se ve mal o el juego se cierra, desactívalo	Encore en test : si quelque chose semble anormal ou si le jeu plante, désactivez-le	
Faster game file lookups	tr_menu.cpp:kEntries	Busca mais rápida de arquivos do jogo	Búsqueda más rápida de archivos del juego	Recherche plus rapide des fichiers du jeu	
Fewer small stutters when objects and textures load	tr_menu.cpp:kEntries	Menos travadas pequenas ao carregar objetos e texturas	Menos tirones pequeños al cargar objetos y texturas	Moins de petites saccades au chargement des objets et des textures	
Remember missing files	tr_menu.cpp:kEntries	Lembrar arquivos ausentes	Recordar archivos ausentes	Mémoriser les fichiers manquants	
Skips repeated searches for files no package has	tr_menu.cpp:kEntries	Evita buscar de novo arquivos que nenhum pacote tem	Evita repetir búsquedas de archivos que ningún paquete tiene	Évite de rechercher à nouveau des fichiers qu'aucun package ne contient	
Faster file lists	tr_menu.cpp:kEntries	Listas de arquivos mais rápidas	Listas de archivos más rápidas	Listes de fichiers plus rapides	
Fewer stutters when Sims load outfits and shapes	tr_menu.cpp:kEntries	Menos travadas quando Sims carregam roupas e formas	Menos tirones cuando los Sims cargan ropa y formas	Moins de saccades quand les Sims chargent tenues et formes	
Spread lot lighting while moving	tr_menu.cpp:kEntries	Distribuir a iluminação dos lotes em movimento	Repartir la iluminación de solares en movimiento	Étaler l'éclairage des terrains en mouvement	
Lots relight in small steps while the camera moves	tr_menu.cpp:kEntries	Os lotes reacendem aos poucos enquanto a câmera se move	Los solares se iluminan poco a poco mientras la cámara se mueve	Les terrains se rééclairent peu à peu pendant que la caméra bouge	
The current lot's time per frame while moving; 3 ms is the default	tr_menu.cpp:kEntries	Tempo por quadro do lote atual em movimento; 3 ms é o padrão	Tiempo por fotograma del solar actual en movimiento; 3 ms es el valor predeterminado	Temps par image du terrain actuel en mouvement ; 3 ms par défaut	
Smoother	tr_menu.cpp:kEntries,tr_image.cpp:kEntries	Mais suave	Más suave	Plus doux	
Lights sooner	tr_menu.cpp:kEntries	Acende antes	Ilumina antes	Éclaire plus tôt	
Lot lighting time while moving	tr_menu.cpp:kEntries	Tempo de iluminação do lote em movimento	Tiempo de iluminación del solar en movimiento	Temps d'éclairage du terrain en mouvement	
Wall shading waits while moving	tr_menu.cpp:kEntries	Sombreamento das paredes só ao parar	Sombreado de paredes al detenerte	Ombrage des murs à l'arrêt	
Walls of new lots get their shading when you stop	tr_menu.cpp:kEntries	Paredes de lotes novos ganham sombreamento quando você para	Las paredes de solares nuevos reciben su sombreado al detenerte	Les murs des nouveaux terrains reçoivent leur ombrage à l'arrêt	
Faster texture compression	tr_menu.cpp:kEntries	Compressão de texturas mais rápida	Compresión de texturas más rápida	Compression des textures plus rapide	
Fewer hitches when the game builds terrain, Sim and lot textures	tr_menu.cpp:kEntries	Menos travadas quando o jogo cria texturas de terreno, Sims e lotes	Menos tirones cuando el juego crea texturas de terreno, Sims y solares	Moins de saccades quand le jeu crée les textures du relief, des Sims et des terrains	
Use several cores	tr_menu.cpp:kEntries	Usar vários núcleos	Usar varios núcleos	Utiliser plusieurs cœurs	
Large textures are shared out over several processor cores, with the same result	tr_menu.cpp:kEntries	Texturas grandes são divididas entre vários núcleos do processador, com o mesmo resultado	Las texturas grandes se reparten entre varios núcleos del procesador, con el mismo resultado	Les grandes textures sont réparties sur plusieurs cœurs du processeur, avec le même résultat	
Faster cache compression	tr_menu.cpp:kEntries	Compressão de cache mais rápida	Compresión de caché más rápida	Compression du cache plus rapide	
Fewer hitches when the game stores Sims and objects in its caches	tr_menu.cpp:kEntries	Menos travadas quando o jogo guarda Sims e objetos nos caches	Menos tirones cuando el juego guarda Sims y objetos en sus cachés	Moins de saccades quand le jeu stocke Sims et objets dans ses caches	
Faster Sim building	tr_menu.cpp:kEntries	Montagem de Sims mais rápida	Construcción de Sims más rápida	Construction des Sims plus rapide	
Fewer hitches when Sims are edited or change outfits	tr_menu.cpp:kEntries	Menos travadas ao editar Sims ou quando trocam de roupa	Menos tirones al editar Sims o cuando cambian de ropa	Moins de saccades quand on modifie les Sims ou qu'ils changent de tenue	
Faster memory handling	tr_menu.cpp:kEntries	Gerenciamento de memória mais rápido	Gestión de memoria más rápida	Gestion de la mémoire plus rapide	
Less waiting when the game hands out and frees memory	tr_menu.cpp:kEntries	Menos espera quando o jogo reserva e libera memória	Menos esperas cuando el juego reserva y libera memoria	Moins d'attente quand le jeu réserve et libère de la mémoire	
Room to save	tr_menu.cpp:kEntries	Espaço para salvar	Espacio para guardar	Place pour sauvegarder	
Game and scripts	tr_menu.cpp:kEntries	Jogo e scripts	Juego y scripts	Jeu et scripts	
Less work for the game every frame	tr_menu.cpp:kEntries	Menos trabalho para o jogo a cada quadro	Menos trabajo para el juego en cada fotograma	Moins de travail pour le jeu à chaque image	
Lighter window updates	tr_menu.cpp:kEntries	Atualização de janela mais leve	Actualización de ventana más ligera	Mise à jour de la fenêtre plus légère	
The game stops repainting its own window every frame	tr_menu.cpp:kEntries	O jogo para de repintar a própria janela a cada quadro	El juego deja de repintar su propia ventana en cada fotograma	Le jeu ne repeint plus sa propre fenêtre à chaque image	
Faster scripts	tr_menu.cpp:kEntries	Scripts mais rápidos	Scripts más rápidos	Scripts plus rapides	
The game's scripts compare numbers and look up types with less work	tr_menu.cpp:kEntries	Os scripts do jogo comparam números e consultam tipos com menos trabalho	Los scripts del juego comparan números y consultan tipos con menos trabajo	Les scripts du jeu comparent des nombres et consultent des types avec moins de travail	
Keeps free memory for saving (Error 12) and drops unused game files when memory runs low	tr_menu.cpp:kEntries	Guarda memória livre para salvar (Erro 12) e descarta arquivos do jogo sem uso quando a memória aperta	Guarda memoria libre para guardar (Error 12) y descarta archivos del juego sin uso cuando falta memoria	Garde de la mémoire libre pour sauvegarder (Erreur 12) et libère les fichiers inutilisés du jeu quand la mémoire manque	
Faster object lookups	tr_menu.cpp:kEntries	Busca de objetos mais rápida	Búsqueda de objetos más rápida	Recherche d'objets plus rapide	
Fewer hitches when lot lights update; less script work	tr_menu.cpp:kEntries	Menos travadas quando as luzes do lote atualizam; menos trabalho de script	Menos tirones al actualizarse las luces del solar; menos trabajo de scripts	Moins de saccades quand les lumières du terrain se mettent à jour ; moins de travail de script	
Menu key	tr_menu.cpp:kEntries	Tecla do menu	Tecla del menú	Touche du menu	
Opens and closes this menu	tr_menu.cpp:kEntries	Abre e fecha este menu	Abre y cierra este menú	Ouvre et ferme ce menu	
Change	tr_menu.cpp:kEntries	Alterar	Cambiar	Modifier	
Any key, with Ctrl, Shift or Alt if you like; Insert alone is taken by another mod's menu	tr_menu.cpp:kEntries	Qualquer tecla, com Ctrl, Shift ou Alt se quiser; Insert sozinho é usado pelo menu de outro mod	Cualquier tecla, con Ctrl, Shift o Alt si quieres; Insert solo lo usa el menú de otro mod	N'importe quelle touche, avec Ctrl, Maj ou Alt ; Insert seul est pris par le menu d'un autre mod	
Press a key (Esc cancels)	tr_menu.cpp:kEntries	Aperte uma tecla (Esc cancela)	Pulsa una tecla (Esc cancela)	Appuyez sur une touche (Esc annule)	
Choose your shortcuts	tr_menu.cpp:kEntries	Escolha seus atalhos	Elige tus atajos	Choisissez vos raccourcis	
Recommended for Apex Radiance	tr_menu.cpp:kEntries	Recomendado para o Apex Radiance	Recomendado para Apex Radiance	Recommandé pour Apex Radiance	
For the mod to work at its best	tr_menu.cpp:kEntries	Para o mod funcionar da melhor forma	Para que el mod funcione lo mejor posible	Pour que le mod fonctionne au mieux	
Runs the game on Vulkan: fewer stutters, and Apex Radiance is made and tested with it.	tr_menu.cpp:kEntries	Roda o jogo em Vulkan: menos travadas, e o Apex Radiance é feito e testado com ele.	Ejecuta el juego en Vulkan: menos tirones, y Apex Radiance está hecho y probado con él.	Fait tourner le jeu sur Vulkan : moins d'à-coups, et Apex Radiance est conçu et testé avec.	
Opens the DXVK releases page on GitHub in your browser	tr_menu.cpp:kEntries	Abre a página de versões do DXVK no GitHub no seu navegador	Abre la página de versiones de DXVK en GitHub en tu navegador	Ouvre la page des versions de DXVK sur GitHub dans votre navigateur	
Choose keys for the menu and Apex actions	tr_menu.cpp:kEntries	Escolha teclas para o menu e as ações do Apex	Elige teclas para el menú y las acciones de Apex	Choisissez les touches du menu et des actions d'Apex	
Choose a preset or click a shortcut to edit it	tr_menu.cpp:kEntries	Escolha um preset ou clique em um atalho para editar	Elige un preset o haz clic en un atajo para editarlo	Choisissez un preset ou cliquez sur un raccourci pour le modifier	
Shortcut preset	tr_menu.cpp:kEntries	Preset de atalhos	Preset de atajos	Preset de raccourcis	
Switch the main shortcuts together	tr_menu.cpp:kEntries	Troque os atalhos principais juntos	Cambia los atajos principales juntos	Changez les raccourcis principaux ensemble	
F10 always hides the game interface	tr_menu.cpp:kEntries	F10 sempre oculta a interface do jogo	F10 siempre oculta la interfaz del juego	F10 masque toujours l’interface du jeu	
Shortcuts for recording and lighting captures	tr_menu.cpp:kEntries	Atalhos para gravação e capturas de iluminação	Atajos para grabación y capturas de iluminación	Raccourcis pour l’enregistrement et les captures d’éclairage	
Keyboard map	tr_menu.cpp:kEntries	Mapa do teclado	Mapa del teclado	Carte du clavier	
Choose a preset, then click an assigned key to record a new shortcut	tr_menu.cpp:kEntries	Escolha um preset e clique numa tecla atribuída para gravar um novo atalho	Elige un ajuste y haz clic en una tecla asignada para grabar un nuevo atajo	Choisissez un préréglage, puis cliquez sur une touche attribuée pour enregistrer un raccourci	
Letters	tr_menu.cpp:kEntries	Letras	Letras	Lettres	
Numbers	tr_menu.cpp:kEntries	Números	Números	Chiffres	
F keys	tr_menu.cpp:kEntries	Teclas F	Teclas F	Touches F	
Letter row	tr_menu.cpp:kEntries	Fileira de letras	Fila de letras	Rangée des lettres	
Function row	tr_menu.cpp:kEntries	Fileira de função	Fila de función	Rangée des fonctions	
No Fn required	tr_menu.cpp:kEntries	Sem precisar de Fn	Sin necesidad de Fn	Sans touche Fn	
Easy to recall	tr_menu.cpp:kEntries	Fácil de memorizar	Fácil de recordar	Facile à retenir	
Letter keys	tr_menu.cpp:kEntries	Teclas de letras	Teclas de letras	Touches alphabétiques	
Number row	tr_menu.cpp:kEntries	Fileira numérica	Fila numérica	Rangée des chiffres	
Function keys	tr_menu.cpp:kEntries	Teclas de função	Teclas de función	Touches de fonction	
Easy to remember	tr_menu.cpp:kEntries	Fácil de memorizar	Fácil de recordar	Facile à retenir	
Classic layout	tr_menu.cpp:kEntries	Layout clássico	Distribución clásica	Disposition classique	
Your current keys	tr_menu.cpp:kEntries	Suas teclas atuais	Tus teclas actuales	Vos touches actuelles	
Quick recall	tr_menu.cpp:kEntries	Fácil de lembrar	Fácil de recordar	Facile à retenir	
Classic	tr_menu.cpp:kEntries	Clássico	Clásico	Classique	
Uses nearby letter keys without Fn	tr_menu.cpp:kEntries	Usa teclas de letras próximas, sem Fn	Usa teclas de letras cercanas, sin Fn	Utilise des touches alphabétiques proches, sans Fn	
Uses the number row for quick recall	tr_menu.cpp:kEntries	Usa a fileira numérica para facilitar a memorização	Usa la fila numérica para recordarlas fácilmente	Utilise la rangée des chiffres pour les retenir facilement	
Keeps the familiar function-key layout	tr_menu.cpp:kEntries	Mantém o layout conhecido das teclas de função	Mantiene la distribución conocida de las teclas de función	Conserve la disposition familière des touches de fonction	
Your manually chosen shortcuts are active	tr_menu.cpp:kEntries	Seus atalhos personalizados estão ativos	Tus atajos personalizados están activos	Vos raccourcis personnalisés sont actifs	
FUNCTION ROW	tr_menu.cpp:kEntries	FILEIRA DE FUNÇÃO	FILA DE FUNCIÓN	RANGÉE DE FONCTION	
NUMBER ROW	tr_menu.cpp:kEntries	FILEIRA NUMÉRICA	FILA NUMÉRICA	RANGÉE DES CHIFFRES	
LETTER KEYS	tr_menu.cpp:kEntries	TECLAS DE LETRAS	TECLAS DE LETRAS	TOUCHES ALPHABÉTIQUES	
Preset shortcuts use Ctrl + Shift	tr_menu.cpp:kEntries	Os atalhos predefinidos usam Ctrl + Shift	Los atajos predefinidos usan Ctrl + Shift	Les raccourcis prédéfinis utilisent Ctrl + Maj	
Click to change this shortcut	tr_menu.cpp:kEntries	Clique para alterar este atalho	Haz clic para cambiar este atajo	Cliquez pour modifier ce raccourci	
Click the action chips to edit these shortcuts	tr_menu.cpp:kEntries	Clique nos botões de ação para editar estes atalhos	Haz clic en los botones de acción para editar estos atajos	Cliquez sur les boutons d'action pour modifier ces raccourcis	
Assigned by the selected preset	tr_menu.cpp:kEntries	Definido pelo preset selecionado	Asignado por el ajuste preestablecido	Attribué par le préréglage sélectionné	
No Apex shortcut assigned	tr_menu.cpp:kEntries	Nenhum atalho do Apex atribuído	No hay ningún atajo de Apex asignado	Aucun raccourci Apex attribué	
Core actions	tr_menu.cpp:kEntries	Ações principais	Acciones principales	Actions principales	
Shortcuts used most often	tr_menu.cpp:kEntries	Atalhos usados com mais frequência	Atajos más utilizados	Raccourcis les plus utilisés	
Screenshot capture	tr_menu.cpp:kEntries	Captura de tela	Captura de pantalla	Capture d'écran	
Save the finished game image with Apex's active effects	tr_menu.cpp:kEntries	Salva a imagem final do jogo com os efeitos ativos do Apex	Guarda la imagen final del juego con los efectos activos de Apex	Enregistre l'image finale du jeu avec les effets actifs d'Apex	
Saves one filtered PNG in the game's Documents > Electronic Arts > The Sims 3 > Screenshots folder	tr_menu.cpp:kEntries	Salva um PNG com filtros na pasta Documentos > Electronic Arts > The Sims 3 > Screenshots do jogo	Guarda un PNG con filtros en la carpeta Documentos > Electronic Arts > The Sims 3 > Screenshots del juego	Enregistre un PNG filtré dans le dossier Documents > Electronic Arts > The Sims 3 > Screenshots du jeu	
F10 hides the game UI for the shot; Ctrl+Shift+F10 still compares Apex effects	tr_menu.cpp:kEntries	F10 oculta a interface do jogo na captura; Ctrl+Shift+F10 continua comparando os efeitos do Apex	F10 oculta la interfaz del juego en la captura; Ctrl+Shift+F10 sigue comparando los efectos de Apex	F10 masque l'interface du jeu pour la capture ; Ctrl+Shift+F10 compare toujours les effets d'Apex	
While Apex is open	tr_menu.cpp:kEntries	Com o Apex aberto	Con Apex abierto	Quand Apex est ouvert	
Quick ways to navigate and compare	tr_menu.cpp:kEntries	Atalhos rápidos para navegar e comparar	Formas rápidas de navegar y comparar	Moyens rapides de naviguer et de comparer	
Personalize	tr_menu.cpp:kEntries	Personalizar	Personalizar	Personnaliser	
Your settings stay yours	tr_menu.cpp:kEntries	Suas configurações continuam sendo suas	Tus ajustes siguen siendo tuyos	Vos réglages restent les vôtres	
Presets change only after you select one. Custom key choices are saved and stay in place.	tr_menu.cpp:kEntries	Os presets só mudam quando você escolhe um. Seus atalhos personalizados são salvos e mantidos.	Los ajustes preestablecidos solo cambian cuando eliges uno. Tus atajos personalizados se guardan y se mantienen.	Les préréglages ne changent que lorsque vous en choisissez un. Vos raccourcis personnalisés sont enregistrés et conservés.	
Key set	tr_menu.cpp:kEntries	Conjunto de teclas	Conjunto de teclas	Jeu de touches	
Pick a ready set, or click a key below to record your own	tr_menu.cpp:kEntries	Escolha um conjunto pronto, ou clique numa tecla abaixo para gravar a sua	Elige un conjunto listo, o haz clic en una tecla abajo para grabar la tuya	Choisissez un jeu prêt, ou cliquez sur une touche ci-dessous pour enregistrer la vôtre	
Letters (recommended)	tr_menu.cpp:kEntries	Letras (recomendado)	Letras (recomendado)	Lettres (recommandé)	
Mine	tr_menu.cpp:kEntries	Meus	Míos	Les miens	
Open the menu	tr_menu.cpp:kEntries	Abrir o menu	Abrir el menú	Ouvrir le menu	
Opens and closes the Apex Radiance menu	tr_menu.cpp:kEntries	Abre e fecha o menu do Apex Radiance	Abre y cierra el menú de Apex Radiance	Ouvre et ferme le menu d'Apex Radiance	
Collects lighting activity and settings for troubleshooting	tr_menu.cpp:kEntries	Reúne dados de atividade da iluminação e configurações para diagnóstico	Recopila actividad de iluminación y ajustes para diagnosticar problemas	Recueille l'activité de l'éclairage et les réglages pour le diagnostic	
Captures lighting at a point you choose	tr_menu.cpp:kEntries	Captura a iluminação no ponto que você escolher	Captura la iluminación en el punto que elijas	Capture l'éclairage au point choisi	
Saves a snapshot of the lighting state	tr_menu.cpp:kEntries	Salva um instantâneo do estado da iluminação	Guarda una instantánea del estado de iluminación	Enregistre un instantané de l'état de l'éclairage	
Frame Capture	tr_menu.cpp:kEntries	Captura de quadro	Captura de fotograma	Capture d'image	
Records draw calls for troubleshooting	tr_menu.cpp:kEntries	Registra chamadas de desenho para diagnóstico	Registra llamadas de dibujo para diagnosticar problemas	Enregistre les appels de rendu pour le diagnostic	
Focuses the settings search field	tr_menu.cpp:kEntries	Foca o campo de busca das configurações	Enfoca el campo de búsqueda de ajustes	Place le curseur dans la recherche des paramètres	
Hold the key over the menu to bypass Picture	tr_menu.cpp:kEntries	Segure a tecla sobre o menu para ignorar os filtros de imagem	Mantén la tecla sobre el menú para omitir los filtros de imagen	Maintenez la touche sur le menu pour ignorer les filtres d'image	
Choose one key without modifiers for this hold action	tr_menu.cpp:kEntries	Escolha uma tecla sem modificadores para esta ação	Elige una sola tecla, sin modificadores, para esta acción	Choisissez une seule touche sans modificateur pour cette action	
Windows keys are reserved by Windows	tr_menu.cpp:kEntries	As teclas Windows são reservadas pelo Windows	Las teclas Windows están reservadas por Windows	Les touches Windows sont réservées par Windows	
Press the keys…	tr_menu.cpp:kEntries	Aperte as teclas…	Pulsa las teclas…	Appuyez sur les touches…	
Click, then press the new combination (Esc cancels)	tr_menu.cpp:kEntries	Clique e aperte a nova combinação (Esc cancela)	Haz clic y pulsa la nueva combinación (Esc cancela)	Cliquez, puis appuyez sur la nouvelle combinaison (Esc annule)	
Press the new combination now; Esc cancels	tr_menu.cpp:kEntries	Aperte a nova combinação agora; Esc cancela	Pulsa la nueva combinación ahora; Esc cancela	Appuyez maintenant sur la nouvelle combinaison ; Esc annule	
Insert alone opens Sims3SettingsSetter's menu	tr_menu.cpp:kEntries	Insert sozinho abre o menu do Sims3SettingsSetter	Insert solo abre el menú de Sims3SettingsSetter	Insert seul ouvre le menu de Sims3SettingsSetter	
Ctrl+Shift+C is the game's cheat console	tr_menu.cpp:kEntries	Ctrl+Shift+C é o console de cheats do jogo	Ctrl+Shift+C es la consola de trucos del juego	Ctrl+Maj+C est la console de triche du jeu	
That combination belongs to Windows	tr_menu.cpp:kEntries	Essa combinação é do Windows	Esa combinación es de Windows	Cette combinaison appartient à Windows	
F10 is reserved for hiding the game's interface	tr_menu.cpp:kEntries	F10 fica reservado para ocultar a interface do jogo	F10 está reservado para ocultar la interfaz del juego	F10 est réservé au masquage de l'interface du jeu	
Use it with Ctrl, Shift or Alt: alone it would stop that key from typing in the game	tr_menu.cpp:kEntries	Use com Ctrl, Shift ou Alt: sozinha ela deixaria de digitar no jogo	Úsala con Ctrl, Shift o Alt: sola dejaría de escribir en el juego	Utilisez-la avec Ctrl, Maj ou Alt : seule, elle n'écrirait plus dans le jeu	
Already used by: {}	tr_menu.cpp:kEntries	Já usada por: {}	Ya la usa: {}	Déjà utilisée par : {}	{}
IN THE MENU	tr_menu.cpp:kEntries	DENTRO DO MENU	DENTRO DEL MENÚ	DANS LE MENU	
DEVELOPER TOOLS	tr_menu.cpp:kEntries	FERRAMENTAS DE DESENVOLVEDOR	HERRAMIENTAS DE DESARROLLADOR	OUTILS DE DÉVELOPPEMENT	
Search the settings	tr_menu.cpp:kEntries	Buscar nas configurações	Buscar en los ajustes	Chercher dans les paramètres	
Hold Alt	tr_menu.cpp:kEntries	Segurar Alt	Mantener Alt	Maintenir Alt	
Compare the picture without its filters	tr_menu.cpp:kEntries	Comparar a imagem sem os filtros	Comparar la imagen sin sus filtros	Comparer l'image sans ses filtres	
Hold B	tr_menu.cpp:kEntries	Segurar B	Mantener B	Maintenir B	
Show the note again	tr_menu.cpp:kEntries	Mostrar o aviso de novo	Mostrar el aviso otra vez	Montrer l'avis à nouveau	
Shows the shortcuts note at the top center of the screen at the next start	tr_menu.cpp:kEntries	Mostra o aviso de atalhos no alto, ao centro da tela, na próxima abertura	Muestra el aviso de atajos arriba, en el centro de la pantalla, en el próximo inicio	Affiche l'avis des raccourcis en haut au centre de l'écran au prochain démarrage	
Menu: {} · customize the shortcuts?	tr_menu.cpp:kEntries	Menu: {} · personalizar os atalhos?	Menú: {} · ¿personalizar los atajos?	Menu : {} · personnaliser les raccourcis ?	{}
Customize	tr_menu.cpp:kEntries	Personalizar	Personalizar	Personnaliser	
Not now	tr_menu.cpp:kEntries	Agora não	Ahora no	Pas maintenant	
Apex Radiance shortcuts	tr_menu.cpp:kEntries	Atalhos do Apex Radiance	Atajos de Apex Radiance	Raccourcis d'Apex Radiance	
You can change them any time in Settings > Menu	tr_menu.cpp:kEntries	Dá para trocar quando quiser em Configurações > Menu	Puedes cambiarlos cuando quieras en Ajustes > Menú	Vous pouvez les changer à tout moment dans Paramètres > Menu	
Press the key for the menu (Esc cancels)	tr_menu.cpp:kEntries	Aperte a tecla do menu (Esc cancela)	Pulsa la tecla del menú (Esc cancela)	Appuyez sur la touche du menu (Esc annule)	
Recommended	tr_menu.cpp:kEntries	Recomendado	Recomendado	Recommandé	
Custom	tr_menu.cpp:kEntries	Personalizado	Personalizado	Personnalisé	
Nearby letter keys keep your shortcuts together; no Fn key needed	tr_menu.cpp:kEntries	Teclas de letras próximas mantêm os atalhos juntos; sem precisar de Fn	Las teclas de letras cercanas mantienen juntos los atajos; no necesitas Fn	Les touches alphabétiques proches regroupent les raccourcis, sans touche Fn	
Easy to remember: 1 opens the menu, 2 compares, 3 refreshes	tr_menu.cpp:kEntries	Fácil de memorizar: 1 abre o menu, 2 compara, 3 atualiza	Fácil de recordar: 1 abre el menú, 2 compara y 3 actualiza	Facile à retenir : 1 ouvre le menu, 2 compare, 3 actualise	
The familiar function-key shortcuts from earlier versions	tr_menu.cpp:kEntries	Os atalhos conhecidos com teclas de função das versões anteriores	Los atajos conocidos con teclas de función de versiones anteriores	Les raccourcis familiers avec les touches de fonction des versions précédentes	
Compare with the game	tr_menu.cpp:kEntries	Comparar com o jogo	Comparar con el juego	Comparer avec le jeu	
Refresh the lighting	tr_menu.cpp:kEntries	Atualizar a luz	Actualizar la luz	Actualiser l'éclairage	
Customize…	tr_menu.cpp:kEntries	Personalizar…	Personalizar…	Personnaliser…	
Your own key for the menu (the other shortcuts use the Letters preset)	tr_menu.cpp:kEntries	Sua própria tecla para o menu (os outros atalhos usam o preset Letras)	Tu propia tecla para el menú (los demás atajos usan el preset Letras)	Votre propre touche pour le menu (les autres raccourcis utilisent le préréglage Lettres)	
The game without Apex · {} to turn it back on	tr_menu.cpp:kEntries	O jogo sem o Apex · {} para ligar de novo	El juego sin Apex · {} para volver a activarlo	Le jeu sans Apex · {} pour le réactiver	{}
Shortcuts	tr_menu.cpp:kEntries	Atalhos	Atajos	Raccourcis	
The keys for the menu and the quick actions	tr_menu.cpp:kEntries	As teclas do menu e das ações rápidas	Las teclas del menú y de las acciones rápidas	Les touches du menu et des actions rapides	
Turns Apex's effects off and on, to see the difference	tr_menu.cpp:kEntries	Desliga e liga os efeitos do Apex, para ver a diferença	Apaga y enciende los efectos de Apex, para ver la diferencia	Désactive et réactive les effets d'Apex, pour voir la différence	
Relights the ground, lots and rooms when something loaded wrong	tr_menu.cpp:kEntries	Refaz a luz do chão, dos lotes e dos cômodos quando algo carregou errado	Rehace la luz del suelo, los solares y las habitaciones cuando algo cargó mal	Refait l'éclairage du sol, des terrains et des pièces quand quelque chose a mal chargé	
Text size	tr_menu.cpp:kEntries	Tamanho do texto	Tamaño del texto	Taille du texte	
Makes the whole menu bigger or smaller	tr_menu.cpp:kEntries	Deixa o menu inteiro maior ou menor	Hace todo el menú más grande o más pequeño	Agrandit ou réduit tout le menu	
Smaller	tr_menu.cpp:kEntries	Menor	Más pequeño	Plus petit	
Larger	tr_menu.cpp:kEntries	Maior	Más grande	Plus grand	
Reset	tr_menu.cpp:kEntries	Restaurar	Restablecer	Réinitialiser	
Back to 100%	tr_menu.cpp:kEntries	Voltar a 100%	Volver a 100%	Revenir à 100 %	
Show the welcome tour again	tr_menu.cpp:kEntries	Mostrar o tour de boas-vindas de novo	Volver a mostrar el recorrido de bienvenida	Revoir la visite de bienvenue	
Sims3SettingsSetter and your menu key	tr_menu.cpp:kEntries	Sims3SettingsSetter e sua tecla do menu	Sims3SettingsSetter y tu tecla del menú	Sims3SettingsSetter et votre touche du menu	
Show	tr_menu.cpp:kEntries	Mostrar	Mostrar	Afficher	
Save settings	tr_menu.cpp:kEntries	Salvar configurações	Guardar ajustes	Enregistrer les paramètres	
Changes also save by themselves after a second	tr_menu.cpp:kEntries	As mudanças também são salvas sozinhas após um segundo	Los cambios también se guardan solos tras un segundo	Les modifications s'enregistrent aussi d'elles-mêmes après une seconde	
Save now	tr_menu.cpp:kEntries	Salvar agora	Guardar ahora	Enregistrer	
Saved to {}	tr_menu.cpp:kEntries	Salvo em {}	Guardado en {}	Enregistré dans {}	{}
Save your setup and switch between them	tr_menu.cpp:kEntries	Salve suas configurações e alterne entre elas	Guarda tu configuración y cambia entre ellas	Enregistrez vos réglages et passez de l'un à l'autre	
SAVE CURRENT SETUP	tr_menu.cpp:kEntries	SALVAR CONFIGURAÇÃO ATUAL	GUARDAR CONFIGURACIÓN ACTUAL	ENREGISTRER LES RÉGLAGES ACTUELS	
Night Lights, Color, Depth Blur, Edge Smoothing and window mode	tr_menu.cpp:kEntries	Luzes Noturnas, Cor, Desfoque de Profundidade, Suavização de Bordas e modo de janela	Luces Nocturnas, Color, Desenfoque de Profundidad, Suavizado de Bordes y modo de ventana	Lumières Nocturnes, Couleur, Flou de Profondeur, Lissage des Bords et mode fenêtre	
Profile name	tr_menu.cpp:kEntries	Nome do perfil	Nombre del perfil	Nom du profil	
Save	tr_menu.cpp:kEntries	Salvar	Guardar	Enregistrer	
"{}" already exists; replace it?	tr_menu.cpp:kEntries	"{}" já existe; substituir?	"{}" ya existe; ¿reemplazarlo?	"{}" existe déjà ; le remplacer ?	{}
Replace	tr_menu.cpp:kEntries	Substituir	Reemplazar	Remplacer	
Cancel	tr_menu.cpp:kEntries	Cancelar	Cancelar	Annuler	
SAVED	tr_menu.cpp:kEntries	SALVOS	GUARDADOS	ENREGISTRÉS	
No profiles yet	tr_menu.cpp:kEntries	Nenhum perfil ainda	Aún no hay perfiles	Aucun profil pour l'instant	
Load	tr_menu.cpp:kEntries	Carregar	Cargar	Charger	
Apply this profile; Undo puts your settings back	tr_menu.cpp:kEntries	Aplica este perfil; Desfazer traz suas configurações de volta	Aplica este perfil; Deshacer restaura tus ajustes	Applique ce profil ; Annuler rétablit vos réglages	
Delete	tr_menu.cpp:kEntries	Excluir	Eliminar	Supprimer	
Delete this profile?	tr_menu.cpp:kEntries	Excluir este perfil?	¿Eliminar este perfil?	Supprimer ce profil ?	
Deletes the profile file	tr_menu.cpp:kEntries	Exclui o arquivo do perfil	Elimina el archivo del perfil	Supprime le fichier du profil	
Saved "{}"	tr_menu.cpp:kEntries	"{}" salvo	"{}" guardado	"{}" enregistré	{}
Could not save "{}": {}	tr_menu.cpp:kEntries	Não foi possível salvar "{}": {}	No se pudo guardar "{}": {}	Impossible d'enregistrer "{}" : {}	{} {}
Loaded "{}"	tr_menu.cpp:kEntries	"{}" carregado	"{}" cargado	"{}" chargé	{}
Could not load "{}": {}	tr_menu.cpp:kEntries	Não foi possível carregar "{}": {}	No se pudo cargar "{}": {}	Impossible de charger "{}" : {}	{} {}
Deleted "{}"	tr_menu.cpp:kEntries	"{}" excluído	"{}" eliminado	"{}" supprimé	{}
Could not delete "{}": {}	tr_menu.cpp:kEntries	Não foi possível excluir "{}": {}	No se pudo eliminar "{}": {}	Impossible de supprimer "{}" : {}	{} {}
Profile loaded	tr_menu.cpp:kEntries	Perfil carregado	Perfil cargado	Profil chargé	
Game version, other mods and settings	tr_menu.cpp:kEntries	Versão do jogo, outros mods e configurações	Versión del juego, otros mods y ajustes	Version du jeu, autres mods et paramètres	
Game	tr_menu.cpp:kEntries	Jogo	Juego	Jeu	
Unknown	tr_menu.cpp:kEntries	Desconhecida	Desconocida	Inconnue	
Installed	tr_menu.cpp:kEntries	Instalado	Instalado	Installé	
Not installed	tr_menu.cpp:kEntries	Não instalado	No instalado	Non installé	
Features	tr_menu.cpp:kEntries	Recursos	Funciones	Fonctions	
Running	tr_menu.cpp:kEntries	Em execução	En ejecución	En cours	
Off (old combined build found)	tr_menu.cpp:kEntries	Desligados (build combinada antiga encontrada)	Desactivadas (hay una compilación combinada antigua)	Désactivées (ancienne version combinée trouvée)	
RECOMMENDED	tr_menu.cpp:kEntries	RECOMENDADO	RECOMENDADO	RECOMMANDÉ	
Details	tr_menu.cpp:kEntries	Detalhes	Detalles	Détails	
Settings: {}	tr_menu.cpp:kEntries	Configurações: {}	Ajustes: {}	Paramètres : {}	{}
Apex Radiance for The Sims 3	tr_menu.cpp:kEntries	Apex Radiance para The Sims 3	Apex Radiance para Los Sims 3	Apex Radiance pour Les Sims 3	
Version {} · Public build	tr_menu.cpp:kEntries	Versão {} · Build pública	Versión {} · Compilación pública	Version {} · Build publique	{}
CREDITS	tr_menu.cpp:kEntries	CRÉDITOS	CRÉDITOS	CRÉDITS	
Sims3SettingsSetter by sims3fiend: Apex Radiance began as its fork and follows its framework design. Thank you!	tr_menu.cpp:kEntries	Sims3SettingsSetter, de sims3fiend: o Apex Radiance nasceu como um fork dele e segue o design do seu framework. Obrigado!	Sims3SettingsSetter, de sims3fiend: Apex Radiance nació como un fork suyo y sigue el diseño de su framework. ¡Gracias!	Sims3SettingsSetter, par sims3fiend : Apex Radiance est né comme un fork de celui-ci et suit la conception de son framework. Merci !	
Edge Smoothing's FXAA mode follows FXAA 3.11 by Timothy Lottes (NVIDIA).	tr_menu.cpp:kEntries	O modo FXAA da Suavização de Bordas segue o FXAA 3.11 de Timothy Lottes (NVIDIA).	El modo FXAA del Suavizado de Bordes sigue FXAA 3.11 de Timothy Lottes (NVIDIA).	Le mode FXAA du Lissage des Bords suit FXAA 3.11 de Timothy Lottes (NVIDIA).	
Edge Smoothing's texture sharpening follows AMD FidelityFX CAS (MIT).	tr_menu.cpp:kEntries	A nitidez de texturas da Suavização de Bordas segue o AMD FidelityFX CAS (MIT).	La nitidez de texturas del Suavizado de Bordes sigue AMD FidelityFX CAS (MIT).	La netteté des textures du Lissage des Bords suit AMD FidelityFX CAS (MIT).	
Third-party code: Dear ImGui (MIT), Microsoft Detours (MIT), toml++ (MIT), SMAA by Jorge Jimenez et al. (MIT-style, see third_party/smaa/LICENSE.txt), Lucide icons (ISC, see third_party/lucide/LICENSE).	tr_menu.cpp:kEntries	Código de terceiros: Dear ImGui (MIT), Microsoft Detours (MIT), toml++ (MIT), SMAA de Jorge Jimenez et al. (estilo MIT, veja third_party/smaa/LICENSE.txt), ícones Lucide (ISC, veja third_party/lucide/LICENSE).	Código de terceros: Dear ImGui (MIT), Microsoft Detours (MIT), toml++ (MIT), SMAA de Jorge Jimenez et al. (tipo MIT, ver third_party/smaa/LICENSE.txt), iconos Lucide (ISC, ver third_party/lucide/LICENSE).	Code tiers : Dear ImGui (MIT), Microsoft Detours (MIT), toml++ (MIT), SMAA par Jorge Jimenez et al. (type MIT, voir third_party/smaa/LICENSE.txt), icônes Lucide (ISC, voir third_party/lucide/LICENSE).	
Every-Story Ground Light (lamps on upper floors lighting the ground) uses a technique from Arro's Split-Level Lighting Fix.	tr_menu.cpp:kEntries	A Luz no Chão de Todos os Andares (lâmpadas dos andares de cima iluminando o chão) usa uma técnica do Split-Level Lighting Fix, do Arro.	La Luz en el Suelo desde Todos los Pisos (lámparas de pisos superiores que iluminan el suelo) usa una técnica del Split-Level Lighting Fix de Arro.	La Lumière au Sol de Tous les Étages (les lampes des étages qui éclairent le sol) utilise une technique du Split-Level Lighting Fix d'Arro.	
Apex Radiance by @loinyx.	tr_menu.cpp:kEntries	Apex Radiance por @loinyx.	Apex Radiance por @loinyx.	Apex Radiance par @loinyx.	
Sims3SettingsSetter by sims3fiend: project origin and framework reference.	tr_menu.cpp:kEntries	Sims3SettingsSetter, de sims3fiend: origem do projeto e referência para o framework.	Sims3SettingsSetter, de sims3fiend: origen del proyecto y referencia para el framework.	Sims3SettingsSetter, par sims3fiend : origine du projet et référence pour le framework.	
FXAA 3.11: Timothy Lottes (NVIDIA).	tr_menu.cpp:kEntries	FXAA 3.11: Timothy Lottes (NVIDIA).	FXAA 3.11: Timothy Lottes (NVIDIA).	FXAA 3.11 : Timothy Lottes (NVIDIA).	
Lot Streaming and the daytime bloom fixes: research and code by @idavidveiga.	tr_menu.cpp:kEntries	Carregamento de lotes e as correções do brilho de dia: pesquisa e código de @idavidveiga.	Carga de lotes y las correcciones del resplandor de día: investigación y código de @idavidveiga.	Chargement des terrains et les corrections du halo de jour : recherche et code de @idavidveiga.	
Thanks to @boringbones for testing every build.	tr_menu.cpp:kEntries	Obrigado a @boringbones por testar cada build.	Gracias a @boringbones por probar cada build.	Merci à @boringbones d'avoir testé chaque build.	
FidelityFX CAS: AMD (MIT).	tr_menu.cpp:kEntries	FidelityFX CAS: AMD (MIT).	FidelityFX CAS: AMD (MIT).	FidelityFX CAS : AMD (MIT).	
Upper-floor ground light: Arro's technique, adapted in Apex Radiance.	tr_menu.cpp:kEntries	Luz dos andares superiores no chão: técnica de Arro, adaptada no Apex Radiance.	Luz de los pisos superiores en el suelo: técnica de Arro, adaptada en Apex Radiance.	Lumière des étages supérieurs au sol : technique d'Arro, adaptée dans Apex Radiance.	
Libraries and licenses: Dear ImGui (MIT), Microsoft Detours (MIT), toml++ (MIT), SMAA - Jorge Jimenez et al. (MIT), Lucide icons (ISC).	tr_menu.cpp:kEntries	Bibliotecas e licenças: Dear ImGui (MIT), Microsoft Detours (MIT), toml++ (MIT), SMAA - Jorge Jimenez et al. (MIT), ícones Lucide (ISC).	Bibliotecas y licencias: Dear ImGui (MIT), Microsoft Detours (MIT), toml++ (MIT), SMAA - Jorge Jimenez et al. (MIT), iconos Lucide (ISC).	Bibliothèques et licences : Dear ImGui (MIT), Microsoft Detours (MIT), toml++ (MIT), SMAA - Jorge Jimenez et al. (MIT), icônes Lucide (ISC).	
Welcome · step {} of {}	tr_menu.cpp:kEntries	Boas-vindas · passo {} de {}	Bienvenida · paso {} de {}	Bienvenue · étape {} sur {}	{} {}
A companion mod by sims3fiend	tr_menu.cpp:kEntries	Um mod parceiro do sims3fiend	Un mod complementario de sims3fiend	Un mod compagnon de sims3fiend	
Installed; you're all set	tr_menu.cpp:kEntries	Instalado; está tudo pronto	Instalado; todo listo	Installé ; tout est prêt	
Your menu key	tr_menu.cpp:kEntries	Sua tecla do menu	Tu tecla del menú	Votre touche du menu	
Press it anytime in the game to open this menu	tr_menu.cpp:kEntries	Aperte-a a qualquer momento no jogo para abrir este menu	Púlsala en cualquier momento del juego para abrir este menú	Appuyez dessus à tout moment en jeu pour ouvrir ce menu	
Skip	tr_menu.cpp:kEntries	Pular	Omitir	Passer	
Back	tr_menu.cpp:kEntries	Voltar	Atrás	Retour	
Next	tr_menu.cpp:kEntries	Próximo	Siguiente	Suivant	
Done	tr_menu.cpp:kEntries	Concluir	Listo	Terminé	
Apex Radiance is off	tr_menu.cpp:kEntries	Apex Radiance está desligado	Apex Radiance está desactivado	Apex Radiance est désactivé	
An old combined build (Sims3SettingsSetter with Apex inside) is also installed:	tr_menu.cpp:kEntries	Uma build combinada antiga (Sims3SettingsSetter com o Apex dentro) também está instalada:	También está instalada una compilación combinada antigua (Sims3SettingsSetter con Apex dentro):	Une ancienne version combinée (Sims3SettingsSetter avec Apex intégré) est aussi installée :	
Delete that file from Game\\Bin, keep the official Sims3SettingsSetter.asi, then restart the game.	tr_menu.cpp:kEntries	Exclua esse arquivo de Game\\Bin, mantenha o Sims3SettingsSetter.asi oficial e reinicie o jogo.	Elimina ese archivo de Game\\Bin, conserva el Sims3SettingsSetter.asi oficial y reinicia el juego.	Supprimez ce fichier de Game\\Bin, gardez le Sims3SettingsSetter.asi officiel, puis relancez le jeu.	
An older {} is also installed. Delete it from Game\\Bin.	tr_menu.cpp:kEntries	Um {} mais antigo também está instalado. Exclua-o de Game\\Bin.	También hay un {} más antiguo instalado. Elimínalo de Game\\Bin.	Un ancien {} est aussi installé. Supprimez-le de Game\\Bin.	{}
It's the previous version of Apex Radiance and stays idle for now. Keep ApexRadiance.asi and the official Sims3SettingsSetter.asi.	tr_menu.cpp:kEntries	É a versão anterior do Apex Radiance e fica inativo por enquanto. Mantenha o ApexRadiance.asi e o Sims3SettingsSetter.asi oficial.	Es la versión anterior de Apex Radiance y queda inactivo por ahora. Conserva ApexRadiance.asi y el Sims3SettingsSetter.asi oficial.	C'est la version précédente d'Apex Radiance ; il reste inactif pour l'instant. Gardez ApexRadiance.asi et le Sims3SettingsSetter.asi officiel.	
Apex Radiance is ready	tr_menu.cpp:kEntries	Apex Radiance está pronto	Apex Radiance está listo	Apex Radiance est prêt	
press	tr_menu.cpp:kEntries	aperte	pulsa	appuyez sur	
What to save	tr_menu.cpp:kEntries	O que salvar	Qué guardar	Quoi enregistrer	
Pick at least one part to save	tr_menu.cpp:kEntries	Escolha ao menos uma parte para salvar	Elige al menos una parte para guardar	Choisissez au moins une partie à enregistrer	
Nothing this version can load	tr_menu.cpp:kEntries	Nada que esta versão consiga carregar	Nada que esta versión pueda cargar	Rien que cette version puisse charger	
Pick what to load	tr_menu.cpp:kEntries	Escolha o que carregar	Elige qué cargar	Choisissez quoi charger	
Apply the checked parts; Undo puts your settings back	tr_menu.cpp:kEntries	Aplica as partes marcadas; Desfazer volta suas configurações	Aplica las partes marcadas; Deshacer restaura tus ajustes	Applique les parties cochées ; Annuler rétablit vos réglages	
Pick which parts of this profile to apply	tr_menu.cpp:kEntries	Escolha quais partes deste perfil aplicar	Elige qué partes de este perfil aplicar	Choisissez les parties de ce profil à appliquer	
Open the Profiles folder	tr_menu.cpp:kEntries	Abrir a pasta dos perfis	Abrir la carpeta de perfiles	Ouvrir le dossier des profils	
Copy profile files from there to share them or to use them on another PC	tr_menu.cpp:kEntries	Copie os arquivos de perfil de lá para compartilhar ou usar em outro PC	Copia los archivos de perfil desde ahí para compartirlos o usarlos en otro PC	Copiez les fichiers de profil depuis ce dossier pour les partager ou les utiliser sur un autre PC	
Spread new objects over frames	tr_menu.cpp:kEntries	Espalhar objetos novos entre quadros	Repartir objetos nuevos entre fotogramas	Répartir les nouveaux objets sur plusieurs images	
Fewer hitches when a lot streams in while the camera moves	tr_menu.cpp:kEntries	Menos travadas quando um lote carrega com a câmera em movimento	Menos tirones cuando un solar se carga con la cámara en movimiento	Moins de saccades quand un terrain se charge pendant que la caméra bouge	
Reset all settings	tr_menu.cpp:kEntries	Restaurar todas as configurações	Restablecer todos los ajustes	Réinitialiser tous les réglages	
Reset all	tr_menu.cpp:kEntries	Restaurar tudo	Restablecer todo	Tout réinitialiser	
Every feature and color setting back to its default; the window mode and the menu stay	tr_menu.cpp:kEntries	Todas as funções e a cor voltam ao padrão; o modo da janela e o menu ficam como estão	Todas las funciones y el color vuelven a sus valores predeterminados; el modo de ventana y el menú no cambian	Toutes les fonctions et la couleur reviennent aux valeurs par défaut ; le mode de fenêtre et le menu restent inchangés	
Put every feature back to its default? Undo can bring your settings back	tr_menu.cpp:kEntries	Voltar todas as funções ao padrão? O Desfazer pode trazer suas configurações de volta	¿Volver todas las funciones a sus valores predeterminados? Deshacer puede recuperar tus ajustes	Remettre toutes les fonctions par défaut ? Annuler peut rétablir vos réglages	
All settings reset	tr_menu.cpp:kEntries	Todas as configurações restauradas	Todos los ajustes restablecidos	Tous les réglages réinitialisés	
Report a problem	tr_menu.cpp:kEntries	Relatar um problema	Informar un problema	Signaler un problème	
Save what helps fix a bug, then send it	tr_menu.cpp:kEntries	Salve o que ajuda a corrigir um bug e envie	Guarda lo que ayuda a corregir un error y envíalo	Enregistrez ce qui aide à corriger un bug, puis envoyez-le	
How to report a problem	tr_menu.cpp:kEntries	Como relatar um problema	Cómo informar un problema	Comment signaler un problème	
Three steps, about a minute	tr_menu.cpp:kEntries	Três passos, cerca de um minuto	Tres pasos, alrededor de un minuto	Trois étapes, environ une minute	
1. Make the problem happen in the game (or keep it on screen).	tr_menu.cpp:kEntries	1. Faça o problema acontecer no jogo (ou deixe-o na tela).	1. Haz que el problema ocurra en el juego (o déjalo en pantalla).	1. Faites apparaître le problème dans le jeu (ou gardez-le à l'écran).	
2. Save a capture below, or use its shortcut in the game. A note at the top center confirms the capture and saving.	tr_menu.cpp:kEntries	2. Salve uma captura abaixo ou use o atalho no jogo. Um aviso no alto, ao centro, confirma a captura e o salvamento.	2. Guarda una captura abajo o usa su atajo en el juego. Un aviso arriba, en el centro, confirma la captura y el guardado.	2. Enregistrez une capture ci-dessous ou utilisez son raccourci en jeu. Un avis en haut au centre confirme la capture et son enregistrement.	
3. Open the captures folder, right-click the capture's folder, Send to › Compressed (zipped) folder, and send the .zip with a few words on what you saw: the Bugs tab on Nexus Mods, or GitHub.	tr_menu.cpp:kEntries	3. Abra a pasta das capturas, clique com o botão direito na pasta da captura, Enviar para › Pasta compactada, e envie o .zip com algumas palavras sobre o que você viu: na aba Bugs do Nexus Mods, ou no GitHub.	3. Abre la carpeta de capturas, haz clic derecho en la carpeta de la captura, Enviar a › Carpeta comprimida (en zip), y envía el .zip con unas palabras sobre lo que viste: en la pestaña Bugs de Nexus Mods, o en GitHub.	3. Ouvrez le dossier des captures, clic droit sur le dossier de la capture, Envoyer vers › Dossier compressé, et envoyez le .zip avec quelques mots sur ce que vous avez vu : l'onglet Bugs de Nexus Mods, ou GitHub.	
Not sure it is Apex Radiance? Press {} (Compare with the game): if the problem goes away, it comes from the mod.	tr_menu.cpp:kEntries	Não sabe se é o Apex Radiance? Aperte {} (Comparar com o jogo): se o problema sumir, ele vem do mod.	¿No sabes si es Apex Radiance? Pulsa {} (Comparar con el juego): si el problema desaparece, viene del mod.	Pas sûr que ce soit Apex Radiance ? Appuyez sur {} (Comparer avec le jeu) : si le problème disparaît, il vient du mod.	{}
The game crashed on {}: "Save a report" includes the crash details.	tr_menu.cpp:kEntries	O jogo travou em {}: "Salvar um relatório" inclui os detalhes do travamento.	El juego se cerró el {}: "Guardar un informe" incluye los detalles del cierre.	Le jeu a planté le {} : « Enregistrer un rapport » inclut les détails du plantage.	{}
Save a capture	tr_menu.cpp:kEntries	Salvar uma captura	Guardar una captura	Enregistrer une capture	
Each one goes into its own dated folder; nothing is ever overwritten	tr_menu.cpp:kEntries	Cada uma vai para uma pasta própria com data; nada é sobrescrito	Cada una va a su propia carpeta con fecha; nada se sobrescribe	Chacune va dans son propre dossier daté ; rien n'est jamais écrasé	
Save a report	tr_menu.cpp:kEntries	Salvar um relatório	Guardar un informe	Enregistrer un rapport	
The log and your settings. Good for any problem, and after a crash.	tr_menu.cpp:kEntries	O log e as suas configurações. Serve para qualquer problema, e depois de um travamento.	El registro y tus ajustes. Sirve para cualquier problema, y después de un cierre.	Le journal et vos réglages. Utile pour tout problème, et après un plantage.	
Record a few seconds	tr_menu.cpp:kEntries	Gravar alguns segundos	Grabar unos segundos	Enregistrer quelques secondes	
Writes down what the lighting does for up to 20 seconds while you make the problem happen: lights that turn on late, flicker or light the wrong room. Key: {}	tr_menu.cpp:kEntries	Anota o que a iluminação faz por até 20 segundos enquanto você faz o problema acontecer: luzes que acendem atrasadas, piscam ou iluminam o cômodo errado. Tecla: {}	Anota lo que hace la iluminación durante hasta 20 segundos mientras haces que ocurra el problema: luces que se encienden tarde, parpadean o iluminan la habitación equivocada. Tecla: {}	Note ce que fait l'éclairage pendant 20 secondes au plus pendant que vous reproduisez le problème : lumières qui s'allument en retard, clignotent ou éclairent la mauvaise pièce. Touche : {}	{}
Start	tr_menu.cpp:kEntries	Começar	Empezar	Démarrer	
Stop	tr_menu.cpp:kEntries	Parar	Detener	Arrêter	
Capture the light at a spot	tr_menu.cpp:kEntries	Capturar a luz de um ponto	Capturar la luz de un punto	Capturer la lumière d'un point	
Close the menu, point the mouse at the spot that looks wrong and press {}: saves what paints that spot, with its textures. Good for a wrong color, a dark patch or a light in the wrong place.	tr_menu.cpp:kEntries	Feche o menu, aponte o mouse para o ponto que parece errado e aperte {}: salva o que pinta esse ponto, com as texturas. Serve para uma cor errada, uma mancha escura ou uma luz no lugar errado.	Cierra el menú, apunta el ratón al punto que se ve mal y pulsa {}: guarda lo que pinta ese punto, con sus texturas. Sirve para un color equivocado, una mancha oscura o una luz en el lugar equivocado.	Fermez le menu, pointez la souris sur l'endroit qui semble faux et appuyez sur {} : enregistre ce qui peint cet endroit, avec ses textures. Utile pour une mauvaise couleur, une tache sombre ou une lumière mal placée.	{}
Lighting snapshot	tr_menu.cpp:kEntries	Retrato da iluminação	Instantánea de la iluminación	Instantané de l'éclairage	
Every lamp and room of the loaded lots, as they are now. Good when a room or a lamp has the wrong light. Key: {}	tr_menu.cpp:kEntries	Todas as lâmpadas e cômodos dos lotes carregados, como estão agora. Serve quando um cômodo ou uma lâmpada está com a luz errada. Tecla: {}	Todas las lámparas y habitaciones de los solares cargados, tal como están ahora. Sirve cuando una habitación o una lámpara tiene la luz equivocada. Tecla: {}	Toutes les lampes et pièces des terrains chargés, telles qu'elles sont. Utile quand une pièce ou une lampe a la mauvaise lumière. Touche : {}	{}
The recording and the two lighting captures need Night Lights on	tr_menu.cpp:kEntries	A gravação e as duas capturas de iluminação precisam das Luzes Noturnas ligadas	La grabación y las dos capturas de iluminación necesitan las Luces Nocturnas activadas	L'enregistrement et les deux captures d'éclairage demandent les Lumières de nuit activées	
SESSION	tr_menu.cpp:kEntries	SESSÃO	SESIÓN	SESSION	
Capture session	tr_menu.cpp:kEntries	Sessão de capturas	Sesión de capturas	Session de captures	
Puts every capture you save into one folder, until you end it. Handy when one problem needs several captures.	tr_menu.cpp:kEntries	Junta todas as capturas que você salvar numa pasta só, até você encerrar. Útil quando um problema precisa de várias capturas.	Junta todas las capturas que guardes en una sola carpeta, hasta que la termines. Útil cuando un problema necesita varias capturas.	Range toutes les captures que vous enregistrez dans un seul dossier, jusqu'à ce que vous la terminiez. Pratique quand un problème demande plusieurs captures.	
Open: {} captures so far. End it to add the log and settings, ready to send.	tr_menu.cpp:kEntries	Aberta: {} capturas até agora. Encerre para juntar o log e as configurações, pronta para enviar.	Abierta: {} capturas hasta ahora. Termínala para añadir el registro y los ajustes, lista para enviar.	Ouverte : {} captures pour l'instant. Terminez-la pour ajouter le journal et les réglages, prête à envoyer.	{}
Start session	tr_menu.cpp:kEntries	Começar sessão	Empezar sesión	Démarrer la session	
End session	tr_menu.cpp:kEntries	Encerrar sessão	Terminar sesión	Terminer la session	
Your captures	tr_menu.cpp:kEntries	Suas capturas	Tus capturas	Vos captures	
None yet	tr_menu.cpp:kEntries	Nenhuma ainda	Ninguna todavía	Aucune pour l'instant	
{} saved, {} in all; newest first	tr_menu.cpp:kEntries	{} salvas, {} no total; as mais novas primeiro	{} guardadas, {} en total; las más nuevas primero	{} enregistrées, {} au total ; les plus récentes d'abord	{} {}
Session ({} captures)	tr_menu.cpp:kEntries	Sessão ({} capturas)	Sesión ({} capturas)	Session ({} captures)	{}
open	tr_menu.cpp:kEntries	aberta	abierta	ouverte	
Recording	tr_menu.cpp:kEntries	Gravação	Grabación	Enregistrement	
Light capture	tr_menu.cpp:kEntries	Captura de luz	Captura de luz	Capture de lumière	
Light capture (automatic)	tr_menu.cpp:kEntries	Captura de luz (automática)	Captura de luz (automática)	Capture de lumière (automatique)	
Report	tr_menu.cpp:kEntries	Relatório	Informe	Rapport	
Session	tr_menu.cpp:kEntries	Sessão	Sesión	Session	
Open	tr_menu.cpp:kEntries	Abrir	Abrir	Ouvrir	
Shows this capture's folder	tr_menu.cpp:kEntries	Mostra a pasta desta captura	Muestra la carpeta de esta captura	Affiche le dossier de cette capture	
Click again to delete	tr_menu.cpp:kEntries	Clique de novo para excluir	Haz clic otra vez para borrar	Cliquez encore pour supprimer	
Deletes this capture for good	tr_menu.cpp:kEntries	Exclui esta captura de vez	Borra esta captura para siempre	Supprime cette capture définitivement	
Open the captures folder	tr_menu.cpp:kEntries	Abrir a pasta das capturas	Abrir la carpeta de capturas	Ouvrir le dossier des captures	
Opens Apex Radiance › Captures in your Documents folder	tr_menu.cpp:kEntries	Abre Apex Radiance › Captures na sua pasta Documentos	Abre Apex Radiance › Captures en tu carpeta Documentos	Ouvre Apex Radiance › Captures dans votre dossier Documents	
Delete all	tr_menu.cpp:kEntries	Excluir todas	Borrar todas	Tout supprimer	
Deletes every saved capture for good	tr_menu.cpp:kEntries	Exclui todas as capturas salvas de vez	Borra todas las capturas guardadas para siempre	Supprime définitivement toutes les captures enregistrées	
Captures are never overwritten or deleted by themselves; delete the ones you no longer need here.	tr_menu.cpp:kEntries	As capturas nunca são sobrescritas nem apagadas sozinhas; exclua aqui as que não precisar mais.	Las capturas nunca se sobrescriben ni se borran solas; borra aquí las que ya no necesites.	Les captures ne sont jamais écrasées ni supprimées d'elles-mêmes ; supprimez ici celles dont vous n'avez plus besoin.	
Recording {} s · press {} to stop	tr_menu.cpp:kEntries	Gravando {} s · aperte {} para parar	Grabando {} s · pulsa {} para detener	Enregistrement {} s · appuyez sur {} pour arrêter	{} {}
Capture session open · {} captures · end it on the Report a problem page	tr_menu.cpp:kEntries	Sessão de capturas aberta · {} capturas · encerre na página Relatar um problema	Sesión de capturas abierta · {} capturas · termínala en la página Informar un problema	Session de captures ouverte · {} captures · terminez-la sur la page Signaler un problème	{}
Session saved in Captures › {}	tr_menu.cpp:kEntries	Sessão salva em Captures › {}	Sesión guardada en Captures › {}	Session enregistrée dans Captures › {}	{}
Added to the session: {}	tr_menu.cpp:kEntries	Adicionada à sessão: {}	Añadida a la sesión: {}	Ajoutée à la session : {}	{}
Saved in Captures › {}	tr_menu.cpp:kEntries	Salva em Captures › {}	Guardada en Captures › {}	Enregistrée dans Captures › {}	{}
Lighting snapshot: load a world first	tr_menu.cpp:kEntries	Retrato da iluminação: carregue um mundo antes	Instantánea de la iluminación: carga un mundo primero	Instantané de l'éclairage : chargez d'abord un monde	
Capturing the light under the mouse…	tr_menu.cpp:kEntries	Capturando a luz sob o mouse…	Capturando la luz bajo el ratón…	Capture de la lumière sous la souris…	
REPORT A PROBLEM	tr_menu.cpp:kEntries	RELATAR UM PROBLEMA	INFORMAR UN PROBLEMA	SIGNALER UN PROBLÈME	
Recording a session · {}:{:02} · {} captures	tr_menu.cpp:kEntries	Gravando uma sessão · {}:{:02} · {} capturas	Grabando una sesión · {}:{:02} · {} capturas	Session en cours · {}:{:02} · {} captures	{} {:02} {}
The best way to report a problem: everything you capture goes into one folder	tr_menu.cpp:kEntries	O melhor jeito de relatar um problema: tudo o que você capturar vai para uma pasta só	La mejor forma de informar un problema: todo lo que captures va a una sola carpeta	La meilleure façon de signaler un problème : tout ce que vous capturez va dans un seul dossier	
Start a session here	tr_menu.cpp:kEntries	Comece uma sessão aqui	Empieza una sesión aquí	Démarrez une session ici	
Make the problem happen and save captures, with the buttons below or their keys	tr_menu.cpp:kEntries	Faça o problema acontecer e salve capturas, com os botões abaixo ou as teclas deles	Haz que ocurra el problema y guarda capturas, con los botones de abajo o sus teclas	Reproduisez le problème et enregistrez des captures, avec les boutons ci-dessous ou leurs touches	
End it: one folder with the captures, the log and your settings, ready to send	tr_menu.cpp:kEntries	Encerre: uma pasta com as capturas, o log e as suas configurações, pronta para enviar	Termínala: una carpeta con las capturas, el registro y tus ajustes, lista para enviar	Terminez-la : un dossier avec les captures, le journal et vos réglages, prêt à envoyer	
Start a session	tr_menu.cpp:kEntries	Começar uma sessão	Empezar una sesión	Démarrer une session	
Every capture you save goes into this session's folder until you end it	tr_menu.cpp:kEntries	Toda captura que você salvar vai para a pasta desta sessão até você encerrá-la	Cada captura que guardes va a la carpeta de esta sesión hasta que la termines	Chaque capture enregistrée va dans le dossier de cette session jusqu'à ce que vous la terminiez	
No captures yet: make the problem happen, then save captures with the buttons below or their keys.	tr_menu.cpp:kEntries	Nenhuma captura ainda: faça o problema acontecer e salve capturas com os botões abaixo ou as teclas deles.	Ninguna captura todavía: haz que ocurra el problema y guarda capturas con los botones de abajo o sus teclas.	Aucune capture pour l'instant : reproduisez le problème, puis enregistrez des captures avec les boutons ci-dessous ou leurs touches.	
… and {} more	tr_menu.cpp:kEntries	… e mais {}	… y {} más	… et {} de plus	{}
End and save the session	tr_menu.cpp:kEntries	Encerrar e salvar a sessão	Terminar y guardar la sesión	Terminer et enregistrer la session	
Adds the log, your settings and a list of the captures, ready to zip and send	tr_menu.cpp:kEntries	Junta o log, as suas configurações e a lista das capturas, pronto para compactar e enviar	Añade el registro, tus ajustes y la lista de capturas, listo para comprimir y enviar	Ajoute le journal, vos réglages et la liste des captures, prêt à compresser et envoyer	
Open its folder	tr_menu.cpp:kEntries	Abrir a pasta dela	Abrir su carpeta	Ouvrir son dossier	
Shows this session's folder	tr_menu.cpp:kEntries	Mostra a pasta desta sessão	Muestra la carpeta de esta sesión	Affiche le dossier de cette session	
Include a screenshot	tr_menu.cpp:kEntries	Incluir uma imagem da tela	Incluir una captura de pantalla	Inclure une capture d'écran	
Each capture saves a screenshot without this menu to show the problem	tr_menu.cpp:kEntries	Cada captura também salva uma imagem da tela (sem este menu), para o problema poder ser visto	Cada captura también guarda una imagen de la pantalla (sin este menú), para que se vea el problema	Chaque capture enregistre aussi une image de l'écran (sans ce menu), pour que le problème se voie	
Start note	tr_menu.cpp:kEntries	Aviso de inicialização	Aviso al iniciar	Note au démarrage	
The small note at the top center of the screen at every start, with the key that opens this menu	tr_menu.cpp:kEntries	O pequeno aviso no alto, ao centro da tela, a cada início, com o atalho que abre este menu	El pequeño aviso arriba, en el centro de la pantalla, en cada inicio, con el atajo que abre este menú	Le petit avis en haut au centre de l'écran à chaque démarrage, avec le raccourci qui ouvre ce menu	
Developer	tr_developer.inc:kDeveloperEntries	Desenvolvimento	Desarrollo	Développement	
Start here	tr_developer.inc:kDeveloperEntries	Comece aqui	Empieza aquí	Commencer ici	
Captures	tr_developer.inc:kDeveloperEntries	Capturas	Capturas	Captures	
Visual effects	tr_developer.inc:kDeveloperEntries	Efeitos visuais	Efectos visuales	Effets visuels	
Translations	tr_developer.inc:kDeveloperEntries	Traduções	Traducciones	Traductions	
Planning inventory	tr_developer.inc:kDeveloperEntries	Inventário do planejamento	Inventario del plan	Inventaire du projet	
Choose what you want to investigate. Each section explains the test and keeps its technical tools together.	tr_developer.inc:kDeveloperEntries	Escolha o que quer investigar. Cada seção explica o teste e reúne as ferramentas técnicas relacionadas.	Elige qué quieres investigar. Cada sección explica la prueba y reúne sus herramientas técnicas.	Choisissez ce que vous souhaitez examiner. Chaque section explique le test et regroupe les outils techniques associés.	
Private development preview · simulated actions	tr_developer.inc:kDeveloperEntries	Prévia privada de desenvolvimento · ações simuladas	Vista previa privada de desarrollo · acciones simuladas	Aperçu privé de développement · actions simulées	
Preview language	tr_developer.inc:kDeveloperEntries	Idioma da prévia	Idioma de la vista previa	Langue de l’aperçu	
What this section helps you check	tr_developer.inc:kDeveloperEntries	O que esta seção ajuda a verificar	Qué puedes comprobar aquí	Ce que cette section permet de vérifier	
Measurements and status	tr_developer.inc:kDeveloperEntries	Medições e estados	Mediciones y estados	Mesures et états	
Available during a game session	tr_developer.inc:kDeveloperEntries	Disponível durante uma sessão do jogo	Disponible durante una sesión de juego	Disponible pendant une session de jeu	
Technical reference from the current code	tr_developer.inc:kDeveloperEntries	Referência técnica do código atual	Referencia técnica del código actual	Référence technique du code actuel	
Original key, limits and binding	tr_developer.inc:kDeveloperEntries	Chave, limites e vínculo originais	Clave, límites y enlace originales	Clé, limites et liaison d’origine	
Source	tr_developer.inc:kDeveloperEntries	Origem	Origen	Source	
Original technical text	tr_developer.inc:kDeveloperEntries	Texto técnico original	Texto técnico original	Texte technique d’origine	
Individual lighting tests	tr_developer.inc:kDeveloperEntries	Testes individuais de iluminação	Pruebas individuales de iluminación	Tests individuels d’éclairage	
Change one setting at a time and compare the same scene. Keep the existing key, default and reload requirements.	tr_developer.inc:kDeveloperEntries	Altere uma opção por vez e compare a mesma cena. Preserve a chave, o padrão e os requisitos de recarregamento existentes.	Cambia una opción a la vez y compara la misma escena. Conserva la clave, el valor predeterminado y los requisitos de recarga.	Modifiez une option à la fois et comparez la même scène. Conservez la clé, la valeur par défaut et les conditions de rechargement.	
Enabled	tr_developer.inc:kDeveloperEntries	Ativado	Activado	Activé	
Run test	tr_developer.inc:kDeveloperEntries	Executar teste	Ejecutar prueba	Lancer le test	
Restore defaults	tr_developer.inc:kDeveloperEntries	Restaurar padrões	Restaurar valores	Rétablir les valeurs	
Clear collected data	tr_developer.inc:kDeveloperEntries	Limpar dados coletados	Borrar datos recopilados	Effacer les données recueillies	
Start measurement	tr_developer.inc:kDeveloperEntries	Iniciar medição	Iniciar medición	Démarrer la mesure	
Stop measurement	tr_developer.inc:kDeveloperEntries	Parar medição	Detener medición	Arrêter la mesure	
Save measurement report	tr_developer.inc:kDeveloperEntries	Salvar relatório da medição	Guardar informe de medición	Enregistrer le rapport de mesure	
Clear the previous data, reproduce the stutter, then stop and save. High FPS can still hide short pauses.	tr_developer.inc:kDeveloperEntries	Limpe os dados anteriores, reproduza a travada, pare e salve. Um FPS alto ainda pode esconder travadas breves.	Borra los datos anteriores, reproduce el tirón, detén y guarda. Unos FPS altos pueden ocultar pausas breves.	Effacez les anciennes données, reproduisez la saccade, arrêtez et enregistrez. Des FPS élevés peuvent masquer de brèves pauses.	
Capture before	tr_developer.inc:kDeveloperEntries	Capturar antes	Capturar antes	Capturer avant	
Capture after	tr_developer.inc:kDeveloperEntries	Capturar depois	Capturar después	Capturer après	
Compare the same scene	tr_developer.inc:kDeveloperEntries	Comparar a mesma cena	Comparar la misma escena	Comparer la même scène	
Keep the camera fixed. Save the correct state, cause the problem and save again. Refresh only after capturing the incorrect state.	tr_developer.inc:kDeveloperEntries	Mantenha a câmera parada. Salve a cena correta, provoque o problema e salve de novo. Atualize a iluminação só depois de capturar o erro.	Mantén la cámara fija. Guarda la escena correcta, provoca el problema y guarda de nuevo. Actualiza la iluminación después de capturar el error.	Gardez la caméra fixe. Enregistrez la scène correcte, provoquez le problème et capturez à nouveau. Actualisez l’éclairage après avoir capturé le défaut.	
Begin capture session	tr_developer.inc:kDeveloperEntries	Iniciar sessão de capturas	Iniciar sesión de capturas	Démarrer une session de captures	
End capture session	tr_developer.inc:kDeveloperEntries	Encerrar sessão de capturas	Finalizar sesión de capturas	Terminer la session de captures	
Save diagnostic report	tr_developer.inc:kDeveloperEntries	Salvar relatório de diagnóstico	Guardar informe de diagnóstico	Enregistrer un rapport de diagnostic	
Start / stop lighting recording	tr_developer.inc:kDeveloperEntries	Iniciar / parar gravação da iluminação	Iniciar / detener grabación de iluminación	Démarrer / arrêter l’enregistrement de l’éclairage	
Save lighting snapshot	tr_developer.inc:kDeveloperEntries	Salvar estado da iluminação	Guardar estado de iluminación	Enregistrer l’état de l’éclairage	
Open captures folder	tr_developer.inc:kDeveloperEntries	Abrir pasta de capturas	Abrir carpeta de capturas	Ouvrir le dossier des captures	
Open session folder	tr_developer.inc:kDeveloperEntries	Abrir pasta da sessão	Abrir carpeta de la sesión	Ouvrir le dossier de la session	
A session keeps related captures together. Reports save the log and settings; lighting recording lasts up to 20 seconds. The Profiler saves a separate measurement report.	tr_developer.inc:kDeveloperEntries	Uma sessão reúne as capturas do mesmo teste. Os relatórios salvam o log e as configurações; a gravação da iluminação dura até 20 segundos. O Profiler salva um relatório de medição separado.	Una sesión reúne las capturas de la misma prueba. Los informes guardan el registro y la configuración; la grabación de iluminación dura hasta 20 segundos. El Profiler guarda un informe de medición separado.	Une session regroupe les captures d’un même test. Les rapports enregistrent le journal et les réglages ; l’enregistrement de l’éclairage dure jusqu’à 20 secondes. Le Profiler produit un rapport de mesure distinct.	
Saved captures	tr_developer.inc:kDeveloperEntries	Capturas salvas	Capturas guardadas	Captures enregistrées	
Nothing saved in this preview	tr_developer.inc:kDeveloperEntries	Nada salvo nesta prévia	Nada guardado en esta vista previa	Aucune capture dans cet aperçu	
Open selected capture	tr_developer.inc:kDeveloperEntries	Abrir captura selecionada	Abrir captura seleccionada	Ouvrir la capture sélectionnée	
Delete selected capture	tr_developer.inc:kDeveloperEntries	Excluir captura selecionada	Eliminar captura seleccionada	Supprimer la capture sélectionnée	
Delete all captures	tr_developer.inc:kDeveloperEntries	Excluir todas as capturas	Eliminar todas las capturas	Supprimer toutes les captures	
Click again to confirm deletion	tr_developer.inc:kDeveloperEntries	Clique novamente para confirmar a exclusão	Haz clic de nuevo para confirmar la eliminación	Cliquez à nouveau pour confirmer la suppression	
Open the affected screens in the language you want to check. Save the missing-text list and placeholder errors to the log.	tr_developer.inc:kDeveloperEntries	Abra as telas afetadas no idioma que quer verificar. Salve no log a lista de textos sem tradução e os erros nos argumentos das traduções.	Abre las pantallas afectadas en el idioma que quieres comprobar. Guarda en el registro los textos sin traducir y los errores de argumentos.	Ouvrez les écrans concernés dans la langue à vérifier. Enregistrez dans le journal les textes non traduits et les erreurs de paramètres.	
Missing translations	tr_developer.inc:kDeveloperEntries	Textos sem tradução	Textos sin traducir	Textes non traduits	
Translation argument errors	tr_developer.inc:kDeveloperEntries	Erros nos argumentos da tradução	Errores de argumentos de traducción	Erreurs de paramètres de traduction	
Write the list to the log	tr_developer.inc:kDeveloperEntries	Salvar a lista no log	Guardar la lista en el registro	Écrire la liste dans le journal	
Inspect one effect at a time. Save the result and switch off its diagnostic view when finished. Conditional controls remain tied to their effect.	tr_developer.inc:kDeveloperEntries	Inspecione um efeito por vez. Salve o resultado e desligue a visualização de diagnóstico ao terminar. Controles condicionais continuam ligados ao efeito correspondente.	Inspecciona un efecto a la vez. Guarda el resultado y desactiva su vista de diagnóstico al terminar. Los controles condicionales siguen ligados a su efecto.	Examinez un effet à la fois. Enregistrez le résultat et désactivez la vue de diagnostic à la fin. Les commandes conditionnelles restent liées à leur effet.	
Every mapped source entry is kept below. Original code labels and keys remain unchanged in the technical reference. The final in-game audit is still required.	tr_developer.inc:kDeveloperEntries	Todas as entradas mapeadas estão abaixo. Os rótulos e as chaves do código permanecem intactos na referência técnica. Ainda é preciso conferir a implementação dentro do jogo.	Todas las entradas identificadas están abajo. Las etiquetas y claves del código se conservan en la referencia técnica. Aún falta comprobar la implementación dentro del juego.	Toutes les entrées recensées figurent ci-dessous. Les libellés et clés du code restent inchangés dans la référence technique. La vérification dans le jeu reste nécessaire.	
Preview updated. No game files were changed.	tr_developer.inc:kDeveloperEntries	Prévia atualizada. Nenhum arquivo do jogo foi alterado.	Vista previa actualizada. No se modificó ningún archivo del juego.	Aperçu mis à jour. Aucun fichier du jeu n’a été modifié.	
Return to the normal view	tr_developer.inc:kDeveloperEntries	Voltar à visualização normal	Volver a la vista normal	Revenir à la vue normale	
This design is for the private development build. Public releases keep Developer hidden.	tr_developer.inc:kDeveloperEntries	Este desenho é para a versão privada de desenvolvimento. As releases públicas continuam sem a área Developer.	Este diseño es para la versión privada de desarrollo. Las versiones públicas mantienen Developer oculto.	Ce design concerne la version privée de développement. Les versions publiques masquent toujours Developer.	
Temporarily replace a captured texture	tr_developer.inc:kDeveloperEntries	Substituir temporariamente uma textura capturada	Sustituir temporalmente una textura capturada	Remplacer temporairement une texture capturée	
One control appears for each captured texture. Actual slots and texture names come from the selected pixel.	tr_developer.inc:kDeveloperEntries	Aparece um controle para cada textura capturada. Os slots e nomes reais vêm do pixel selecionado.	Aparece un control por textura capturada. Las ranuras y nombres reales proceden del píxel seleccionado.	Une commande apparaît par texture capturée. Les emplacements et noms réels proviennent du pixel sélectionné.	
Keep the configured shortcuts, current session duration and item list, capture status and recent-crash warning visible.	tr_developer.inc:kDeveloperEntries	Mantenha visíveis os atalhos configurados, a duração e os itens da sessão, o estado da captura e o aviso de crash recente.	Mantén visibles los atajos configurados, duración y elementos de sesión, estado de captura y aviso de fallo reciente.	Gardez visibles les raccourcis configurés, la durée et les éléments de session, l’état de capture et l’avertissement de plantage récent.	
Additional tools not currently exposed	tr_developer.inc:kDeveloperEntries	Ferramentas que ainda não aparecem nesta área	Herramientas aún no visibles en esta área	Outils non encore affichés dans cette section	
Fast CAS, Fast Memory and Room Queue have their own diagnostic renderers, but the current Developer page does not call them. Their inclusion needs a separate decision.	tr_developer.inc:kDeveloperEntries	Fast CAS, Fast Memory e Room Queue têm painéis de diagnóstico no código, mas a página Developer atual não os chama. A inclusão deles precisa ser decidida separadamente.	Fast CAS, Fast Memory y Room Queue tienen paneles de diagnóstico en el código, pero Developer no los llama. Su inclusión requiere una decisión aparte.	Fast CAS, Fast Memory et Room Queue possèdent des panneaux de diagnostic dans le code, mais Developer ne les appelle pas. Leur ajout nécessite une décision distincte.	
Room, lamp and ground lighting	tr_developer.inc:kDeveloperEntries	Iluminação de cômodos, lâmpadas e chão	Iluminación de habitaciones, lámparas y suelo	Éclairage des pièces, lampes et sol	
Check how lighting responds to floor changes and lamp edits. Capture the problem before forcing a rebuild.	tr_developer.inc:kDeveloperEntries	Verifique como a luz responde à troca de andar e às mudanças nas lâmpadas. Capture o problema antes de forçar uma reconstrução.	Comprueba cómo responde la luz al cambiar de planta o modificar lámparas. Captura el problema antes de forzar una reconstrucción.	Vérifiez la réaction de l’éclairage aux changements d’étage et de lampes. Capturez le problème avant de forcer un recalcul.	
Light at one spot	tr_developer.inc:kDeveloperEntries	Luz em um ponto	Luz en un punto	Lumière en un point	
Point at the affected spot and use the configured Probe shortcut. Replace a captured texture temporarily to see which one causes the issue.	tr_developer.inc:kDeveloperEntries	Aponte para o local afetado e use o atalho configurado da sonda. Substitua temporariamente uma textura capturada para descobrir qual causa o problema.	Apunta al lugar afectado y usa el atajo de la sonda. Sustituye temporalmente una textura capturada para identificar la causa.	Pointez l’endroit concerné et utilisez le raccourci de la sonde. Remplacez temporairement une texture capturée pour identifier la cause.	
Frame times and stutters	tr_developer.inc:kDeveloperEntries,tr_developer.inc:kDevBuildExtra	Tempo dos quadros e travadas	Tiempo de los fotogramas y tirones	Durée des images et saccades	
Compare typical frame times with the longest pauses, then examine what contributed to each stutter.	tr_developer.inc:kDeveloperEntries	Compare o tempo normal dos quadros com as travadas mais longas e veja o que contribuiu para cada uma.	Compara los tiempos habituales con las pausas más largas y revisa qué contribuyó a cada tirón.	Comparez les durées habituelles aux pauses les plus longues, puis examinez ce qui a contribué à chaque saccade.	
Game work and waiting time	tr_developer.inc:kDeveloperEntries	Trabalho do jogo e tempo de espera	Trabajo del juego y tiempo de espera	Travail du jeu et temps d’attente	
Separate time spent doing work from time waiting for another task. Inclusive time contains nested work; self time does not.	tr_developer.inc:kDeveloperEntries	Separe o tempo trabalhando do tempo esperando outra tarefa. O tempo total inclui operações internas; o tempo próprio exclui essas operações.	Separa el tiempo de trabajo del tiempo esperando otra tarea. El tiempo total incluye operaciones internas; el tiempo propio las excluye.	Distinguez le travail des attentes. Le temps total inclut les opérations internes ; le temps propre les exclut.	
Find what the game is executing	tr_developer.inc:kDeveloperEntries	Identificar o que o jogo está executando	Identificar qué ejecuta el juego	Identifier ce que le jeu exécute	
Sampling briefly pauses a game thread to inspect its work. It adds overhead, so use it for investigation rather than normal play.	tr_developer.inc:kDeveloperEntries	A amostragem pausa brevemente uma thread do jogo para examinar seu trabalho. Ela tem custo: use durante a investigação, não durante o jogo normal.	El muestreo pausa brevemente un hilo del juego para examinar su trabajo. Añade carga: úsalo para investigar, no al jugar normalmente.	L’échantillonnage suspend brièvement un thread pour examiner son travail. Il ajoute une charge : réservez-le aux investigations.	
Measurement settings	tr_developer.inc:kDeveloperEntries	Configurações da medição	Configuración de medición	Réglages de mesure	
Choose what counts as a stutter and which operations to measure. Extra timing can change the result you are measuring.	tr_developer.inc:kDeveloperEntries	Defina o que conta como travada e quais operações medir. Medições extras podem alterar o resultado que você está investigando.	Define qué cuenta como tirón y qué operaciones medir. Las mediciones adicionales pueden alterar el resultado investigado.	Définissez ce qui constitue une saccade et les opérations à mesurer. Des mesures supplémentaires peuvent modifier le résultat observé.	
Start, clear and save a measurement	tr_developer.inc:kDeveloperEntries	Iniciar, limpar e salvar uma medição	Iniciar, borrar y guardar una medición	Démarrer, effacer et enregistrer une mesure	
Use the timing preset first. Use sampling when you need to locate the work behind a pause. Clear before the test and save afterwards.	tr_developer.inc:kDeveloperEntries	Comece pelo perfil de tempos. Use amostragem quando precisar identificar o que causa uma travada. Limpe os dados antes do teste e salve a medição ao terminar.	Empieza con el perfil de tiempos. Usa el muestreo para localizar el trabajo detrás de una pausa. Borra antes y guarda después de la prueba.	Commencez par le profil de durées. Utilisez l’échantillonnage pour identifier le travail à l’origine d’une pause. Effacez avant le test et enregistrez après.	
File searches and remembered answers	tr_developer.inc:kDeveloperEntries	Busca de arquivos e respostas guardadas	Búsqueda de archivos y respuestas guardadas	Recherche de fichiers et réponses mémorisées	
Check whether remembered answers match the game. Compare matching, different and inconclusive answers; validation adds work.	tr_developer.inc:kDeveloperEntries	Verifique se as respostas guardadas coincidem com as do jogo. Compare respostas iguais, diferentes e inconclusivas; validar tem custo.	Comprueba si las respuestas guardadas coinciden con las del juego. Revisa resultados iguales, distintos e inconclusos; validar añade trabajo.	Vérifiez que les réponses mémorisées correspondent à celles du jeu. Comparez résultats identiques, différents et indéterminés ; la validation ajoute du travail.	
Lighting while the camera moves	tr_developer.inc:kDeveloperEntries	Iluminação durante o movimento da câmera	Iluminación al mover la cámara	Éclairage pendant les mouvements de caméra	
Check which lighting passes were delayed, how long they waited and whether the camera was read correctly.	tr_developer.inc:kDeveloperEntries	Verifique quais etapas de iluminação foram adiadas, quanto esperaram e se a posição da câmera foi lida corretamente.	Revisa qué pasos de iluminación se aplazaron, cuánto esperaron y si la cámara se leyó correctamente.	Vérifiez les étapes différées, leur attente et la lecture correcte de la caméra.	
Objects spread across frames	tr_developer.inc:kDeveloperEntries	Objetos distribuídos entre quadros	Objetos repartidos entre fotogramas	Objets répartis entre les images	
Balance the amount of object work per frame against the longest allowed wait. Review the pending queue and object-lifetime checks.	tr_developer.inc:kDeveloperEntries	Equilibre o trabalho com objetos por quadro e a espera máxima permitida. Confira a fila pendente e as verificações de vida dos objetos.	Equilibra el trabajo de objetos por fotograma y la espera máxima. Revisa la cola y las comprobaciones de vida de los objetos.	Équilibrez le travail par image et l’attente maximale. Examinez la file et les vérifications de durée de vie des objets.	
Find objects faster	tr_developer.inc:kDeveloperEntries	Localizar objetos mais rápido	Encontrar objetos más rápido	Trouver les objets plus vite	
Compare indexed answers with the game. Watch for expired entries, changed paths and differences in validation.	tr_developer.inc:kDeveloperEntries	Compare as respostas do índice com as do jogo. Observe entradas vencidas, caminhos alterados e diferenças na validação.	Compara las respuestas del índice con las del juego. Revisa entradas caducadas, rutas cambiadas y diferencias de validación.	Comparez les réponses de l’index à celles du jeu. Surveillez les entrées expirées, chemins modifiés et écarts de validation.	
Texture compression and processor cores	tr_developer.inc:kDeveloperEntries	Compressão de texturas e núcleos do processador	Compresión de texturas y núcleos del procesador	Compression des textures et cœurs du processeur	
Compare compressed textures with the game. Worker limits depend on the processor; zero workers means one core.	tr_developer.inc:kDeveloperEntries	Compare as texturas comprimidas com as do jogo. O limite de trabalhadores depende do processador; zero significa um núcleo.	Compara las texturas comprimidas con las del juego. El límite de trabajadores depende del procesador; cero significa un núcleo.	Comparez les textures compressées à celles du jeu. Le nombre de workers dépend du processeur ; zéro utilise un seul cœur.	
Compressed game data	tr_developer.inc:kDeveloperEntries	Dados comprimidos do jogo	Datos comprimidos del juego	Données compressées du jeu	
Check that compressed data decompresses correctly. Running the game’s compressor too adds its processing time to the test.	tr_developer.inc:kDeveloperEntries	Verifique se os dados comprimidos são descomprimidos corretamente. Executar também o compressor do jogo acrescenta esse tempo ao teste.	Comprueba que los datos se descomprimen correctamente. Ejecutar también el compresor del juego añade su tiempo a la prueba.	Vérifiez que les données se décompressent correctement. Exécuter aussi le compresseur du jeu ajoute son temps au test.	
Edge smoothing	tr_developer.inc:kDeveloperEntries	Suavização de bordas	Suavizado de bordes	Lissage des contours	
Inspect smoothed pixels and temporal history. Temporal controls appear only when that mode is active.	tr_developer.inc:kDeveloperEntries	Inspecione os pixels suavizados e o histórico temporal. Os controles temporais só aparecem quando esse modo está ativo.	Inspecciona los píxeles suavizados y el historial temporal. Los controles temporales aparecen solo con ese modo activo.	Examinez les pixels lissés et l’historique temporel. Les commandes temporelles n’apparaissent que si ce mode est actif.	
Depth blur	tr_developer.inc:kDeveloperEntries	Desfoque de profundidade	Desenfoque de profundidad	Flou de profondeur	
Inspect focus and blur strength. The far-plane value is used only by fixed focus.	tr_developer.inc:kDeveloperEntries	Inspecione o foco e a intensidade do desfoque. A distância do plano distante só é usada no foco fixo.	Inspecciona el enfoque y la intensidad del desenfoque. El plano lejano solo se usa con enfoque fijo.	Examinez la mise au point et le flou. Le plan lointain n’est utilisé qu’en mise au point fixe.	
Ambient shadows	tr_developer.inc:kDeveloperEntries	Sombras de ambiente	Sombras ambientales	Ombres ambiantes	
Show the added shade by itself and save depth and colour for investigation.	tr_developer.inc:kDeveloperEntries	Mostre apenas a sombra acrescentada e salve a profundidade e a cor para investigar.	Muestra solo la sombra añadida y guarda la profundidad y el color para investigar.	Affichez uniquement l’ombre ajoutée et enregistrez profondeur et couleur pour l’analyse.	
Gradient correction coverage	tr_developer.inc:kDeveloperEntries	Cobertura da correção de degradês	Cobertura de la corrección de degradados	Couverture de la correction des dégradés	
Show which surfaces receive the correction and review why some shaders were refused.	tr_developer.inc:kDeveloperEntries	Mostre quais superfícies recebem a correção e confira por que alguns shaders foram recusados.	Muestra qué superficies reciben la corrección y revisa por qué se rechazaron algunos shaders.	Affichez les surfaces corrigées et examinez pourquoi certains shaders ont été refusés.	
Image adjustments	tr_developer.inc:kDeveloperEntries	Ajustes da imagem	Ajustes de imagen	Réglages de l’image	
Review image precision and the time the effect uses on the graphics card.	tr_developer.inc:kDeveloperEntries	Confira a precisão da imagem e o tempo que o efeito usa na placa de vídeo.	Revisa la precisión de la imagen y el tiempo que usa el efecto en la tarjeta gráfica.	Examinez la précision de l’image et le temps GPU utilisé par l’effet.	
Capture two drawn frames	tr_developer.inc:kDeveloperEntries	Capturar dois quadros desenhados	Capturar dos fotogramas dibujados	Capturer deux images rendues	
Save the game’s drawing operations to a text file. This is detailed evidence for rendering problems.	tr_developer.inc:kDeveloperEntries	Salve as operações de desenho do jogo em um arquivo de texto. Isso reúne evidências detalhadas de problemas na renderização.	Guarda las operaciones de dibujo del juego en un archivo de texto. Es una prueba detallada para problemas de renderizado.	Enregistrez les opérations de rendu du jeu dans un fichier texte. Cela fournit des données détaillées pour les problèmes de rendu.	
Correction status: rooms, floors, objects and shadows	tr_developer.inc:kDeveloperEntries	Estado das correções: cômodos, andares, objetos e sombras	Estado de correcciones: habitaciones, plantas, objetos y sombras	État des corrections : pièces, étages, objets et ombres	
Surface lighting: walls, roofs, water, ground and map edges	tr_developer.inc:kDeveloperEntries	Luz nas superfícies: paredes, telhados, água, chão e bordas dos mapas	Luz en superficies: paredes, tejados, agua, suelo y bordes de mapas	Éclairage des surfaces : murs, toits, eau, sol et limites des cartes	
Light colour, moonlight, GPU/CPU comparison and smoothing state	tr_developer.inc:kDeveloperEntries	Cor da luz, luar, comparação GPU/CPU e estado da suavização	Color de luz, luz lunar, comparación GPU/CPU y estado del suavizado	Couleur de la lumière, clair de lune, comparaison GPU/CPU et lissage	
Last event, night level, loading state and dusk crossings	tr_developer.inc:kDeveloperEntries	Último evento, nível noturno, carregamento e mudanças ao anoitecer	Último evento, nivel nocturno, carga y cambios al anochecer	Dernier événement, niveau nocturne, chargement et passages au crépuscule	
Rebuilds completed, skipped or delayed; reason and camera state	tr_developer.inc:kDeveloperEntries	Reconstruções feitas, ignoradas ou adiadas; motivo e estado da câmera	Reconstrucciones realizadas, omitidas o aplazadas; motivo y estado de cámara	Recalculs terminés, ignorés ou différés ; motif et état de la caméra	
Lamp snapshot, ground sections, nearby updates, paced rebuilds and failures	tr_developer.inc:kDeveloperEntries	Estado salvo das lâmpadas, trechos do chão, atualizações locais, reconstruções em etapas e falhas	Estado guardado de lámparas, secciones del suelo, actualizaciones locales, recalculados por etapas y fallos	État mémorisé des lampes, sections du sol, mises à jour locales, recalculs progressifs et échecs	
Lot updates, queued floors, street lamps and lot lamps counted	tr_developer.inc:kDeveloperEntries	Atualizações dos lotes, andares na fila, postes e lâmpadas do lote contabilizados	Actualizaciones de solares, plantas en cola, farolas y lámparas contabilizadas	Mises à jour des terrains, étages en attente, réverbères et lampes comptés	
Selected spot, capture status and comparison between two measurements	tr_developer.inc:kDeveloperEntries	Ponto selecionado, estado da captura e comparação de duas medições	Punto seleccionado, estado de captura y comparación de dos mediciones	Point sélectionné, état de capture et comparaison de deux mesures	
Textures used at the selected pixel; restore them after testing	tr_developer.inc:kDeveloperEntries	Texturas usadas no pixel selecionado; restaure ao terminar o teste	Texturas usadas en el píxel seleccionado; restáuralas al terminar	Textures du pixel sélectionné ; rétablissez-les après le test	
Frame duration, FPS, CPU, Present and frame-limiter time	tr_developer.inc:kDeveloperEntries	Duração do quadro, FPS, CPU, apresentação e tempo do limitador de quadros	Duración del fotograma, FPS, CPU, presentación y tiempo del limitador	Durée de l’image, FPS, CPU, présentation et temps du limiteur	
Draw calls, graphics-state changes and time in mod callbacks	tr_developer.inc:kDeveloperEntries	Chamadas de desenho, mudanças de estado gráfico e tempo nas chamadas do mod	Llamadas de dibujo, cambios de estado gráfico y tiempo en llamadas del mod	Appels de rendu, changements d’état graphique et temps des rappels du mod	
Median, p95, p99, maximum, frame count and stutter count	tr_developer.inc:kDeveloperEntries	Mediana, p95, p99, máximo, quantidade de quadros e travadas	Mediana, p95, p99, máximo, cantidad de fotogramas y tirones	Médiane, p95, p99, maximum, nombre d’images et de saccades	
Camera moving versus still; average and worst contribution to each pause	tr_developer.inc:kDeveloperEntries	Câmera em movimento ou parada; contribuição média e máxima em cada pausa	Cámara en movimiento o quieta; contribución media y máxima a cada pausa	Caméra mobile ou fixe ; contribution moyenne et maximale à chaque pause	
Calls and time per frame; inclusive time, self time, dominant causes and recent pauses	tr_developer.inc:kDeveloperEntries	Chamadas e tempo por quadro; tempo total, tempo próprio, causas principais e travadas recentes	Llamadas y tiempo por fotograma; tiempo total, propio, causas principales y pausas recientes	Appels et temps par image ; temps total, propre, causes dominantes et pauses récentes	
Service updates and jobs on the rendering thread	tr_developer.inc:kDeveloperEntries	Atualizações de serviços e tarefas na thread de renderização	Actualizaciones de servicios y tareas en el hilo de renderizado	Mises à jour des services et tâches du thread de rendu	
Time spent waiting for jobs, locks and semaphores	tr_developer.inc:kDeveloperEntries	Tempo esperando tarefas, travas e semáforos	Tiempo esperando tareas, bloqueos y semáforos	Temps d’attente des tâches, verrous et sémaphores	
Simulation and other threads: total time, self time and calls	tr_developer.inc:kDeveloperEntries	Simulação e outras threads: tempo total, próprio e chamadas	Simulación y otros hilos: tiempo total, propio y llamadas	Simulation et autres threads : temps total, propre et appels	
Sampling rate, pause cost per sample and discarded samples	tr_developer.inc:kDeveloperEntries	Frequência de amostragem, custo da amostragem por amostra e amostras descartadas	Frecuencia de muestreo, coste de pausa por muestra y muestras descartadas	Fréquence, coût de suspension par échantillon et échantillons rejetés	
Identified rendering and simulation threads; samples during and outside stutters	tr_developer.inc:kDeveloperEntries	Threads de renderização e simulação identificadas; amostras durante e fora das travadas	Hilos identificados de renderizado y simulación; muestras durante y fuera de tirones	Threads de rendu et simulation identifiés ; échantillons pendant et hors saccades	
Most sampled code, call sites and origins of system operations	tr_developer.inc:kDeveloperEntries	Código mais amostrado, pontos de chamada e origens das operações do sistema	Código más muestreado, puntos de llamada y origen de operaciones del sistema	Code le plus échantillonné, sites d’appel et origine des opérations système	
Hook status and addresses; calls by rendering, simulation and other threads	tr_developer.inc:kDeveloperEntries	Estado e endereços dos hooks; chamadas nas threads de renderização, simulação e outras	Estado y direcciones de hooks; llamadas de renderizado, simulación y otros hilos	État et adresses des hooks ; appels du rendu, de la simulation et des autres threads	
Garbage collection, frame limiter and timing clock	tr_developer.inc:kDeveloperEntries	Coleta de memória, limitador de quadros e relógio de medição	Recolección de memoria, limitador de fotogramas y reloj de medición	Ramasse-miettes, limiteur d’images et horloge de mesure	
Written and dropped stutters; totals since Clear; detailed mod callback timing	tr_developer.inc:kDeveloperEntries	Travadas registradas e descartadas; totais desde a limpeza; tempo de cada chamada do mod	Tirones guardados y descartados; totales desde el borrado; tiempo de cada llamada del mod	Saccades écrites et rejetées ; totaux depuis l’effacement ; durée de chaque rappel du mod	
Lot detail changes and graphics calls arriving from another thread	tr_developer.inc:kDeveloperEntries	Mudanças no detalhe dos lotes e chamadas gráficas de outra thread	Cambios de detalle de solares y llamadas gráficas desde otro hilo	Changements de détail des terrains et appels graphiques d’un autre thread	
Active preset, profiler enabled state and previously collected data	tr_developer.inc:kDeveloperEntries	Perfil ativo, estado do Profiler e dados já coletados	Perfil activo, estado del Profiler y datos ya recopilados	Profil actif, état du Profiler et données déjà recueillies	
Lookups, reused answers, game searches, missing files and bypasses	tr_developer.inc:kDeveloperEntries	Buscas, respostas reutilizadas, buscas do jogo, arquivos ausentes e desvios	Búsquedas, respuestas reutilizadas, búsquedas del juego, archivos ausentes y omisiones	Recherches, réponses réutilisées, recherches du jeu, fichiers manquants et contournements	
Stored entries, capacity, resets, package types and invalidations	tr_developer.inc:kDeveloperEntries	Entradas guardadas, capacidade, reinícios, tipos de pacote e invalidações	Entradas guardadas, capacidad, reinicios, tipos de paquete e invalidaciones	Entrées mémorisées, capacité, réinitialisations, types de paquet et invalidations	
Remembered missing files, counted writes and estimated time saved	tr_developer.inc:kDeveloperEntries	Arquivos ausentes lembrados, gravações contabilizadas e tempo economizado estimado	Archivos ausentes recordados, escrituras contadas y ahorro estimado de tiempo	Fichiers manquants mémorisés, écritures comptées et gain de temps estimé	
File lists and keys; matching, different and inconclusive validation results	tr_developer.inc:kDeveloperEntries	Listas de arquivos e chaves; resultados de validação iguais, diferentes e inconclusivos	Listas y claves; resultados de validación iguales, distintos e inconclusos	Listes et clés ; résultats de validation identiques, différents et indéterminés	
Camera-read status, last movement and lighting budgets before/after adjustment	tr_developer.inc:kDeveloperEntries	Estado da leitura da câmera, último movimento e orçamento da luz antes/depois do ajuste	Estado de lectura de cámara, último movimiento y presupuesto de luz antes/después del ajuste	État de lecture de la caméra, dernier mouvement et budgets avant/après réglage	
Wall passes completed, delayed or forced after waiting; average, longest and last duration	tr_developer.inc:kDeveloperEntries	Etapas das paredes feitas, adiadas ou forçadas após esperar; duração média, máxima e última	Pasos de paredes realizados, aplazados o forzados tras esperar; duración media, máxima y última	Passes murales terminées, différées ou forcées après attente ; durées moyenne, maximale et dernière	
Complete or budgeted updates, processed objects, backlog and time used	tr_developer.inc:kDeveloperEntries	Atualizações completas ou limitadas, objetos processados, fila pendente e tempo usado	Actualizaciones completas o limitadas, objetos procesados, cola pendiente y tiempo usado	Mises à jour complètes ou limitées, objets traités, file en attente et temps utilisé	
Object lifetime checks: destruction, ownership, repairs and discarded entries	tr_developer.inc:kDeveloperEntries	Verificações de vida dos objetos: destruição, proprietário, reparos e entradas descartadas	Comprobaciones de vida de objetos: destrucción, propietario, reparaciones y entradas descartadas	Vérifications de durée de vie : destruction, propriétaire, réparations et entrées rejetées	
Index hits, game searches, expired entries, changed paths and capacity	tr_developer.inc:kDeveloperEntries	Acertos do índice, buscas do jogo, entradas vencidas, caminhos alterados e capacidade	Aciertos del índice, búsquedas del juego, entradas caducadas, rutas cambiadas y capacidad	Réponses de l’index, recherches du jeu, entrées expirées, chemins modifiés et capacité	
Time spent and estimated savings; matching, different and inconclusive checks	tr_developer.inc:kDeveloperEntries	Tempo gasto e economia estimada; verificações iguais, diferentes e inconclusivas	Tiempo usado y ahorro estimado; comprobaciones iguales, distintas e inconclusas	Temps utilisé et gain estimé ; vérifications identiques, différentes et indéterminées	
Textures and blocks processed; game fallbacks; total and comparison times	tr_developer.inc:kDeveloperEntries	Texturas e blocos processados; retornos ao jogo; tempos totais e de comparação	Texturas y bloques procesados; retornos al juego; tiempos totales y de comparación	Textures et blocs traités ; recours au jeu ; durées totales et comparatives	
CPU support, worker count, parallel chunks, worker contention and floating-point differences	tr_developer.inc:kDeveloperEntries	Suporte da CPU, trabalhadores, partes paralelas, ocupação dos trabalhadores e diferenças de ponto flutuante	Soporte de CPU, trabajadores, partes paralelas, ocupación y diferencias de coma flotante	Fonctions CPU, workers, blocs parallèles, contention et différences en virgule flottante	
Validation: identical textures, differences and textures too large to check	tr_developer.inc:kDeveloperEntries	Validação: texturas iguais, diferenças e texturas grandes demais para verificar	Validación: texturas iguales, diferencias y texturas demasiado grandes para comprobar	Validation : textures identiques, différences et textures trop grandes à vérifier	
Compressed streams, size, counting passes, reused output, overflows and temporary contexts	tr_developer.inc:kDeveloperEntries	Fluxos comprimidos, tamanho, etapas de contagem, saídas reutilizadas, estouros e contextos temporários	Flujos comprimidos, tamaño, pasadas de conteo, salidas reutilizadas, desbordamientos y contextos temporales	Flux compressés, taille, passes de comptage, sorties réutilisées, dépassements et contextes temporaires	
Parallel workers, busy-pool fallbacks, decompression checks and game/Apex comparison	tr_developer.inc:kDeveloperEntries	Trabalhadores paralelos, retornos por ocupação, verificações de descompressão e comparação jogo/Apex	Trabajadores paralelos, retornos por ocupación, comprobaciones de descompresión y comparación juego/Apex	Workers parallèles, recours en cas d’occupation, contrôles de décompression et comparaison jeu/Apex	
Effect status, GPU time and frames smoothed with or without scene depth	tr_developer.inc:kDeveloperEntries	Estado do efeito, tempo na GPU e quadros suavizados com ou sem profundidade da cena	Estado del efecto, tiempo GPU y fotogramas suavizados con o sin profundidad	État de l’effet, temps GPU et images lissées avec ou sans profondeur	
Temporal blends, history resets, jitter, moved draws and refused shaders	tr_developer.inc:kDeveloperEntries	Misturas temporais, reinícios do histórico, deslocamento de amostras, desenhos movidos e shaders recusados	Mezclas temporales, reinicios de historial, desplazamiento de muestras, dibujos movidos y shaders rechazados	Mélanges temporels, réinitialisations, décalage des échantillons, rendus déplacés et shaders refusés	
Focus mode, measured focus depth, approximate distance and unavailable-depth state	tr_developer.inc:kDeveloperEntries	Modo de foco, profundidade medida, distância aproximada e estado sem profundidade disponível	Modo de enfoque, profundidad medida, distancia aproximada y estado sin profundidad	Mode de mise au point, profondeur mesurée, distance approximative et profondeur indisponible	
GPU time, blurred frames, sampling taps, target format and map-view fade	tr_developer.inc:kDeveloperEntries	Tempo na GPU, quadros desfocados, amostras do filtro, formato do alvo e transição da visão do mapa	Tiempo GPU, fotogramas desenfocados, muestras del filtro, formato del destino y transición del mapa	Temps GPU, images floutées, échantillons du filtre, format de cible et transition de la carte	
Effect status, GPU time, shaded frames, quality slices and screen/depth dimensions	tr_developer.inc:kDeveloperEntries	Estado do efeito, tempo na GPU, quadros sombreados, etapas de qualidade e dimensões da tela/profundidade	Estado del efecto, tiempo GPU, fotogramas sombreados, pasos de calidad y dimensiones de pantalla/profundidad	État de l’effet, temps GPU, images ombrées, tranches de qualité et dimensions écran/profondeur	
Camera projection values and depth/colour capture result	tr_developer.inc:kDeveloperEntries	Valores da projeção da câmera e resultado da captura de profundidade/cor	Valores de proyección de cámara y resultado de captura de profundidad/color	Valeurs de projection de caméra et résultat de capture profondeur/couleur	
Shaders seen, copies created, refusal reasons and corrected/uncorrected draws	tr_developer.inc:kDeveloperEntries	Shaders vistos, cópias criadas, motivos de recusa e desenhos corrigidos/não corrigidos	Shaders vistos, copias creadas, motivos de rechazo y dibujos corregidos/no corregidos	Shaders rencontrés, copies créées, motifs de refus et rendus corrigés/non corrigés	
8-bit image processing and measured/unavailable GPU time	tr_developer.inc:kDeveloperEntries	Processamento da imagem de 8 bits e tempo medido/indisponível na GPU	Procesamiento de imagen de 8 bits y tiempo GPU medido/no disponible	Traitement d’image 8 bits et temps GPU mesuré/indisponible	
Capture status, recorded frame count, configured shortcut and output file	tr_developer.inc:kDeveloperEntries	Estado da captura, quadros gravados, atalho configurado e arquivo de saída	Estado de captura, fotogramas grabados, atajo configurado y archivo de salida	État de capture, nombre d’images, raccourci configuré et fichier de sortie	
Keep unchanged room lighting	tr_developer.inc:kDeveloperEntries	Manter a luz de cômodos sem mudanças	Mantener la luz de habitaciones sin cambios	Conserver l’éclairage des pièces inchangées	
Highlight surfaces without a lighting correction	tr_developer.inc:kDeveloperEntries	Destacar superfícies sem correção de luz	Resaltar superficies sin corrección de luz	Signaler les surfaces sans correction d’éclairage	
Save lighting coverage report	tr_developer.inc:kDeveloperEntries	Salvar relatório de cobertura da luz	Guardar informe de cobertura de luz	Enregistrer le rapport de couverture d’éclairage	
Rebuild ground lighting	tr_developer.inc:kDeveloperEntries	Reconstruir a iluminação do chão	Recalcular la iluminación del suelo	Recalculer l’éclairage du sol	
Recalculate lot lighting	tr_developer.inc:kDeveloperEntries	Recalcular a iluminação dos lotes	Recalcular la iluminación de los solares	Recalculer l’éclairage des terrains	
Save lighting diagnostics	tr_developer.inc:kDeveloperEntries	Salvar diagnóstico da iluminação	Guardar diagnóstico de iluminación	Enregistrer le diagnostic d’éclairage	
Collect lighting samples on each floor	tr_developer.inc:kDeveloperEntries	Coletar amostras de luz em cada andar	Recoger muestras de luz en cada planta	Recueillir des échantillons d’éclairage par étage	
Test soft lighting at lot edges	tr_developer.inc:kDeveloperEntries	Testar luz suave nas bordas dos lotes	Probar luz suave en bordes de solares	Tester l’éclairage doux aux limites des terrains	
Use the GPU to smooth ground lighting	tr_developer.inc:kDeveloperEntries	Usar a GPU para suavizar a luz do chão	Usar la GPU para suavizar la luz del suelo	Lisser l’éclairage du sol avec le GPU	
Compare GPU and CPU on one ground section	tr_developer.inc:kDeveloperEntries	Comparar GPU e CPU em um trecho do chão	Comparar GPU y CPU en una sección del suelo	Comparer GPU et CPU sur une section du sol	
Update ground near changed lamps	tr_developer.inc:kDeveloperEntries	Atualizar o chão perto das lâmpadas alteradas	Actualizar el suelo cerca de lámparas modificadas	Actualiser le sol près des lampes modifiées	
Rebuild ground lighting in small steps	tr_developer.inc:kDeveloperEntries	Reconstruir a luz do chão em etapas	Recalcular luz del suelo por etapas	Recalculer l’éclairage du sol par étapes	
Use white for texture replacement; off uses black	tr_developer.inc:kDeveloperEntries	Substituir texturas por branco; desligado usa preto	Sustituir texturas por blanco; desactivado usa negro	Remplacer les textures par du blanc ; sinon du noir	
Restore all probe textures	tr_developer.inc:kDeveloperEntries	Restaurar todas as texturas da sonda	Restaurar todas las texturas de la sonda	Rétablir toutes les textures de la sonde	
Sample the rendering thread	tr_developer.inc:kDeveloperEntries	Amostrar a thread de renderização	Muestrear el hilo de renderizado	Échantillonner le thread de rendu	
Sample the simulation thread	tr_developer.inc:kDeveloperEntries	Amostrar a thread de simulação	Muestrear el hilo de simulación	Échantillonner le thread de simulation	
Samples per second	tr_developer.inc:kDeveloperEntries	Amostras por segundo	Muestras por segundo	Échantillons par seconde	
Stutter threshold relative to normal frames	tr_developer.inc:kDeveloperEntries	Limite de travada em relação aos quadros normais	Umbral de tirón respecto a fotogramas normales	Seuil de saccade par rapport aux images normales	
Minimum duration to count as a stutter	tr_developer.inc:kDeveloperEntries	Duração mínima para detectar uma travada	Duración mínima para contar como tirón	Durée minimale pour compter une saccade	
Count graphics-state changes	tr_developer.inc:kDeveloperEntries	Contar mudanças de estado gráfico	Contar cambios de estado gráfico	Compter les changements d’état graphique	
Write stutters to the measurement file	tr_developer.inc:kDeveloperEntries	Registrar travadas no arquivo de medição	Guardar tirones en el archivo de medición	Écrire les saccades dans le fichier de mesure	
Measure object setup on lots for this session	tr_developer.inc:kDeveloperEntries	Medir preparação de objetos nos lotes nesta sessão	Medir preparación de objetos en solares en esta sesión	Mesurer la préparation des objets pour cette session	
Measure lock waiting time	tr_developer.inc:kDeveloperEntries	Medir o tempo esperando travas	Medir el tiempo esperando bloqueos	Mesurer l’attente des verrous	
Measure each mod graphics callback	tr_developer.inc:kDeveloperEntries	Medir cada chamada gráfica do mod	Medir cada llamada gráfica del mod	Mesurer chaque rappel graphique du mod	
Collect frame measurements	tr_developer.inc:kDeveloperEntries	Coletar medições dos quadros	Recoger mediciones de fotogramas	Recueillir les mesures des images	
Clear the collected measurement	tr_developer.inc:kDeveloperEntries	Limpar a medição coletada	Borrar la medición recogida	Effacer la mesure recueillie	
Save the current measurement report	tr_developer.inc:kDeveloperEntries	Salvar o relatório da medição atual	Guardar el informe de medición actual	Enregistrer le rapport de mesure actuel	
Use the timing measurement preset	tr_developer.inc:kDeveloperEntries	Usar o perfil de medição de tempos	Usar el perfil de medición de tiempos	Utiliser le profil de mesure des durées	
Use the code-sampling preset	tr_developer.inc:kDeveloperEntries	Usar o perfil de amostragem de código	Usar el perfil de muestreo de código	Utiliser le profil d’échantillonnage du code	
Check one answer every N lookups	tr_developer.inc:kDeveloperEntries	Verificar uma resposta a cada N buscas	Comprobar una respuesta cada N búsquedas	Vérifier une réponse toutes les N recherches	
Check every answer for 10 seconds	tr_developer.inc:kDeveloperEntries	Verificar todas as respostas por 10 segundos	Comprobar todas las respuestas durante 10 segundos	Vérifier toutes les réponses pendant 10 secondes	
Maximum wall-shading wait while moving (ms)	tr_developer.inc:kDeveloperEntries	Espera máxima das sombras das paredes em movimento (ms)	Espera máxima de sombras de paredes al mover (ms)	Attente maximale des ombres murales en mouvement (ms)	
Object nodes processed per moving frame	tr_developer.inc:kDeveloperEntries	Nós de objetos processados por quadro em movimento	Nodos de objetos procesados por fotograma en movimiento	Nœuds d’objets traités par image en mouvement	
Object setup time per moving frame (ms)	tr_developer.inc:kDeveloperEntries	Tempo de preparação de objetos por quadro em movimento (ms)	Tiempo de preparación de objetos por fotograma en movimiento (ms)	Temps de préparation des objets par image en mouvement (ms)	
Maximum wait for a pending object (ms)	tr_developer.inc:kDeveloperEntries	Espera máxima para um objeto pendente (ms)	Espera máxima de un objeto pendiente (ms)	Attente maximale d’un objet en attente (ms)	
Check one texture every N textures	tr_developer.inc:kDeveloperEntries	Verificar uma textura a cada N texturas	Comprobar una textura cada N texturas	Vérifier une texture toutes les N textures	
Check all textures for 30 seconds	tr_developer.inc:kDeveloperEntries	Verificar todas as texturas por 30 segundos	Comprobar todas las texturas durante 30 segundos	Vérifier toutes les textures pendant 30 secondes	
Extra workers per texture; zero uses one core	tr_developer.inc:kDeveloperEntries	Trabalhadores extras por textura; zero usa um núcleo	Trabajadores adicionales por textura; cero usa un núcleo	Workers supplémentaires par texture ; zéro utilise un cœur	
Minimum texture side for parallel work (pixels)	tr_developer.inc:kDeveloperEntries	Lado mínimo da textura para trabalho paralelo (pixels)	Lado mínimo de textura para trabajo paralelo (píxeles)	Côté minimal d’une texture pour le travail parallèle (pixels)	
Restore worker defaults	tr_developer.inc:kDeveloperEntries	Restaurar padrões dos trabalhadores	Restaurar valores de trabajadores	Rétablir les réglages des workers	
Decompress one in every N streams to verify it	tr_developer.inc:kDeveloperEntries	Descomprimir um fluxo a cada N para verificar	Descomprimir un flujo cada N para verificarlo	Décompresser un flux sur N pour le vérifier	
Compare with the game every N streams; zero disables	tr_developer.inc:kDeveloperEntries	Comparar com o jogo a cada N fluxos; zero desliga	Comparar con el juego cada N flujos; cero desactiva	Comparer au jeu tous les N flux ; zéro désactive	
Compression search depth	tr_developer.inc:kDeveloperEntries	Profundidade da busca na compressão	Profundidad de búsqueda de compresión	Profondeur de recherche de compression	
Highlight smoothed pixels in red	tr_developer.inc:kDeveloperEntries	Destacar pixels suavizados em vermelho	Resaltar píxeles suavizados en rojo	Signaler les pixels lissés en rouge	
Show temporal blend: green kept, magenta discarded	tr_developer.inc:kDeveloperEntries	Mostrar mistura temporal: verde mantido, magenta descartado	Mostrar mezcla temporal: verde conservado, magenta descartado	Afficher le mélange temporel : vert conservé, magenta rejeté	
Test the alternative temporal sample pairing	tr_developer.inc:kDeveloperEntries	Testar o pareamento alternativo de amostras temporais	Probar emparejamiento alternativo de muestras temporales	Tester l’autre association des échantillons temporels	
Show where and how strongly blur is applied	tr_developer.inc:kDeveloperEntries	Mostrar onde e quanto desfoque é aplicado	Mostrar dónde y cuánto desenfoque se aplica	Afficher où et à quel degré le flou est appliqué	
Far-plane distance for fixed focus	tr_developer.inc:kDeveloperEntries	Distância do plano distante no foco fixo	Distancia del plano lejano para enfoque fijo	Distance du plan lointain en mise au point fixe	
Show only the added ambient shadow	tr_developer.inc:kDeveloperEntries	Mostrar apenas a sombra de ambiente acrescentada	Mostrar solo la sombra ambiental añadida	Afficher uniquement l’ombre ambiante ajoutée	
Save depth and colour images	tr_developer.inc:kDeveloperEntries	Salvar imagens de profundidade e cor	Guardar imágenes de profundidad y color	Enregistrer les images de profondeur et couleur	
Highlight surfaces corrected for banding	tr_developer.inc:kDeveloperEntries	Destacar superfícies com correção de degradês	Resaltar superficies con corrección de degradados	Signaler les surfaces corrigées contre les bandes	
Capture the next two drawn frames	tr_developer.inc:kDeveloperEntries	Capturar os próximos dois quadros desenhados	Capturar los próximos dos fotogramas dibujados	Capturer les deux prochaines images rendues	
Object brightness	tr_developer.inc:kDeveloperEntries	Brilho dos objetos	Brillo de objetos	Luminosité des objets	
Light stairs, railings and columns	tr_developer.inc:kDeveloperEntries	Iluminar escadas, corrimãos e colunas	Iluminar escaleras, barandillas y columnas	Éclairer escaliers, rampes et colonnes	
Smooth ground lighting	tr_developer.inc:kDeveloperEntries	Suavizar a iluminação do chão	Suavizar iluminación del suelo	Lisser l’éclairage du sol	
Smooth ground lighting on the GPU	tr_developer.inc:kDeveloperEntries	Suavizar a luz do chão na GPU	Suavizar luz del suelo en la GPU	Lisser la lumière du sol avec le GPU	
Soft light at lot edges	tr_developer.inc:kDeveloperEntries	Luz suave nas bordas dos lotes	Luz suave en bordes de solares	Lumière douce aux limites des terrains	
Walked-on snowy sidewalks	tr_developer.inc:kDeveloperEntries	Calçadas com neve pisada	Aceras con nieve pisada	Trottoirs enneigés piétinés	
Lamp colour	tr_developer.inc:kDeveloperEntries	Cor das lâmpadas	Color de lámparas	Couleur des lampes	
Fences receive ground light	tr_developer.inc:kDeveloperEntries	Cercas recebem a luz do chão	Las vallas reciben luz del suelo	Les clôtures reçoivent la lumière du sol	
Wall brightness	tr_developer.inc:kDeveloperEntries	Brilho das paredes	Brillo de paredes	Luminosité des murs	
Align wall lighting between floors	tr_developer.inc:kDeveloperEntries	Alinhar a luz das paredes entre andares	Alinear luz de paredes entre plantas	Aligner la lumière des murs entre étages	
Show every floor in detail	tr_developer.inc:kDeveloperEntries	Mostrar todos os andares em detalhe	Mostrar todas las plantas con detalle	Afficher chaque étage en détail	
Outdoor objects receive ground light	tr_developer.inc:kDeveloperEntries	Objetos externos recebem a luz do chão	Los objetos exteriores reciben luz del suelo	Les objets extérieurs reçoivent la lumière du sol	
Consistent light on joined pieces	tr_developer.inc:kDeveloperEntries	Luz uniforme em peças conectadas	Luz uniforme en piezas conectadas	Lumière uniforme sur les pièces assemblées	
Brightness of joined pieces	tr_developer.inc:kDeveloperEntries	Brilho das peças conectadas	Brillo de piezas conectadas	Luminosité des pièces assemblées	
Roof brightness	tr_developer.inc:kDeveloperEntries	Brilho dos telhados	Brillo de tejados	Luminosité des toits	
Adjust room background light	tr_developer.inc:kDeveloperEntries	Ajustar a luz de fundo dos cômodos	Ajustar luz de fondo de habitaciones	Régler la lumière de fond des pièces	
Room background brightness	tr_developer.inc:kDeveloperEntries	Brilho de fundo dos cômodos	Brillo de fondo de habitaciones	Luminosité de fond des pièces	
Blue tint inside rooms	tr_developer.inc:kDeveloperEntries	Tom azul nos cômodos	Tono azul en habitaciones	Teinte bleue dans les pièces	
Lamp glow on ponds	tr_developer.inc:kDeveloperEntries	Brilho das lâmpadas nos lagos	Brillo de lámparas en estanques	Lueur des lampes sur les étangs	
Pond glow brightness	tr_developer.inc:kDeveloperEntries	Intensidade do brilho nos lagos	Intensidad del brillo en estanques	Intensité de la lueur des étangs	
Pond reflection strength	tr_developer.inc:kDeveloperEntries	Intensidade do reflexo nos lagos	Intensidad de reflejos en estanques	Intensité des reflets des étangs	
Road brightness	tr_developer.inc:kDeveloperEntries	Brilho das ruas	Brillo de calles	Luminosité des routes	
Moonlight strength	tr_developer.inc:kDeveloperEntries	Intensidade do luar	Intensidad de luz lunar	Intensité du clair de lune	
Smooth indoor lighting	tr_developer.inc:kDeveloperEntries	Suavizar a iluminação interna	Suavizar iluminación interior	Lisser l’éclairage intérieur	
Use a separate lot lamp colour	tr_developer.inc:kDeveloperEntries	Usar cor própria nas lâmpadas do lote	Usar color propio en lámparas del solar	Utiliser une couleur distincte pour les lampes du terrain	
Lot lamp colour	tr_developer.inc:kDeveloperEntries	Cor das lâmpadas do lote	Color de lámparas del solar	Couleur des lampes du terrain	
Update lighting at dusk	tr_developer.inc:kDeveloperEntries	Atualizar a luz ao anoitecer	Actualizar luz al anochecer	Actualiser l’éclairage au crépuscule	
Lot lamps light nearby ground	tr_developer.inc:kDeveloperEntries	Lâmpadas do lote iluminam o chão próximo	Las lámparas del solar iluminan suelo cercano	Les lampes du terrain éclairent le sol voisin	
Count street lamps as switched on	tr_developer.inc:kDeveloperEntries	Considerar postes acesos no cálculo	Contar farolas como encendidas	Considérer les réverbères allumés	
High-quality lighting on all lots	tr_developer.inc:kDeveloperEntries	Iluminação de alta qualidade em todos os lotes	Iluminación de alta calidad en todos los solares	Éclairage de haute qualité sur tous les terrains	
Lot grass uses lot lighting	tr_developer.inc:kDeveloperEntries	Grama do lote usa a luz do lote	El césped del solar usa su iluminación	L’herbe du terrain utilise son éclairage	
Recalculate lot lighting at dusk	tr_developer.inc:kDeveloperEntries	Recalcular a luz dos lotes ao anoitecer	Recalcular luz de solares al anochecer	Recalculer l’éclairage des terrains au crépuscule	
Update only nearby ground sections	tr_developer.inc:kDeveloperEntries	Atualizar apenas trechos próximos do chão	Actualizar solo secciones cercanas del suelo	Actualiser uniquement les sections de sol voisines	
Choose a test and keep its tools together	tr_developer.inc:kDevBuildExtra	Escolha um teste e encontre suas ferramentas juntas	Elige una prueba y encuentra sus herramientas juntas	Choisissez un test et retrouvez ses outils ensemble	
Find what contributes to the longest pauses	tr_developer.inc:kDevBuildExtra	Descubra o que contribui para as travadas mais longas	Descubre qué contribuye a las pausas más largas	Identifiez ce qui contribue aux pauses les plus longues	
Restore the whole mod	tr_menu.cpp:kResetEntries	Restaurar todo o mod	Restaurar todo el mod	Réinitialiser tout le mod	
Restore page defaults	tr_menu.cpp:kResetEntries	Restaurar padrões da página	Restaurar valores de la página	Réinitialiser cette page	
Confirm page reset	tr_menu.cpp:kResetEntries	Confirmar restauração	Confirmar restauración	Confirmer la réinitialisation	
Page defaults restored	tr_menu.cpp:kResetEntries	Padrões da página restaurados	Valores de la página restaurados	Page réinitialisée	
Restore this page without changing other pages. Saved files stay.	tr_menu.cpp:kResetEntries	Restaura esta página sem alterar as outras. Os arquivos salvos são mantidos.	Restaura esta página sin cambiar las demás. Conserva los archivos guardados.	Réinitialise cette page sans modifier les autres. Les fichiers enregistrés sont conservés.	
Restore the whole mod? Captures, reports and saved profiles will stay	tr_menu.cpp:kResetEntries	Restaurar todo o mod? Capturas, relatórios e perfis salvos serão mantidos	¿Restaurar todo el mod? Se conservarán capturas, informes y perfiles guardados	Réinitialiser tout le mod ? Les captures, rapports et profils enregistrés seront conservés	
Restore features, colors, menu preferences and shortcuts. Saved files stay	tr_menu.cpp:kResetEntries	Restaura recursos, cores, menu e atalhos. Mantém os arquivos salvos	Restaura funciones, colores, menú y atajos. Conserva los archivos guardados	Restaure les fonctions, couleurs, menu et raccourcis. Conserve les fichiers enregistrés	
Choose the problem. We will guide the capture	tr_menu.cpp:kGuidedCaptureEntries	Escolha o problema. Vamos orientar a captura	Elige el problema. Te guiaremos para capturarlo	Choisissez le problème. Nous guidons la capture	
What went wrong?	tr_menu.cpp:kGuidedCaptureEntries	O que deu errado?	¿Qué salió mal?	Que s'est-il passé ?	
Capture the problem	tr_menu.cpp:kGuidedCaptureEntries	Capturar o problema	Capturar el problema	Capturer le problème	
Choose, capture, then prepare the files to send	tr_menu.cpp:kGuidedCaptureEntries	Escolha, capture e prepare os arquivos para enviar	Elige, captura y prepara los archivos para enviar	Choisissez, capturez et préparez les fichiers à envoyer	
Choose	tr_menu.cpp:kGuidedCaptureEntries	Escolher	Elegir	Choisir	
Lights or rooms look wrong	tr_menu.cpp:kGuidedCaptureEntries	Luzes ou cômodos estranhos	Luces o habitaciones extrañas	Lumières ou pièces anormales	
Lights flicker, update late or light the wrong room	tr_menu.cpp:kGuidedCaptureEntries	Luzes piscam, demoram a atualizar ou iluminam o cômodo errado	Las luces parpadean, tardan en actualizarse o iluminan otra habitación	Les lumières clignotent, se mettent à jour tard ou éclairent la mauvaise pièce	
An object looks wrong	tr_menu.cpp:kGuidedCaptureEntries	Um objeto está estranho	Un objeto se ve extraño	Un objet semble anormal	
A dark painting, a wrong color or an unexpected patch	tr_menu.cpp:kGuidedCaptureEntries	Um quadro escuro, uma cor errada ou uma mancha inesperada	Un cuadro oscuro, un color incorrecto o una mancha inesperada	Un tableau sombre, une mauvaise couleur ou une tache inattendue	
The game closed by itself	tr_menu.cpp:kGuidedCaptureEntries	O jogo fechou sozinho	El juego se cerró solo	Le jeu s'est fermé tout seul	
Gather the available records without causing another crash	tr_menu.cpp:kGuidedCaptureEntries	Reúna os registros disponíveis sem causar outro travamento	Reúne los registros disponibles sin provocar otro cierre	Rassemblez les données disponibles sans provoquer un autre plantage	
Another problem / not sure	tr_menu.cpp:kGuidedCaptureEntries	Outro problema / não sei	Otro problema / no sé	Autre problème / je ne sais pas	
Start with the mod log and your settings	tr_menu.cpp:kGuidedCaptureEntries	Comece com os registros do mod e suas configurações	Empieza con los registros del mod y tus ajustes	Commencez avec les journaux du mod et vos réglages	
Choose another problem	tr_menu.cpp:kGuidedCaptureEntries	Escolher outro problema	Elegir otro problema	Choisir un autre problème	
Repeat the action that causes the lighting problem. Record up to 20 seconds; this is not a video	tr_menu.cpp:kGuidedCaptureEntries	Repita a ação que causa o problema de luz. Registre até 20 segundos; não é um vídeo	Repite la acción que causa el problema de luz. Registra hasta 20 segundos; no es un vídeo	Répétez l'action qui cause le problème de lumière. Enregistrez jusqu'à 20 secondes ; ce n'est pas une vidéo	
Stop recording	tr_menu.cpp:kGuidedCaptureEntries	Parar registro	Detener registro	Arrêter l'enregistrement	
Start lighting recording	tr_menu.cpp:kGuidedCaptureEntries	Iniciar registro de luz	Iniciar registro de luz	Enregistrer l'éclairage	
Point at the part that looks wrong. The capture measures that point, not the whole object	tr_menu.cpp:kGuidedCaptureEntries	Aponte para a parte com problema. A captura mede esse ponto, não o objeto inteiro	Apunta a la parte con el problema. La captura mide ese punto, no todo el objeto	Pointez la partie anormale. La capture mesure ce point, pas l'objet entier	
Capture a point on the object	tr_menu.cpp:kGuidedCaptureEntries	Capturar um ponto do objeto	Capturar un punto del objeto	Capturer un point de l'objet	
Save the available crash records. You do not need to crash the game again	tr_menu.cpp:kGuidedCaptureEntries	Salve os registros disponíveis do erro. Não precisa fazer o jogo fechar de novo	Guarda los registros disponibles del error. No necesitas provocar otro cierre	Enregistrez les données disponibles du plantage. Inutile de faire planter le jeu à nouveau	
Keep the problem visible and save a report with the log and your settings	tr_menu.cpp:kGuidedCaptureEntries	Deixe o problema visível e salve um relatório com os registros e suas configurações	Mantén el problema visible y guarda un informe con los registros y tus ajustes	Gardez le problème visible et enregistrez un rapport avec les journaux et vos réglages	
Capture saved. You can capture again before finishing	tr_menu.cpp:kGuidedCaptureEntries	Captura salva. Você pode capturar novamente antes de concluir	Captura guardada. Puedes capturar otra vez antes de terminar	Capture enregistrée. Vous pouvez en faire d'autres avant de terminer	
Finish and open the folder	tr_menu.cpp:kGuidedCaptureEntries	Concluir e abrir a pasta	Terminar y abrir la carpeta	Terminer et ouvrir le dossier	
After capturing, reopen this menu to finish and find your files	tr_menu.cpp:kGuidedCaptureEntries	Após capturar, reabra este menu para concluir e encontrar os arquivos	Después de capturar, abre este menú para terminar y encontrar los archivos	Après la capture, rouvrez ce menu pour terminer et retrouver les fichiers	
Files saved. Nothing has been sent automatically	tr_menu.cpp:kGuidedCaptureEntries	Arquivos salvos. Nada foi enviado automaticamente	Archivos guardados. Nada se ha enviado automáticamente	Fichiers enregistrés. Rien n'a été envoyé automatiquement	
Compress this folder as a ZIP and send it with a short description on Nexus Mods or GitHub	tr_menu.cpp:kGuidedCaptureEntries	Compacte esta pasta em ZIP e envie com uma breve descrição no Nexus Mods ou GitHub	Comprime esta carpeta en ZIP y envíala con una breve descripción en Nexus Mods o GitHub	Compressez ce dossier en ZIP et envoyez-le avec une brève description sur Nexus Mods ou GitHub	
All capture tools	tr_menu.cpp:kGuidedCaptureEntries	Todas as ferramentas de captura	Todas las herramientas de captura	Tous les outils de capture	
Point at the problem and press {}. Esc cancels	tr_menu.cpp:kGuidedCaptureEntries	Aponte para o problema e pressione {}. Esc cancela	Apunta al problema y pulsa {}. Esc cancela	Pointez le problème et appuyez sur {}. Échap annule	{}
Click the problem to capture it, or press {}. Esc cancels	tr_menu.cpp:kGuidedCaptureEntries	Clique no problema para capturar ou pressione {}. Esc cancela	Haz clic en el problema para capturarlo o pulsa {}. Esc cancela	Cliquez sur le problème pour le capturer ou appuyez sur {}. Échap annule	{}
New recording	tr_menu.cpp:kDirectReportEntries	Nova gravação	Nueva grabación	Nouvel enregistrement	
Lighting effects are off. Recording still saves the log and settings	tr_menu.cpp:kDirectReportEntries	Os efeitos de luz estão desligados. A gravação ainda salva o log e as configurações	Los efectos de luz están desactivados. La grabación guarda el registro y los ajustes	Les effets de lumière sont désactivés. L'enregistrement conserve le journal et les réglages	
Problem details	tr_menu.cpp:kDirectReportEntries	Detalhes do problema	Detalles del problema	Détails du problème	
Describe what happened to complete your capture	tr_menu.cpp:kDirectReportEntries	Descreva o que aconteceu para concluir a captura	Describe qué ocurrió para completar la captura	Décrivez ce qui s'est passé pour terminer la capture	
Save capture	tr_menu.cpp:kDirectReportEntries	Salvar captura	Guardar captura	Enregistrer la capture	
Cancelling keeps your saved description and capture.	tr_menu.cpp:kDirectReportEntries	Cancelar mantém a descrição e a captura já salvas.	Cancelar conserva la descripción y la captura ya guardadas.	Annuler conserve votre description et votre capture enregistrées.	
Describe the problem	tr_menu.cpp:kDirectReportEntries	Descreva o problema	Describe el problema	Décrivez le problème	
Description (required)	tr_menu.cpp:kDirectReportEntries	Descrição (obrigatória)	Descripción (obligatoria)	Description (obligatoire)	
Your capture is saved. Add a description to finish the report.	tr_menu.cpp:kDirectReportEntries	Sua captura está salva. Adicione uma descrição para concluir o relato.	Tu captura está guardada. Añade una descripción para completar el informe.	Votre capture est enregistrée. Ajoutez une description pour terminer le rapport.	
Add a description to finish this report	tr_menu.cpp:kDirectReportEntries	Adicione uma descrição para concluir este relato	Añade una descripción para completar este informe	Ajoutez une description pour terminer ce rapport	
Could not save the description. Check free space and folder access	tr_menu.cpp:kDirectReportEntries	Não foi possível salvar a descrição. Verifique o espaço livre e o acesso à pasta	No se pudo guardar la descripción. Comprueba el espacio libre y el acceso a la carpeta	Impossible d'enregistrer la description. Vérifiez l'espace libre et l'accès au dossier	
Cancelling keeps the capture. Its report stays pending until you add a description.	tr_menu.cpp:kDirectReportEntries	Cancelar mantém a captura. O relato fica pendente até você adicionar uma descrição.	Cancelar conserva la captura. El informe queda pendiente hasta que añadas una descripción.	Annuler conserve la capture. Le rapport reste en attente jusqu'à l'ajout d'une description.	
Cancel recording	tr_menu.cpp:kDirectReportEntries	Cancelar gravação	Cancelar grabación	Annuler l'enregistrement	
Recording cancelled. No capture was saved	tr_menu.cpp:kDirectReportEntries	Gravação cancelada. Nenhuma captura foi salva	Grabación cancelada. No se guardó ninguna captura	Enregistrement annulé. Aucune capture n'a été enregistrée	
What happened, what did you expect and what did you do just before?	tr_menu.cpp:kDirectReportEntries	O que aconteceu, o que você esperava e o que fez antes?	¿Qué ocurrió, qué esperabas y qué hiciste antes?	Que s'est-il passé, qu'attendiez-vous et qu'avez-vous fait juste avant ?	
Save description	tr_menu.cpp:kDirectReportEntries	Salvar descrição	Guardar descripción	Enregistrer la description	
Cancel editing	tr_menu.cpp:kDirectReportEntries	Cancelar edição	Cancelar edición	Annuler la modification	
Add or edit description	tr_menu.cpp:kDirectReportEntries	Adicionar ou editar descrição	Añadir o editar descripción	Ajouter ou modifier la description	
Description saved with the capture	tr_menu.cpp:kDirectReportEntries	Descrição salva com a captura	Descripción guardada con la captura	Description enregistrée avec la capture	
Only the point you click is measured, not the entire object	tr_menu.cpp:kDirectReportEntries	Só o ponto clicado é medido, não o objeto inteiro	Solo se mide el punto donde haces clic, no todo el objeto	Seul le point cliqué est mesuré, pas l'objet entier	
Point: {} / snapshot: {}	tr_menu.cpp:kDirectReportEntries	Ponto: {} / iluminação: {}	Punto: {} / iluminación: {}	Point : {} / éclairage : {}	{} {}
Save what happened, find your files and send them when you are ready	tr_menu.cpp:kDirectReportEntries	Registre o problema, encontre os arquivos e envie quando quiser	Registra el problema, encuentra los archivos y envíalos cuando quieras	Enregistrez le problème, retrouvez les fichiers et envoyez-les quand vous voulez	
Capture	tr_menu.cpp:kDirectReportEntries	Capturar	Capturar	Capturer	
Saved files	tr_menu.cpp:kDirectReportEntries	Arquivos salvos	Archivos guardados	Fichiers enregistrés	
Record the lighting problem	tr_menu.cpp:kDirectReportEntries	Gravar o problema de iluminação	Grabar el problema de iluminación	Enregistrer le problème d'éclairage	
Records lighting changes for up to 20 seconds. This is not a video	tr_menu.cpp:kDirectReportEntries	Registra mudanças na luz por até 20 segundos. Não é um vídeo	Registra cambios de luz durante hasta 20 segundos. No es un vídeo	Enregistre les changements de lumière pendant 20 secondes au maximum. Ce n'est pas une vidéo	
Use this when lights update late, flicker or do not turn off correctly.	tr_menu.cpp:kDirectReportEntries	Use quando as luzes demoram a mudar, piscam ou não apagam corretamente.	Úsalo cuando las luces tardan en cambiar, parpadean o no se apagan bien.	À utiliser si les lumières changent trop tard, clignotent ou ne s'éteignent pas correctement.	
Start recording	tr_menu.cpp:kDirectReportEntries	Iniciar gravação	Iniciar grabación	Commencer l'enregistrement	
Stop and save	tr_menu.cpp:kDirectReportEntries	Parar e salvar	Detener y guardar	Arrêter et enregistrer	
Return to game	tr_menu.cpp:kDirectReportEntries	Voltar ao jogo	Volver al juego	Retourner au jeu	
Recording: {} / 20 seconds	tr_menu.cpp:kDirectReportEntries	Gravando: {} / 20 segundos	Grabando: {} / 20 segundos	Enregistrement : {} / 20 secondes	{}
Repeat the problem in the game. It saves automatically at 20 seconds.	tr_menu.cpp:kDirectReportEntries	Repita o problema no jogo. Aos 20 segundos, a gravação é salva automaticamente.	Repite el problema en el juego. La grabación se guarda automáticamente a los 20 segundos.	Reproduisez le problème dans le jeu. L'enregistrement est sauvegardé automatiquement après 20 secondes.	
The menu closes so you can play. Reopen it to stop early or find the saved files.	tr_menu.cpp:kDirectReportEntries	O menu fecha para você jogar. Abra de novo para parar antes ou encontrar os arquivos.	El menú se cierra para que puedas jugar. Ábrelo de nuevo para detener la grabación o encontrar los archivos.	Le menu se ferme pour vous laisser jouer. Rouvrez-le pour arrêter plus tôt ou retrouver les fichiers.	
Shortcut: {}	tr_menu.cpp:kDirectReportEntries	Atalho: {}	Atajo: {}	Raccourci : {}	{}
Capture now	tr_menu.cpp:kDirectReportEntries	Capturar agora	Capturar ahora	Capturer maintenant	
Choose the capture that best shows your problem	tr_menu.cpp:kDirectReportEntries	Escolha a captura que melhor mostra o problema	Elige la captura que mejor muestre el problema	Choisissez la capture qui montre le mieux le problème	
An object or a spot	tr_menu.cpp:kDirectReportEntries	Um objeto ou um ponto	Un objeto o un punto	Un objet ou un point	
Click once on the part that looks wrong. Esc cancels.	tr_menu.cpp:kDirectReportEntries	Clique uma vez na parte com problema. Esc cancela.	Haz clic una vez en la parte con el problema. Esc cancela.	Cliquez une fois sur la partie anormale. Échap annule.	
Choose a point	tr_menu.cpp:kDirectReportEntries	Escolher um ponto	Elegir un punto	Choisir un point	
Lights and rooms	tr_menu.cpp:kDirectReportEntries	Luzes e cômodos	Luces y habitaciones	Lumières et pièces	
Save the current lighting of the loaded lots.	tr_menu.cpp:kDirectReportEntries	Salve os dados atuais da iluminação dos lotes carregados.	Guarda los datos actuales de iluminación de los solares cargados.	Enregistrez l'état actuel de l'éclairage des terrains chargés.	
Save snapshot	tr_menu.cpp:kDirectReportEntries	Salvar iluminação	Guardar iluminación	Enregistrer l'éclairage	
A crash or another problem	tr_menu.cpp:kDirectReportEntries	Um fechamento inesperado ou outro problema	Un cierre inesperado u otro problema	Un plantage ou un autre problème	
Save the mod log, settings and any available crash details.	tr_menu.cpp:kDirectReportEntries	Salve os registros do mod, configurações e dados disponíveis de erros.	Guarda los registros del mod, los ajustes y los datos de errores disponibles.	Enregistrez les journaux du mod, les réglages et les données de plantage disponibles.	
Save report	tr_menu.cpp:kDirectReportEntries	Salvar relatório	Guardar informe	Enregistrer le rapport	
Turn on Night Lights to record or measure lighting. Reports still work	tr_menu.cpp:kDirectReportEntries	Ative Night Lights para gravar ou medir a iluminação. Relatórios continuam disponíveis	Activa Night Lights para grabar o medir la iluminación. Los informes siguen disponibles	Activez Night Lights pour enregistrer ou mesurer l'éclairage. Les rapports restent disponibles	
More options	tr_menu.cpp:kDirectReportEntries	Mais opções	Más opciones	Plus d'options	
Describe the problem (optional)	tr_menu.cpp:kDirectReportEntries	Descreva o problema (opcional)	Describe el problema (opcional)	Décrivez le problème (facultatif)	
What did you see, and what did you do just before? Included with each new capture.	tr_menu.cpp:kDirectReportEntries	O que você viu e o que fez antes? O texto acompanha cada nova captura.	¿Qué viste y qué hiciste antes? El texto acompaña a cada nueva captura.	Qu'avez-vous vu et fait juste avant ? Le texte accompagne chaque nouvelle capture.	
Keep several captures together	tr_menu.cpp:kDirectReportEntries	Reunir várias capturas	Reunir varias capturas	Regrouper plusieurs captures	
Optional: new captures go into one collection until you finish it	tr_menu.cpp:kDirectReportEntries	Opcional: novas capturas ficam juntas até você concluir a coleção	Opcional: las nuevas capturas se agrupan hasta que termines la colección	Facultatif : les nouvelles captures restent regroupées jusqu'à la fin de la collection	
Start collection	tr_menu.cpp:kDirectReportEntries	Iniciar coleção	Iniciar colección	Commencer une collection	
Finish collection	tr_menu.cpp:kDirectReportEntries	Concluir coleção	Terminar colección	Terminer la collection	
Collection is open	tr_menu.cpp:kDirectReportEntries	Coleção em andamento	Colección en curso	Collection en cours	
Collection is still open	tr_menu.cpp:kDirectReportEntries	Coleção ainda em andamento	Colección todavía en curso	Collection toujours en cours	
{} captures saved in this collection	tr_menu.cpp:kDirectReportEntries	{} capturas salvas nesta coleção	{} capturas guardadas en esta colección	{} captures enregistrées dans cette collection	{}
Temporarily pause Apex effects. Press {} to restore them.	tr_menu.cpp:kDirectReportEntries	Desative os efeitos do Apex temporariamente. Pressione {} para restaurar.	Desactiva los efectos de Apex temporalmente. Pulsa {} para restaurarlos.	Désactivez temporairement les effets Apex. Appuyez sur {} pour les rétablir.	{}
View without Apex	tr_menu.cpp:kDirectReportEntries	Ver sem o Apex	Ver sin Apex	Voir sans Apex	
Restore Apex effects	tr_menu.cpp:kDirectReportEntries	Restaurar efeitos do Apex	Restaurar efectos de Apex	Rétablir les effets Apex	
Saving your capture...	tr_menu.cpp:kDirectReportEntries	Salvando sua captura...	Guardando tu captura...	Enregistrement de votre capture...	
Your capture is saved	tr_menu.cpp:kDirectReportEntries	Sua captura está salva	Tu captura está guardada	Votre capture est enregistrée	
Some files could not be saved	tr_menu.cpp:kDirectReportEntries	Não foi possível salvar alguns arquivos	No se pudieron guardar algunos archivos	Certains fichiers n'ont pas pu être enregistrés	
Nothing is sent automatically	tr_menu.cpp:kDirectReportEntries	Nada é enviado automaticamente	Nada se envía automáticamente	Rien n'est envoyé automatiquement	
Check free space and folder access, then retry. Written files are kept.	tr_menu.cpp:kDirectReportEntries	Verifique o espaço livre e o acesso à pasta, depois tente novamente. Arquivos já salvos são mantidos.	Comprueba el espacio libre y el acceso a la carpeta e inténtalo de nuevo. Se conservan los archivos guardados.	Vérifiez l'espace libre et l'accès au dossier, puis réessayez. Les fichiers déjà enregistrés sont conservés.	
Text is retained for retry. If the screenshot failed, retry takes a new picture.	tr_menu.cpp:kDirectReportEntries	O texto é mantido para tentar de novo. Se a imagem falhou, será feita uma nova captura da tela.	El texto se conserva para reintentar. Si falló la imagen, se tomará una nueva captura de pantalla.	Le texte est conservé pour réessayer. Si l'image a échoué, une nouvelle capture d'écran sera prise.	
Retry saving	tr_menu.cpp:kDirectReportEntries	Tentar salvar novamente	Reintentar guardado	Réessayer l'enregistrement	
After capturing, reopen this page. Your saved files will be here	tr_menu.cpp:kDirectReportEntries	Após capturar, reabra esta página. Seus arquivos salvos estarão aqui	Después de capturar, vuelve a esta página. Aquí estarán tus archivos guardados	Après la capture, rouvrez cette page. Vos fichiers enregistrés seront ici	
{} saved folders, newest first	tr_menu.cpp:kDirectReportEntries	{} pastas salvas, mais recentes primeiro	{} carpetas guardadas, más recientes primero	{} dossiers enregistrés, les plus récents d'abord	{}
{} captures	tr_menu.cpp:kDirectReportEntries	{} capturas	{} capturas	{} captures	{}
No captures yet. Use Capture to save your first one.	tr_menu.cpp:kDirectReportEntries	Ainda não há capturas. Use Capturar para salvar a primeira.	Todavía no hay capturas. Usa Capturar para guardar la primera.	Aucune capture pour le moment. Utilisez Capturer pour enregistrer la première.	
Contents	tr_menu.cpp:kDirectReportEntries	Conteúdo	Contenido	Contenu	
How to send	tr_menu.cpp:kDirectReportEntries	Como enviar	Cómo enviar	Comment envoyer	
Remove	tr_menu.cpp:kDirectReportEntries	Remover	Quitar	Retirer	
Remove all	tr_menu.cpp:kDirectReportEntries	Remover todas	Quitar todas	Tout retirer	
Undo removal	tr_menu.cpp:kDirectReportEntries	Desfazer remoção	Deshacer eliminación	Annuler le retrait	
Removed folders stay in Captures/.Removed. Undo restores your last removal this game session.	tr_menu.cpp:kDirectReportEntries	As pastas removidas ficam em Captures/.Removed. Desfazer restaura a última remoção nesta sessão do jogo.	Las carpetas retiradas quedan en Captures/.Removed. Deshacer restaura la última eliminación de esta sesión.	Les dossiers retirés restent dans Captures/.Removed. Annuler rétablit le dernier retrait de cette session de jeu.	
Remove all saved captures?	tr_menu.cpp:kDirectReportEntries	Remover todas as capturas salvas?	¿Quitar todas las capturas guardadas ?	Retirer toutes les captures enregistrées ?	
Remove this capture?	tr_menu.cpp:kDirectReportEntries	Remover esta captura?	¿Quitar esta captura?	Retirer cette capture ?	
The open collection is kept. Removed folders can be restored with Undo.	tr_menu.cpp:kDirectReportEntries	A coleção em andamento é mantida. Use Desfazer para restaurar as pastas removidas.	Se conserva la colección en curso. Usa Deshacer para restaurar las carpetas retiradas.	La collection en cours est conservée. Utilisez Annuler pour rétablir les dossiers retirés.	
Capture removed. Undo is available in Saved files	tr_menu.cpp:kDirectReportEntries	Captura removida. Desfazer está disponível em Arquivos salvos	Captura retirada. Deshacer está disponible en Archivos guardados	Capture retirée. Annuler est disponible dans Fichiers enregistrés	
Could not remove the capture. Its files were kept	tr_menu.cpp:kDirectReportEntries	Não foi possível remover a captura. Seus arquivos foram mantidos	No se pudo retirar la captura. Se conservaron sus archivos	Impossible de retirer la capture. Ses fichiers ont été conservés	
Removed captures restored	tr_menu.cpp:kDirectReportEntries	Capturas removidas restauradas	Capturas retiradas restauradas	Captures retirées rétablies	
Could not restore: the original folder name is already in use	tr_menu.cpp:kDirectReportEntries	Não foi possível restaurar: o nome original da pasta já está em uso	No se pudo restaurar: el nombre original de la carpeta ya está en uso	Impossible de rétablir : le nom d'origine du dossier est déjà utilisé	
How to send your files	tr_menu.cpp:kDirectReportEntries	Como enviar seus arquivos	Cómo enviar tus archivos	Comment envoyer vos fichiers	
Nothing is sent automatically. You choose what to share.	tr_menu.cpp:kDirectReportEntries	Nada é enviado automaticamente. Você escolhe o que compartilhar.	Nada se envía automáticamente. Tú eliges qué compartir.	Rien n'est envoyé automatiquement. Vous choisissez ce que vous partagez.	
1. Open the saved folder. Go back one folder in Explorer.	tr_menu.cpp:kDirectReportEntries	1. Abra a pasta salva. Volte uma pasta no Explorador de Arquivos.	1. Abre la carpeta guardada. Sube una carpeta en el Explorador.	1. Ouvrez le dossier enregistré. Remontez d'un dossier dans l'Explorateur.	
2. Right-click the capture folder and compress it as a ZIP.	tr_menu.cpp:kDirectReportEntries	2. Clique com o botão direito na pasta da captura e compacte em ZIP.	2. Haz clic derecho en la carpeta de la captura y comprímela en ZIP.	2. Faites un clic droit sur le dossier de capture et compressez-le en ZIP.	
3. Attach the ZIP to a Nexus Mods bug report or a GitHub issue.	tr_menu.cpp:kDirectReportEntries	3. Anexe o ZIP a um relato de problema no Nexus Mods ou no GitHub.	3. Adjunta el ZIP a un informe de error en Nexus Mods o a una incidencia en GitHub.	3. Joignez le ZIP à un rapport de bug sur Nexus Mods ou à un ticket GitHub.	
Say what happened, what you expected and how to repeat the problem.	tr_menu.cpp:kDirectReportEntries	Diga o que aconteceu, o que esperava e como repetir o problema.	Explica qué ocurrió, qué esperabas y cómo reproducir el problema.	Expliquez ce qui s'est passé, ce que vous attendiez et comment reproduire le problème.	
The ZIP may include your screenshot, notes, mod log and settings. Review it first	tr_menu.cpp:kDirectReportEntries	O ZIP pode incluir sua imagem, descrição, registros e configurações do mod. Confira antes	El ZIP puede incluir tu imagen, descripción, registros y ajustes del mod. Revísalo primero	Le ZIP peut inclure votre image, vos notes, les journaux et réglages du mod. Vérifiez-le d'abord	
What was saved	tr_menu.cpp:kDirectReportEntries	O que foi salvo	Qué se guardó	Ce qui a été enregistré	
Only files present in this folder are listed below.	tr_menu.cpp:kDirectReportEntries	Abaixo aparecem apenas os arquivos presentes nesta pasta.	Solo se muestran los archivos presentes en esta carpeta.	Seuls les fichiers présents dans ce dossier sont listés ci-dessous.	
Lighting changes during the recording	tr_menu.cpp:kDirectReportEntries	Mudanças na iluminação durante a gravação	Cambios de iluminación durante la grabación	Changements d'éclairage pendant l'enregistrement	
Measurements at the selected point	tr_menu.cpp:kDirectReportEntries	Medições no ponto selecionado	Mediciones en el punto seleccionado	Mesures au point sélectionné	
Lights and rooms at the time of capture	tr_menu.cpp:kDirectReportEntries	Luzes e cômodos no momento da captura	Luces y habitaciones en el momento de la captura	Lumières et pièces au moment de la capture	
Picture of the game without this menu	tr_menu.cpp:kDirectReportEntries	Imagem do jogo sem este menu	Imagen del juego sin este menú	Image du jeu sans ce menu	
Your description of the problem	tr_menu.cpp:kDirectReportEntries	Sua descrição do problema	Tu descripción del problema	Votre description du problème	
What the mod was doing	tr_menu.cpp:kDirectReportEntries	O que o mod estava fazendo	Qué estaba haciendo el mod	Ce que faisait le mod	
Your mod settings	tr_menu.cpp:kDirectReportEntries	Suas configurações do mod	Tus ajustes del mod	Vos réglages du mod	
Details of the latest available crash	tr_menu.cpp:kDirectReportEntries	Dados do último erro disponível	Datos del último error disponible	Données du dernier plantage disponible	
Version and capture information	tr_menu.cpp:kDirectReportEntries	Versão e informações da captura	Versión e información de la captura	Version et informations sur la capture	
Additional capture data	tr_menu.cpp:kDirectReportEntries	Dados adicionais da captura	Datos adicionales de la captura	Données supplémentaires de capture	
Could not create the collection. Check folder access and free space	tr_menu.cpp:kDirectReportEntries	Não foi possível criar a coleção. Verifique o acesso à pasta e o espaço livre	No se pudo crear la colección. Comprueba el acceso a la carpeta y el espacio libre	Impossible de créer la collection. Vérifiez l'accès au dossier et l'espace libre	
Some files could not be saved. Open Report a problem to retry	tr_menu.cpp:kDirectReportEntries	Alguns arquivos não foram salvos. Abra Relatar um problema para tentar de novo	Algunos archivos no se guardaron. Abre Informar de un problema para reintentar	Certains fichiers n'ont pas été enregistrés. Ouvrez Signaler un problème pour réessayer	
Saving the capture and screenshot...	tr_menu.cpp:kDirectReportEntries	Salvando a captura e a imagem...	Guardando la captura y la imagen...	Enregistrement de la capture et de l'image...	
Capture saved. Open Report a problem to find your files	tr_menu.cpp:kDirectReportEntries	Captura salva. Abra Relatar um problema para encontrar seus arquivos	Captura guardada. Abre Informar de un problema para encontrar tus archivos	Capture enregistrée. Ouvrez Signaler un problème pour retrouver vos fichiers	
Recording saved. Open Report a problem to find your files	tr_menu.cpp:kDirectReportEntries	Gravação salva. Abra Relatar um problema para encontrar seus arquivos	Grabación guardada. Abre Informar de un problema para encontrar tus archivos	Enregistrement sauvegardé. Ouvrez Signaler un problème pour retrouver vos fichiers	
Light capture saved. Open Report a problem to find your files	tr_menu.cpp:kDirectReportEntries	Captura de luz salva. Abra Relatar um problema para encontrar seus arquivos	Captura de luz guardada. Abre Informar de un problema para encontrar tus archivos	Capture de lumière enregistrée. Ouvrez Signaler un problème pour retrouver vos fichiers	
Lighting snapshot saved. Open Report a problem to find your files	tr_menu.cpp:kDirectReportEntries	Instantâneo da iluminação salvo. Abra Relatar um problema para encontrar seus arquivos	Instantánea de iluminación guardada. Abre Informar de un problema para encontrar tus archivos	Instantané de l'éclairage enregistré. Ouvrez Signaler un problème pour retrouver vos fichiers	
Records lighting for up to 20 seconds while you reproduce the problem. Key: {}	tr_menu.cpp:kDirectReportEntries	Grava a iluminação por até 20 segundos enquanto você reproduz o problema. Tecla: {}	Graba la iluminación hasta 20 segundos mientras reproduces el problema. Tecla: {}	Enregistre l’éclairage pendant 20 secondes au maximum pendant que vous reproduisez le problème. Touche : {}	{}
Close the menu, point at the problem and press {} to capture that spot and its textures.	tr_menu.cpp:kDirectReportEntries	Feche o menu, aponte para o problema e pressione {} para capturar o ponto e suas texturas.	Cierra el menú, apunta al problema y pulsa {} para capturar el punto y sus texturas.	Fermez le menu, pointez le problème et appuyez sur {} pour capturer ce point et ses textures.	{}
Saves the current lamps and rooms to investigate incorrect lighting. Key: {}	tr_menu.cpp:kDirectReportEntries	Salva as lâmpadas e os cômodos atuais para investigar erros de iluminação. Tecla: {}	Guarda las lámparas y habitaciones actuales para investigar errores de iluminación. Tecla: {}	Enregistre les lampes et pièces actuelles pour examiner un éclairage incorrect. Touche : {}	{}
Language, text size and startup notice	tr_menu.cpp:kDirectReportEntries	Idioma, tamanho do texto e aviso inicial	Idioma, tamaño del texto y aviso inicial	Langue, taille du texte et message de démarrage	
Settings and maintenance	tr_menu.cpp:kDirectReportEntries	Configurações e manutenção	Ajustes y mantenimiento	Réglages et maintenance	
Saving, reset and optional developer tools	tr_menu.cpp:kDirectReportEntries	Salvamento, restauração e ferramentas opcionais de desenvolvimento	Guardado, restablecimiento y herramientas opcionales de desarrollo	Enregistrement, réinitialisation et outils de développement facultatifs	
Lamp light on plants and outdoor furniture	tr_menu.cpp:kOrganizationEntries	Luz das lâmpadas em plantas e móveis externos	Luz de las lámparas en plantas y muebles exteriores	Lumière des lampes sur les plantes et le mobilier extérieur	
Ground intensity	tr_menu.cpp:kOrganizationEntries	Intensidade no solo	Intensidad en el suelo	Intensité au sol	
Balance surfaces and lamp brightness	tr_menu.cpp:kOrganizationEntries	Equilibre as superfícies e o brilho das lâmpadas	Equilibra las superficies y el brillo de las lámparas	Équilibrez les surfaces et la luminosité des lampes	
Doors, counters and fences	tr_menu.cpp:kOrganizationEntries	Portas, bancadas e cercas	Puertas, encimeras y vallas	Portes, plans de travail et clôtures	
Match connected pieces to the surrounding light	tr_menu.cpp:kOrganizationEntries	Harmonize a luz das peças com o entorno	Iguala la luz de las piezas con su entorno	Harmonisez la lumière des éléments avec leur environnement	
Indoor objects	tr_menu.cpp:kOrganizationEntries	Objetos internos	Objetos interiores	Objets intérieurs	
Furniture and stairs inside rooms	tr_menu.cpp:kOrganizationEntries	Móveis e escadas dentro dos cômodos	Muebles y escaleras dentro de las habitaciones	Meubles et escaliers dans les pièces	
Floor detail	tr_menu.cpp:kOrganizationEntries	Detalhes dos andares	Detalle de las plantas	Détail des étages	
Film tones	tr_menu.cpp:kOrganizationEntries	Tons de cinema	Tonos de cine	Tons cinématographiques	
Color mixer	tr_menu.cpp:kOrganizationEntries	Misturador de cores	Mezclador de colores	Mélangeur de couleurs	
Lamp light on grass, lots and patios	tr_menu.cpp:kOrganizationEntries	Luz das lâmpadas na grama, nos lotes e nos pátios	Luz de las lámparas en césped, solares y patios	Lumière des lampes sur l’herbe, les terrains et les patios	
Balance roads against the surrounding ground	tr_menu.cpp:kOrganizationEntries	Equilibre as ruas com o solo ao redor	Equilibra las calles con el suelo circundante	Équilibrez les routes avec le sol environnant	
Ground light cast by street lamps	tr_menu.cpp:kOrganizationEntries	Luz dos postes sobre o solo	Luz de las farolas sobre el suelo	Lumière des lampadaires sur le sol	
Ground light cast by lamps on lots	tr_menu.cpp:kOrganizationEntries	Luz das lâmpadas dos lotes sobre o solo	Luz de las lámparas de los solares sobre el suelo	Lumière des lampes des terrains sur le sol	
Intensity on counters and modular pieces	tr_menu.cpp:kOrganizationEntries	Intensidade em bancadas e peças modulares	Intensidad en encimeras y piezas modulares	Intensité sur les plans de travail et les éléments modulaires	
Balance fences against the surrounding ground	tr_menu.cpp:kOrganizationEntries	Equilibre as cercas com o solo ao redor	Equilibra las vallas con el suelo circundante	Équilibrez les clôtures avec le sol environnant	
Intensity of lamp light on roofs	tr_menu.cpp:kOrganizationEntries	Intensidade da luz das lâmpadas nos telhados	Intensidad de la luz de las lámparas en los tejados	Intensité de la lumière des lampes sur les toits	
Set the ambient glow indoors, with lamps on or off	tr_menu.cpp:kOrganizationEntries	Ajuste a luz ambiente interna, com lâmpadas acesas ou apagadas	Ajusta la luz ambiental interior, con lámparas encendidas o apagadas	Réglez la lumière ambiante intérieure, lampes allumées ou éteintes	
Intensity of lamp glow and sparkles on ponds	tr_menu.cpp:kOrganizationEntries	Intensidade do brilho e dos reflexos das lâmpadas nos lagos	Intensidad del brillo y los destellos de las lámparas en los estanques	Intensité de la lueur et des scintillements des lampes sur les étangs	
Startup menu hint	tr_menu.cpp:kOrganizationEntries	Dica do menu ao iniciar	Ayuda del menú al iniciar	Rappel du menu au démarrage	
Shows the menu shortcut when the game starts	tr_menu.cpp:kOrganizationEntries	Mostra o atalho do menu ao iniciar o jogo	Muestra el atajo del menú al iniciar el juego	Affiche le raccourci du menu au démarrage du jeu	
Show the startup hint next time	tr_menu.cpp:kOrganizationEntries	Mostrar o aviso inicial na próxima vez	Mostrar el aviso inicial la próxima vez	Afficher le message de démarrage la prochaine fois	
Shows the menu shortcut at the top center of the screen at the next start	tr_menu.cpp:kOrganizationEntries	Mostra o atalho do menu no alto e no centro da tela na próxima vez que o jogo iniciar	Muestra el atajo del menú en la parte superior central de la pantalla la próxima vez que inicie el juego	Affiche le raccourci du menu en haut au centre de l’écran au prochain démarrage	
Settings to apply	tr_menu.cpp:kProfileApplyCardEntries	Configurações a aplicar	Ajustes que aplicar	Réglages à appliquer	
Unchecked settings stay as they are	tr_menu.cpp:kProfileApplyCardEntries	Configurações desmarcadas não serão alteradas	Los ajustes sin marcar se mantienen	Les réglages non cochés restent inchangés	
{} of {} selected	tr_menu.cpp:kProfileApplyCardEntries	{} de {} selecionadas	{} de {} seleccionados	{} sur {} sélectionnés	{} {}
Filter collected text	tr_menu.cpp:kDeveloperDesignEntries	Filtrar textos coletados	Filtrar textos recopilados	Filtrer les textes collectés	
No collected text matches this filter	tr_menu.cpp:kDeveloperDesignEntries	Nenhum texto coletado corresponde ao filtro	Ningún texto recopilado coincide con el filtro	Aucun texte collecté ne correspond au filtre	
Capture a state before changing the scene	tr_menu.cpp:kDeveloperDesignEntries	Capture um estado antes de alterar a cena	Captura un estado antes de cambiar la escena	Capturez un état avant de modifier la scène	
Change one option at a time, then compare the same scene	tr_menu.cpp:kDeveloperDesignEntries	Altere uma opção por vez e compare a mesma cena	Cambia una opción a la vez y compara la misma escena	Modifiez une option à la fois puis comparez la même scène	
Use after saving the state you want to investigate	tr_menu.cpp:kDeveloperDesignEntries	Use após salvar o estado que deseja investigar	Úsalo después de guardar el estado que deseas investigar	Utilisez après avoir enregistré l’état à examiner	
Open the data involved in your test	tr_menu.cpp:kDeveloperDesignEntries	Abra os dados relacionados ao seu teste	Abre los datos relacionados con tu prueba	Ouvrez les données liées à votre test	
Collect lighting evidence	tr_menu.cpp:kDeveloperDesignEntries	Coletar evidências de iluminação	Recopilar pruebas de iluminación	Recueillir des données d’éclairage	
Compare lighting paths	tr_menu.cpp:kDeveloperDesignEntries	Comparar caminhos de iluminação	Comparar rutas de iluminación	Comparer les chemins d’éclairage	
Refresh lighting	tr_menu.cpp:kDeveloperDesignEntries	Atualizar iluminação	Actualizar iluminación	Actualiser l’éclairage	
Inspect lighting state	tr_menu.cpp:kDeveloperDesignEntries	Inspecionar o estado da iluminação	Inspeccionar el estado de la iluminación	Examiner l’état de l’éclairage	
Surface and provider state	tr_menu.cpp:kDeveloperDesignEntries	Estado das superfícies e provedores	Estado de superficies y proveedores	État des surfaces et des fournisseurs	
Rebuild events and terrain tests	tr_menu.cpp:kDeveloperDesignEntries	Eventos de reconstrução e testes do terreno	Eventos de reconstrucción y pruebas del terreno	Événements de recalcul et tests du terrain	
Light probe textures	tr_menu.cpp:kDeveloperDesignEntries	Texturas da captura de luz	Texturas de la captura de luz	Textures de la capture de lumière	
Water highlights	tr_menu.cpp:kDeveloperDesignEntries	Brilhos na água	Brillos en el agua	Reflets lumineux sur l’eau	
Measurement setup	tr_menu.cpp:kDeveloperDesignEntries	Configuração da medição	Configuración de la medición	Configuration de la mesure	
Collected timing details	tr_menu.cpp:kDeveloperDesignEntries	Detalhes de tempo coletados	Detalles de tiempo recopilados	Détails des mesures collectées	
Collected measurement	tr_menu.cpp:kDeveloperDesignEntries	Medição coletada	Medición recopilada	Mesure collectée	
Camera and Sim mask	tr_menu.cpp:kDeveloperDesignEntries	Câmera e máscara dos Sims	Cámara y máscara de los Sims	Caméra et masque des Sims	
Focus and rendering details	tr_menu.cpp:kDeveloperDesignEntries	Detalhes de foco e renderização	Detalles de enfoque y renderizado	Détails de mise au point et de rendu	
Rendering details	tr_menu.cpp:kDeveloperDesignEntries	Detalhes de renderização	Detalles de renderizado	Détails du rendu	
Shader coverage	tr_menu.cpp:kDeveloperDesignEntries	Cobertura dos shaders	Cobertura de shaders	Couverture des shaders	
File and shortcut	tr_menu.cpp:kDeveloperDesignEntries	Arquivo e atalho	Archivo y atajo	Fichier et raccourci	
Review translations	tr_menu.cpp:kDeveloperDesignEntries	Revisar traduções	Revisar traducciones	Vérifier les traductions	
Missing text	tr_menu.cpp:kDeveloperDesignEntries	Textos ausentes	Textos faltantes	Textes manquants	
Placeholder checks	tr_menu.cpp:kDeveloperDesignEntries	Verificação de argumentos	Verificación de argumentos	Vérification des arguments	
Collected issues	tr_menu.cpp:kDeveloperDesignEntries	Problemas coletados	Problemas recopilados	Problèmes collectés	
No placeholder errors found	tr_menu.cpp:kDeveloperDesignEntries	Nenhum erro de argumentos encontrado	No se encontraron errores de argumentos	Aucune erreur d’arguments trouvée	
No missing text collected. Visit menu screens to begin.	tr_menu.cpp:kDeveloperDesignEntries	Nenhum texto ausente coletado. Visite as telas do menu para começar.	No se ha recopilado texto faltante. Visita las pantallas del menú para empezar.	Aucun texte manquant collecté. Parcourez les écrans du menu pour commencer.	
Live counters	tr_menu.cpp:kDeveloperCounterEntries	Contadores atuais	Contadores actuales	Compteurs actuels	
Worker counters	tr_menu.cpp:kDeveloperCounterEntries	Contadores dos trabalhadores	Contadores de los trabajadores	Compteurs des threads de travail	
Validation run	tr_menu.cpp:kDeveloperCounterEntries	Teste de validação	Prueba de validación	Test de validation	
Adds comparison work while the test is active	tr_menu.cpp:kDeveloperCounterEntries	Adiciona trabalho de comparação enquanto o teste está ativo	Añade trabajo de comparación mientras la prueba está activa	Ajoute du travail de comparaison pendant le test	
Refresh lights	tr_menu.cpp:kRefreshLightingCardEntries	Atualizar luzes	Actualizar luces	Actualiser les lumières	
Recalculate lighting if something looks wrong	tr_menu.cpp:kRefreshLightingCardEntries	Recalcule a iluminação se algo parecer errado	Recalcula la iluminación si algo se ve mal	Recalculez l’éclairage si quelque chose semble incorrect	
Terrain and lots	tr_menu.cpp:kRefreshLightingCardEntries	Terreno e lotes	Terreno y solares	Terrain et parcelles	
Use when light on the ground or a lot looks incorrect or has not updated	tr_menu.cpp:kRefreshLightingCardEntries	Use se a luz no terreno ou em um lote parecer errada ou não tiver atualizado	Úsalo si la luz en el terreno o en un solar se ve mal o no se ha actualizado	Utilisez si l’éclairage du terrain ou d’une parcelle semble incorrect ou ne s’est pas actualisé	
Refresh terrain	tr_menu.cpp:kRefreshLightingCardEntries	Atualizar terreno	Actualizar terreno	Actualiser le terrain	
Refresh lots	tr_menu.cpp:kRefreshLightingCardEntries	Atualizar lotes	Actualizar solares	Actualiser les parcelles	
Screen effects preserve transparency and restore graphics state	tr_menu.cpp:kWhatsNewEntries	Efeitos de tela preservam a transparência e restauram o estado gráfico	Los efectos de pantalla conservan la transparencia y restauran el estado gráfico	Les effets préservent la transparence et restaurent l’état graphique	
Restart Apex graphics without losing your settings	tr_menu.cpp:kWhatsNewEntries	Reinicie os gráficos do Apex sem perder seus ajustes	Reinicia los gráficos de Apex sin perder tus ajustes	Redémarrez les graphismes Apex sans perdre vos réglages	
Presets have their own page and can be shared as TOML or ZIP	tr_menu.cpp:kWhatsNewEntries	Presets têm sua própria página e podem ser compartilhados em TOML ou ZIP	Los preajustes tienen su propia página y se comparten en TOML o ZIP	Les préréglages ont leur propre page et se partagent en TOML ou ZIP	
3D CUBE LUTs with adjustable strength	tr_menu.cpp:kWhatsNewEntries	LUTs CUBE 3D com intensidade ajustável	LUT CUBE 3D con intensidad ajustable	LUT CUBE 3D à intensité réglable	
Color groups have their own switches and keep your adjustments	tr_menu.cpp:kWhatsNewEntries	Os grupos de Cor têm seus próprios interruptores e mantêm seus ajustes	Los grupos de Color tienen sus propios interruptores y conservan tus ajustes	Les groupes Couleur ont leurs propres interrupteurs et conservent vos réglages	
Right-click a filter to assign an optional keyboard shortcut	tr_menu.cpp:kWhatsNewEntries	Clique com o botão direito em um filtro para definir um atalho de teclado opcional	Haz clic derecho en un filtro para asignar un atajo de teclado opcional	Faites un clic droit sur un filtre pour attribuer un raccourci clavier facultatif	
Corrected screen-effect timing when hiding the game interface	tr_menu.cpp:kWhatsNewEntries	Corrigido o momento de aplicação dos efeitos ao ocultar a interface do jogo	Corregido el momento de aplicación de los efectos al ocultar la interfaz del juego	Correction du moment d’application des effets lorsque l’interface du jeu est masquée	
The menu now supports all 21 game languages	tr_menu.cpp:kWhatsNewEntries	O menu agora oferece todos os 21 idiomas do jogo	El menú ahora admite los 21 idiomas del juego	Le menu prend désormais en charge les 21 langues du jeu	
Apex catches its own errors instead of closing the game	tr_menu.cpp:kWhatsNewEntries	O Apex trata seus próprios erros em vez de fechar o jogo	Apex controla sus propios errores en vez de cerrar el juego	Apex gère ses propres erreurs au lieu de fermer le jeu	
Lamp cones and foundation lighting are more accurate	tr_menu.cpp:kWhatsNewEntries	Os cones de luz e a iluminação das fundações estão mais precisos	Los conos de luz y la iluminación de los cimientos son más precisos	Les cônes de lumière et l'éclairage des fondations sont plus précis	
All Lighting options are enabled in the starting profiles	tr_menu.cpp:kWhatsNewEntries	Todas as opções de Iluminação vêm ativadas nos perfis iniciais	Todas las opciones de Iluminación están activadas en los perfiles iniciales	Toutes les options d'Éclairage sont activées dans les profils de départ	
Ground lamps light upper-story walls with smoother falloff	tr_menu.cpp:kWhatsNewEntries	Lâmpadas no chão iluminam paredes dos andares superiores com uma queda de luz mais suave	Las lámparas en el suelo iluminan los pisos superiores con una caída de luz más suave	Les lampes au sol éclairent les murs des étages avec une atténuation plus douce	
Light behind balconies: softer light and shadows on walls above	tr_menu.cpp:kWhatsNewEntries	Luz atrás das varandas: luz e sombras mais suaves nas paredes acima	Luz detrás de balcones: luz y sombras más suaves en los muros superiores	Lumière derrière les balcons : lumière et ombres plus douces sur les murs au-dessus	
Doors and windows on foundations receive lamp light; walls keep it out of enclosed yards	tr_menu.cpp:kWhatsNewEntries	Portas e janelas em fundações recebem luz das lâmpadas; paredes impedem que ela entre em pátios fechados	Las puertas y ventanas sobre cimientos reciben luz; los muros la bloquean en patios cerrados	Les portes et fenêtres sur fondations reçoivent la lumière ; les murs la bloquent dans les cours fermées	
Captures use less storage, and editing lamps takes less repeated work	tr_menu.cpp:kWhatsNewEntries	As capturas ocupam menos espaço, e editar lâmpadas exige menos trabalho repetido	Las capturas ocupan menos espacio y editar lámparas requiere menos trabajo repetido	Les captures prennent moins de place et modifier les lampes demande moins de travail répété	
Placing and moving outdoor lamps updates wall lighting faster, especially on multi-story lots	tr_menu.cpp:kWhatsNewEntries	Colocar e mover luminárias externas atualiza a luz nas paredes mais rápido, principalmente em lotes com vários andares	Colocar y mover lámparas exteriores actualiza la luz de las paredes más rápido, especialmente en solares de varios pisos	Placer et déplacer des lampes extérieures actualise plus vite la lumière des murs, surtout sur les terrains à plusieurs étages	
Lighting colors, brightness, shadows and reach are unchanged	tr_menu.cpp:kWhatsNewEntries	As cores, o brilho, as sombras e o alcance da iluminação continuam iguais	Los colores, el brillo, las sombras y el alcance de la iluminación no cambian	Les couleurs, la luminosité, les ombres et la portée de l'éclairage restent identiques	
What's new	tr_menu.cpp:kWhatsNewEntries	Novidades	Novedades	Nouveautés	
What's new in {}	tr_menu.cpp:kWhatsNewEntries	Novidades da {}	Novedades de la {}	Nouveautés de la {}	{}
Version {}	tr_menu.cpp:kWhatsNewEntries	Versão {}	Versión {}	Version {}	{}
NEW	tr_menu.cpp:kWhatsNewEntries	NOVO	NUEVO	NOUVEAU	
IMPROVEMENTS	tr_menu.cpp:kWhatsNewEntries	MELHORIAS	MEJORAS	AMÉLIORATIONS	
FIXES	tr_menu.cpp:kWhatsNewEntries	CORREÇÕES	CORRECCIONES	CORRECTIONS	
See all versions	tr_menu.cpp:kWhatsNewEntries	Ver todas as versões	Ver todas las versiones	Voir toutes les versions	
Opens the Apex Radiance releases page on GitHub in your browser	tr_menu.cpp:kWhatsNewEntries	Abre a página de versões do Apex Radiance no GitHub no seu navegador	Abre la página de versiones de Apex Radiance en GitHub en tu navegador	Ouvre la page des versions d’Apex Radiance sur GitHub dans votre navigateur	
Hold {} to hide the menu	tr_menu.cpp:kWhatsNewEntries	Segure {} para esconder o menu	Mantén {} para ocultar el menú	Maintenez {} pour masquer le menu	{}
Hide the menu while held	tr_menu.cpp:kWhatsNewEntries	Esconder o menu enquanto segura	Ocultar el menú mientras se mantiene	Masquer le menu tant que la touche est maintenue	
Hold the key over the menu to hide it and see the game	tr_menu.cpp:kWhatsNewEntries	Segure a tecla sobre o menu para escondê-lo e ver o jogo	Mantén la tecla sobre el menú para ocultarlo y ver el juego	Maintenez la touche sur le menu pour le masquer et voir le jeu	
Sim Occlusion: soft contact shadows on Sims, with separate body and hair strength	tr_menu.cpp:kWhatsNewEntries	Oclusão nos Sims: sombras de contato suaves nos Sims, com intensidade separada para corpo e cabelo	Oclusión en Sims: sombras de contacto suaves en los Sims, con intensidad separada para cuerpo y pelo	Occlusion des Sims : ombres de contact douces sur les Sims, avec une intensité distincte pour le corps et les cheveux	
A welcome page with ready-made profiles: Performance, Default and Quality	tr_menu.cpp:kWhatsNewEntries	Uma página de boas-vindas com perfis prontos: Desempenho, Padrão e Qualidade	Una página de bienvenida con perfiles listos: Rendimiento, Predeterminado y Calidad	Une page d’accueil avec des profils prêts : Performances, Par défaut et Qualité	
An Attention page that appears only when something blocks an effect	tr_menu.cpp:kWhatsNewEntries	Uma página Atenção que só aparece quando algo bloqueia um efeito	Una página Atención que solo aparece cuando algo bloquea un efecto	Une page Attention qui n’apparaît que si quelque chose bloque un effet	
What's new: click the version at the bottom of the menu	tr_menu.cpp:kWhatsNewEntries	Novidades: clique na versão no rodapé do menu	Novedades: haz clic en la versión al pie del menú	Nouveautés : cliquez sur la version en bas du menu	
Filtered screenshots with F8, saved in the game's Screenshots folder or in Apex Radiance's	tr_menu.cpp:kWhatsNewEntries	Capturas com filtros no F8, salvas na pasta de capturas do jogo ou na do Apex Radiance	Capturas con filtros con F8, guardadas en la carpeta de capturas del juego o en la de Apex Radiance	Captures filtrées avec F8, enregistrées dans le dossier Screenshots du jeu ou dans celui d’Apex Radiance	
Rooms at Night takes a room color saved in Sims3SettingsSetter into account	tr_menu.cpp:kWhatsNewEntries	Cômodos à Noite considera uma cor de cômodo salva no Sims3SettingsSetter	Habitaciones de noche tiene en cuenta un color de habitación guardado en Sims3SettingsSetter	Pièces la nuit tient compte d’une couleur de pièce enregistrée dans Sims3SettingsSetter	
Hold Alt over the menu to hide it completely	tr_menu.cpp:kWhatsNewEntries	Segure Alt sobre o menu para escondê-lo por completo	Mantén Alt sobre el menú para ocultarlo por completo	Maintenez Alt sur le menu pour le masquer complètement	
Lighting updates after editing lamps and after day and night changes in Build mode	tr_menu.cpp:kWhatsNewEntries	A iluminação se atualiza depois de editar luminárias e ao trocar dia e noite no modo Construir	La iluminación se actualiza tras editar lámparas y al cambiar día y noche en el modo Construir	L’éclairage se met à jour après la modification des lampes et les changements jour/nuit en mode Construction	
Depth Blur and the start note wait until the world has finished loading	tr_menu.cpp:kWhatsNewEntries	O Desfoque de Profundidade e o aviso de início esperam o mundo terminar de carregar	El Desenfoque de profundidad y el aviso de inicio esperan a que el mundo termine de cargar	Le Flou de profondeur et la note de démarrage attendent la fin du chargement du monde	
Lamp light on alpha-blended sidewalks	tr_menu.cpp:kWhatsNewEntries	Luz de luminárias nas calçadas com transparência	Luz de lámparas en aceras con transparencia	Lumière des lampes sur les trottoirs transparents	
Rendering optimizations are on by default	tr_menu.cpp:kWhatsNewEntries	As otimizações de renderização vêm ligadas	Las optimizaciones de renderizado vienen activadas	Les optimisations du rendu sont activées par défaut	
Street lamps outside lots update the lighting after their color changes	tr_menu.cpp:kWhatsNewEntries	Postes fora dos lotes atualizam a iluminação depois de mudar de cor	Las farolas fuera de los solares actualizan la iluminación tras cambiar de color	Les lampadaires hors parcelles mettent à jour l’éclairage après un changement de couleur	
A Distance slider for Ambient Occlusion	tr_menu.cpp:kWhatsNewEntries	Um controle de Distância para a Oclusão de Ambiente	Un control de Distancia para la Oclusión ambiental	Un curseur Distance pour l’occlusion ambiante	
Refresh lighting in Lighting > Overview, without Developer mode	tr_menu.cpp:kWhatsNewEntries	Atualizar iluminação em Iluminação > Visão geral, sem o modo desenvolvedor	Actualizar iluminación en Iluminación > Resumen, sin el modo desarrollador	Actualiser l’éclairage dans Éclairage > Vue d’ensemble, sans le mode développeur	
A cleaner menu: one-line header, footer with the version in the middle	tr_menu.cpp:kWhatsNewEntries	Um menu mais limpo: topo em uma linha e rodapé com a versão no centro	Un menú más limpio: cabecera en una línea y pie con la versión en el centro	Un menu plus net : en-tête sur une ligne et pied avec la version au centre	
Buttons, fields and rows share the same sizes and alignment on every page	tr_menu.cpp:kWhatsNewEntries	Botões, campos e linhas têm os mesmos tamanhos e alinhamento em todas as páginas	Botones, campos y filas comparten tamaños y alineación en todas las páginas	Boutons, champs et lignes ont les mêmes tailles et le même alignement sur chaque page	
Shortcuts: pick a set (letters, numbers or F keys) and change any shortcut	tr_menu.cpp:kWhatsNewEntries	Atalhos: escolha um conjunto (letras, números ou teclas F) e mude qualquer atalho	Atajos: elige un conjunto (letras, números o teclas F) y cambia cualquier atajo	Raccourcis : choisissez un jeu (lettres, chiffres ou touches F) et modifiez n’importe quel raccourci	
Profiles: the built-in ones are always listed, with 30 new icons	tr_menu.cpp:kWhatsNewEntries	Perfis: os prontos aparecem sempre na lista, com 30 ícones novos	Perfiles: los incluidos siempre aparecen en la lista, con 30 iconos nuevos	Profils : les profils intégrés sont toujours listés, avec 30 nouvelles icônes	
Profiles: choose which settings to apply from a clear selection card	tr_menu.cpp:kWhatsNewEntries	Perfis: escolha quais configurações aplicar em um cartão de seleção claro	Perfiles: elige qué ajustes aplicar desde una tarjeta de selección clara	Profils : choisissez les réglages à appliquer depuis une carte de sélection claire	
Clearer Lighting page, with fine tuning moved under Advanced	tr_menu.cpp:kWhatsNewEntries	Página de Iluminação mais clara, com os ajustes finos em Avançado	Página de Iluminación más clara, con los ajustes finos en Avanzado	Page Éclairage plus claire, avec les réglages fins dans Avancé	
Indoor lamps light several stories through stairwells and open floors	tr_menu.cpp:kWhatsNewEntries	Luminárias internas iluminam vários andares por escadas e pisos abertos	Las lámparas interiores iluminan varios pisos por escaleras y suelos abiertos	Les lampes intérieures éclairent plusieurs étages par les cages d’escalier et les sols ouverts	
Indoor light updates sooner after adding a story, a roof or closing a room	tr_menu.cpp:kWhatsNewEntries	A luz interna se atualiza mais rápido ao criar um andar, um telhado ou fechar um cômodo	La luz interior se actualiza antes al añadir un piso, un tejado o cerrar una habitación	La lumière intérieure se met à jour plus vite après l’ajout d’un étage, d’un toit ou la fermeture d’une pièce	
The Optimize rendering switch is gone: Apex renders as it did before 2.5.6	tr_menu.cpp:kWhatsNewEntries	A opção Otimizar renderização saiu: o Apex renderiza como antes da 2.5.6	La opción Optimizar renderizado se eliminó: Apex renderiza como antes de la 2.5.6	L’option Optimiser le rendu a disparu : Apex fait le rendu comme avant la 2.5.6	
The page and card reset buttons are gone; every control keeps its own default	tr_menu.cpp:kWhatsNewEntries	Os botões de redefinir das páginas e cartões saíram; cada controle mantém o próprio padrão	Se quitaron los botones de restablecer de páginas y tarjetas; cada control conserva su valor predeterminado	Les boutons de réinitialisation des pages et cartes ont disparu ; chaque réglage garde sa valeur par défaut	
Ground brightness works on every kind of terrain, with no edge at lot borders	tr_menu.cpp:kWhatsNewEntries	O brilho do chão vale para todo tipo de terreno, sem corte na divisa dos lotes	El brillo del suelo funciona en todo tipo de terreno, sin corte en los límites de los solares	La luminosité du sol s’applique à tous les terrains, sans coupure aux limites des parcelles	
Lamp light no longer leaks through walls or into raised rooms on other stories	tr_menu.cpp:kWhatsNewEntries	A luz das luminárias não vaza mais pelas paredes nem para cômodos elevados de outros andares	La luz de las lámparas ya no atraviesa paredes ni llega a habitaciones elevadas de otros pisos	La lumière des lampes ne traverse plus les murs et n’atteint plus les pièces surélevées d’autres étages	
Effects keep working when the game interface is hidden	tr_menu.cpp:kWhatsNewEntries	Os efeitos continuam funcionando com a interface do jogo escondida	Los efectos siguen funcionando con la interfaz del juego oculta	Les effets restent actifs quand l’interface du jeu est masquée	
Typing in the cheat console no longer triggers Apex shortcuts	tr_menu.cpp:kWhatsNewEntries	Digitar no console de cheats não aciona mais os atalhos do Apex	Escribir en la consola de trucos ya no activa los atajos de Apex	Taper dans la console de codes ne déclenche plus les raccourcis d’Apex	
Show the sidebar labels	tr_menu.cpp:kWhatsNewEntries	Mostrar os nomes na barra lateral	Mostrar los nombres en la barra lateral	Afficher les noms dans la barre latérale	
Show only the sidebar icons	tr_menu.cpp:kWhatsNewEntries	Mostrar só os ícones na barra lateral	Mostrar solo los iconos en la barra lateral	N’afficher que les icônes dans la barre latérale	
Filters in Color: 26 looks to stack, each with its own strength	tr_menu.cpp:kWhatsNewEntries	Filtros em Cor: 26 visuais para combinar, cada um com sua intensidade	Filtros en Color: 26 estilos para combinar, cada uno con su intensidad	Filtres dans Couleur : 26 rendus à combiner, chacun avec son intensité	
LUT filter: your own look-up tables from the LUTs folder	tr_menu.cpp:kWhatsNewEntries	Filtro LUT: suas próprias tabelas de cor da pasta LUTs	Filtro LUT: tus propias tablas de color de la carpeta LUTs	Filtre LUT : vos propres tables de couleurs du dossier LUTs	
Lamp switches all at once: rooms, furniture and ground change together	tr_menu.cpp:kWhatsNewEntries	Troca de luz de uma vez só: cômodos, móveis e chão mudam juntos	Cambio de luces de una vez: habitaciones, muebles y suelo cambian juntos	Lampes changées d'un coup : pièces, meubles et sol changent ensemble	
Lot Streaming page, off by default: more lots in full detail (by idavidveiga)	tr_menu.cpp:kWhatsNewEntries	Página Carregamento de lotes, desligada por padrão: mais lotes em detalhe total (por idavidveiga)	Página Carga de solares, desactivada por defecto: más solares con detalle completo (por idavidveiga)	Page Chargement des terrains, désactivée par défaut : plus de terrains en détail complet (par idavidveiga)	
Ambient Occlusion: Temporal smoothing, Half resolution and Thin object detail	tr_menu.cpp:kWhatsNewEntries	Oclusão de Ambiente: Suavização temporal, Meia resolução e Detalhe de objetos finos	Oclusión Ambiental: Suavizado temporal, Media resolución y Detalle de objetos finos	Occlusion Ambiante : Lissage temporel, Demi-résolution et Détail des objets fins	
Light detail: sharper lamp light on walls and floors	tr_menu.cpp:kWhatsNewEntries	Detalhe da luz: luz das luminárias mais nítida em paredes e pisos	Detalle de la luz: luz de lámparas más nítida en paredes y suelos	Détail de la lumière : lumière des lampes plus nette sur les murs et les sols	
Room to save, Lighter window updates and Faster scripts in Performance	tr_menu.cpp:kWhatsNewEntries	Espaço para salvar, Atualização de janela mais leve e Scripts mais rápidos em Desempenho	Espacio para guardar, Actualización de ventana más ligera y Scripts más rápidos en Rendimiento	Place pour sauvegarder, Mise à jour de la fenêtre plus légère et Scripts plus rapides dans Performances	
The ground around switched lamps changes in one frame	tr_menu.cpp:kWhatsNewEntries	O chão em volta das luminárias trocadas muda em um quadro só	El suelo alrededor de las lámparas cambiadas cambia en un solo fotograma	Le sol autour des lampes changées change en une seule image	
Furniture takes the light of lamps on other stories through openings	tr_menu.cpp:kWhatsNewEntries	Os móveis recebem a luz de luminárias de outros andares pelas aberturas	Los muebles reciben la luz de lámparas de otros pisos por las aberturas	Les meubles reçoivent la lumière des lampes d'autres étages par les ouvertures	
A ground floor wall lamp also lights the half wall of the balcony above it	tr_menu.cpp:kWhatsNewEntries	Uma arandela do térreo também ilumina a meia parede da varanda acima dela	Un aplique de la planta baja también ilumina el murete del balcón de arriba	Une applique du rez-de-chaussée éclaire aussi le muret du balcon au-dessus	
Walls block lamp light on outdoor floors, objects and fences	tr_menu.cpp:kWhatsNewEntries	Paredes bloqueiam a luz das luminárias em pisos, objetos e cercas externos	Las paredes bloquean la luz de las lámparas en suelos, objetos y vallas exteriores	Les murs bloquent la lumière des lampes sur les sols, objets et clôtures extérieurs	
A lot you enter corrects its lighting sooner	tr_menu.cpp:kWhatsNewEntries	Um lote em que você entra corrige a iluminação mais cedo	Un solar en el que entras corrige su iluminación antes	Un terrain où vous entrez corrige son éclairage plus tôt	
Moving or switching lamps in Build mode updates rooms sooner	tr_menu.cpp:kWhatsNewEntries	Mover ou acender luminárias no modo Construir atualiza os cômodos mais cedo	Mover o encender lámparas en el modo Construir actualiza las habitaciones antes	Déplacer ou allumer des lampes en mode Construction met à jour les pièces plus tôt	
Lot edges stay seamless in rain, snow and melting snow	tr_menu.cpp:kWhatsNewEntries	As bordas dos lotes continuam sem emenda na chuva, na neve e no degelo	Los bordes de los solares siguen sin cortes con lluvia, nieve y deshielo	Les bords des terrains restent sans raccord sous la pluie, la neige et au dégel	
Shore reflections on the water of Twinbrook, Bridgeport and Moonlight Falls	tr_menu.cpp:kWhatsNewEntries	Reflexo na orla da água de Twinbrook, Bridgeport e Moonlight Falls	Reflejo en la orilla del agua de Twinbrook, Bridgeport y Moonlight Falls	Reflet sur le rivage de l'eau de Twinbrook, Bridgeport et Moonlight Falls	
Banding Fix has its own page; Smooth gradients is off by default	tr_menu.cpp:kWhatsNewEntries	Correção de Faixas tem página própria; Gradientes suaves vem desligado	Corrección de Bandas tiene su propia página; Degradados suaves viene desactivado	Correction des Bandes a sa propre page ; Dégradés lisses est désactivé par défaut	
The menu and start note open from the world selector on	tr_menu.cpp:kWhatsNewEntries	O menu e o aviso de início abrem a partir da seleção de mundo	El menú y el aviso de inicio se abren desde la selección de mundo	Le menu et la note de démarrage s'ouvrent dès la sélection du monde	
Built-in profiles leave Water & Snow, Banding Fix and Lot Streaming as you set them	tr_menu.cpp:kWhatsNewEntries	Os perfis prontos deixam Água e Neve, Correção de Faixas e Carregamento de lotes como você ajustou	Los perfiles listos dejan Agua y Nieve, Corrección de Bandas y Carga de solares como los ajustaste	Les profils prêts laissent Eau et Neige, Correction des Bandes et Chargement des terrains comme vous les avez réglés	
Sim Occlusion is on by default, and Ambient Occlusion has less grain	tr_menu.cpp:kWhatsNewEntries	Oclusão dos Sims vem ligada, e a Oclusão de Ambiente tem menos granulado	Oclusión de los Sims viene activada, y la Oclusión Ambiental tiene menos grano	Occlusion des Sims est activée par défaut, et l'Occlusion Ambiante a moins de grain	
Screen effects wait until the world is drawn, never on menus or loading screens	tr_menu.cpp:kWhatsNewEntries	Os efeitos de tela esperam o mundo aparecer, nunca nos menus ou telas de carregamento	Los efectos de pantalla esperan a que aparezca el mundo, nunca en menús o pantallas de carga	Les effets d'écran attendent que le monde soit affiché, jamais dans les menus ou écrans de chargement	
The pie menu no longer leaves an unfiltered box or a grey square	tr_menu.cpp:kWhatsNewEntries	O menu de ações não deixa mais um quadro sem filtro ou um quadrado cinza	El menú circular ya no deja un recuadro sin filtro ni un cuadrado gris	Le menu circulaire ne laisse plus de cadre non filtré ni de carré gris	
Depth Blur no longer blurs the save screen	tr_menu.cpp:kWhatsNewEntries	O Desfoque de Profundidade não desfoca mais a tela de salvamento	El Desenfoque de Profundidad ya no desenfoca la pantalla de guardado	Le Flou de Profondeur ne floute plus l'écran de sauvegarde	
No false alarm from antivirus programs that use BitDefender's engine	tr_menu.cpp:kWhatsNewEntries	Sem alarme falso dos antivírus que usam o mecanismo da BitDefender	Sin falsa alarma de los antivirus que usan el motor de BitDefender	Plus de fausse alerte des antivirus qui utilisent le moteur de BitDefender	
Color settings and filters work again with Ambient Occlusion, Edge Smoothing or Depth Blur on	tr_menu.cpp:kWhatsNewEntries	Os ajustes e filtros de Cor voltam a funcionar com Oclusão de Ambiente, Suavização de Bordas ou Desfoque de Profundidade ligados	Los ajustes y filtros de Color vuelven a funcionar con Oclusión Ambiental, Suavizado de Bordes o Desenfoque de Profundidad activados	Les réglages et filtres de Couleur fonctionnent à nouveau avec l'Occlusion Ambiante, le Lissage des Bords ou le Flou de Profondeur activés	
Windows take outdoor light: their outer side lit by the lamps outside	tr_menu.cpp:kWhatsNewEntries	Janelas recebem a luz de fora: o lado de fora iluminado pelas lâmpadas externas	Las ventanas reciben la luz exterior: su lado exterior iluminado por las lámparas de fuera	Les fenêtres prennent la lumière extérieure : leur face extérieure éclairée par les lampes du dehors	
Lamp glow and shore reflections on lakes in rain and snow	tr_menu.cpp:kWhatsNewEntries	Brilho das lâmpadas e reflexo da margem nos lagos com chuva e neve	Brillo de las lámparas y reflejo de la orilla en los lagos con lluvia y nieve	Lueur des lampes et reflets de la rive sur les lacs sous la pluie et la neige	
Shore reflections on Twinbrook's sea in rain	tr_menu.cpp:kWhatsNewEntries	Reflexo da margem no mar de Twinbrook com chuva	Reflejo de la orilla en el mar de Twinbrook con lluvia	Reflets de la rive sur la mer de Twinbrook sous la pluie	
What's new shows the last 8 versions, with a scroll bar	tr_menu.cpp:kWhatsNewEntries	As novidades mostram as últimas 8 versões, com barra de rolagem	Las novedades muestran las últimas 8 versiones, con barra de desplazamiento	Les nouveautés montrent les 8 dernières versions, avec une barre de défilement	
Banding Fix on by default in every profile, with Smooth gradients at 8%	tr_menu.cpp:kWhatsNewEntries	Correção de Faixas ligada por padrão em todos os perfis, com Gradientes suaves em 8%	Corrección de bandas activada por defecto en todos los perfiles, con Degradados suaves al 8%	Correction des bandes activée par défaut dans tous les profils, avec Dégradés doux à 8 %	
Doors no longer take the light of the room behind them	tr_menu.cpp:kWhatsNewEntries	Portas não pegam mais a luz do cômodo atrás delas	Las puertas ya no toman la luz de la habitación de detrás	Les portes ne prennent plus la lumière de la pièce derrière elles	
Snowy ground under rugs is no longer darker than the rest of the lot	tr_menu.cpp:kWhatsNewEntries	O chão com neve embaixo de tapetes não fica mais escuro que o resto do lote	El suelo nevado bajo las alfombras ya no es más oscuro que el resto del solar	Le sol enneigé sous les tapis n'est plus plus sombre que le reste du terrain	
Light through doors and windows: walled yards without a roof lit only through their openings	tr_menu.cpp:kWhatsNewEntries	Luz por portas e janelas: pátios murados sem teto iluminados só pelas aberturas	Luz por puertas y ventanas: patios cerrados sin techo iluminados solo por sus aberturas	Lumière par les portes et fenêtres : les cours fermées sans toit éclairées seulement par leurs ouvertures	
Lamp colors stay near lamps: a colored lamp no longer tints far floors and shiny objects	tr_menu.cpp:kWhatsNewEntries	Cores das lâmpadas ficam perto delas: uma lâmpada colorida não tinge mais pisos distantes e objetos brilhantes	Los colores de las lámparas quedan cerca: una lámpara de color ya no tiñe suelos lejanos ni objetos brillantes	Les couleurs des lampes restent locales : une lampe colorée ne teinte plus les sols lointains ni les objets brillants	
Indoor lamp light with Light detail High: no more 1 m squares or light through walls	tr_menu.cpp:kWhatsNewEntries	Luz interna com Detalhe da luz Alto: sem quadrados de 1 m nem luz atravessando paredes	Luz interior con Detalle de luz Alto: sin cuadros de 1 m ni luz a través de paredes	Lumière intérieure en Détail de la lumière Élevé : plus de carrés de 1 m ni de lumière à travers les murs	
Lamp posts light the deck of a house on a foundation next to them	tr_menu.cpp:kWhatsNewEntries	Postes iluminam o deck de uma casa com fundação ao lado deles	Las farolas iluminan la terraza de una casa con cimientos junto a ellas	Les lampadaires éclairent la terrasse d'une maison sur fondations à côté d'eux	
Lamps no longer light floors above them or plants outside their beam	tr_menu.cpp:kWhatsNewEntries	Lâmpadas não iluminam mais pisos acima delas nem plantas fora do facho	Las lámparas ya no iluminan suelos por encima de ellas ni plantas fuera de su haz	Les lampes n'éclairent plus les sols au-dessus d'elles ni les plantes hors de leur faisceau	
Furniture behind a wall no longer takes the lamp of the next room	tr_menu.cpp:kWhatsNewEntries	Móveis atrás de uma parede não pegam mais a lâmpada do cômodo ao lado	Los muebles detrás de una pared ya no toman la lámpara de la habitación de al lado	Les meubles derrière un mur ne prennent plus la lampe de la pièce voisine	
Moving a lamp updates the light faster	tr_menu.cpp:kWhatsNewEntries	Mover uma lâmpada atualiza a luz mais rápido	Mover una lámpara actualiza la luz más rápido	Déplacer une lampe met à jour la lumière plus vite	
Wall lamp light at the right height on tall walls and houses on a foundation (a game bug)	tr_menu.cpp:kWhatsNewEntries	Luz das luminárias de parede na altura certa em paredes altas e casas com fundação (um bug do jogo)	Luz de las lámparas de pared a la altura correcta en paredes altas y casas con cimientos (un error del juego)	Lumière des appliques à la bonne hauteur sur les murs hauts et les maisons sur fondations (un bug du jeu)	
Color works in Edit in Game without turning it off and on	tr_menu.cpp:kWhatsNewEntries	Cor funciona no Editar no Jogo sem precisar desligar e ligar	Color funciona en Editar en el juego sin apagarlo y encenderlo	Couleur fonctionne dans Modifier en jeu sans l'éteindre et le rallumer	
Fence and curb tops no longer turn dark at night	tr_menu.cpp:kWhatsNewEntries	O topo de cercas e meios-fios não fica mais escuro à noite	La parte superior de vallas y bordillos ya no se oscurece de noche	Le dessus des clôtures et des bordures ne devient plus sombre la nuit	
Color and screen effects no longer come and go with the camera in small worlds	tr_menu.cpp:kWhatsNewEntries	Cor e efeitos de tela não somem e voltam mais com a câmera em mundos pequenos	Color y los efectos de pantalla ya no aparecen y desaparecen con la cámara en mundos pequeños	Couleur et les effets d'écran ne vont et viennent plus avec la caméra dans les petits mondes	
No crash after the first loading screen with dxwrapper	tr_menu.cpp:kWhatsNewEntries	Sem travamento depois da primeira tela de carregamento com o dxwrapper	Sin cierre después de la primera pantalla de carga con dxwrapper	Plus de plantage après le premier écran de chargement avec dxwrapper	
Fewer hitches when lots stream in: lot lighting and new objects spread over frames	tr_menu.cpp:kWhatsNewEntries	Menos travadas quando os lotes carregam: iluminação dos lotes e objetos novos espalhados entre quadros	Menos tirones cuando cargan los solares: iluminación de solares y objetos nuevos repartidos entre fotogramas	Moins d'à-coups au chargement des terrains : éclairage des terrains et nouveaux objets répartis sur plusieurs images	
Faster object and game file lookups	tr_menu.cpp:kWhatsNewEntries	Busca mais rápida de objetos e arquivos do jogo	Búsqueda más rápida de objetos y archivos del juego	Recherche plus rapide des objets et des fichiers du jeu	
No long frame when the ground light is rebuilt at load or with Refresh lighting	tr_menu.cpp:kWhatsNewEntries	Sem quadro longo quando a luz do chão é refeita ao carregar ou com Atualizar iluminação	Sin fotograma largo cuando la luz del suelo se rehace al cargar o con Actualizar iluminación	Plus d'image longue quand la lumière du sol est refaite au chargement ou avec Actualiser l'éclairage	
Apex uses less memory and does less work while drawing	tr_menu.cpp:kWhatsNewEntries	O Apex usa menos memória e trabalha menos ao desenhar	Apex usa menos memoria y trabaja menos al dibujar	Apex utilise moins de mémoire et travaille moins pendant l'affichage	
The unused AMD Vulkan driver stays out of the game on PCs with AMD integrated graphics	tr_menu.cpp:kWhatsNewEntries	O driver Vulkan da AMD sem uso fica fora do jogo em PCs com gráficos integrados AMD	El controlador Vulkan de AMD sin uso queda fuera del juego en PCs con gráficos integrados AMD	Le pilote Vulkan AMD inutilisé reste hors du jeu sur les PC avec graphiques intégrés AMD	
Brightness, contrast, saturation, temperature and sharpness	tr_image.cpp:kEntries	Brilho, contraste, saturação, temperatura e nitidez	Brillo, contraste, saturación, temperatura y nitidez	Luminosité, contraste, saturation, température et netteté	
Midtones, shadows, highlights and blacks	tr_image.cpp:kEntries	Meios-tons, sombras, altas luzes e pretos	Medios tonos, sombras, luces y negros	Tons moyens, ombres, hautes lumières et noirs	
Tint, vibrance, film tones and color mixer	tr_image.cpp:kEntries	Matiz, vivacidade, tons de filme e mistura de cores	Matiz, intensidad, tonos de película y mezcla de colores	Teinte, vibrance, tons de film et mélangeur de couleurs	
Clarity and darker corners	tr_image.cpp:kEntries	Clareza e cantos mais escuros	Claridad y esquinas más oscuras	Clarté et coins assombris	
Film looks, light, camera and retro effects	tr_image.cpp:kEntries	Visuais de filme, luz, câmera e efeitos retrô	Estilos de película, luz, cámara y efectos retro	Styles de film, lumière, caméra et effets rétro	
Color is off; your adjustments are kept	tr_image.cpp:kEntries	Cor está desligada; seus ajustes são mantidos	Color está desactivado; se conservan tus ajustes	Couleur est désactivée ; vos réglages sont conservés	
Adjust this filter	tr_image.cpp:kEntries	Ajustar este filtro	Ajustar este filtro	Régler ce filtre	
Filter shortcuts	tr_image.cpp:kEntries	Atalhos do filtro	Atajos del filtro	Raccourcis du filtre	
Assign shortcut	tr_image.cpp:kEntries	Definir atalho	Asignar atajo	Définir un raccourci	
Change shortcut	tr_image.cpp:kEntries	Alterar atalho	Cambiar atajo	Modifier le raccourci	
Remove shortcut	tr_image.cpp:kEntries	Remover atalho	Eliminar atajo	Supprimer le raccourci	
Filter shortcut	tr_image.cpp:kEntries	Atalho do filtro	Atajo del filtro	Raccourci du filtre	
Press the keys together, then choose Save	tr_image.cpp:kEntries	Pressione as teclas juntas e escolha Salvar	Pulsa las teclas juntas y elige Guardar	Appuyez sur les touches ensemble, puis choisissez Enregistrer	
Waiting for keys	tr_image.cpp:kEntries	Aguardando teclas	Esperando teclas	En attente des touches	
This shortcut is already in use	tr_image.cpp:kEntries	Este atalho já está em uso	Este atajo ya está en uso	Ce raccourci est déjà utilisé	
Sim intensity	tr_image.cpp:kEntries	Intensidade nos Sims	Intensidad en los Sims	Intensité sur les Sims	
Shade on supported Sim materials; 0% removes it, 100% keeps the original	tr_image.cpp:kEntries	Sombra nos materiais de Sims reconhecidos; 0% remove, 100% preserva a original	Sombra en materiales de Sims reconocidos; 0% la elimina, 100% conserva la original	Ombre sur les matériaux Sims reconnus ; 0 % la retire, 100 % conserve l'originale	
Distance at which the shade fades out outside map view	tr_image.cpp:kEntries	Distância em que a sombra desaparece fora da visão de mapa	Distancia a la que desaparece la sombra fuera de la vista de mapa	Distance à laquelle l'ombre disparaît hors de la vue carte	
Sim shading control is unavailable; original shade is kept	tr_image.cpp:kEntries	Controle de sombra nos Sims indisponível; a sombra original foi mantida	Control de sombra de Sims no disponible; se conserva la sombra original	Contrôle d'ombre des Sims indisponible ; l'ombre originale est conservée	
FXAA is recommended for lower GPU cost; SMAA is an alternative	tr_image.cpp:kEntries	FXAA é recomendado por exigir menos da placa de vídeo; SMAA é uma alternativa	Se recomienda FXAA porque exige menos a la tarjeta gráfica; SMAA es una alternativa	FXAA est recommandé pour moins solliciter la carte graphique ; SMAA est une alternative	
could not copy the scene for SMAA	tr_image.cpp:kEntries	não foi possível copiar a cena para o SMAA	no se pudo copiar la escena para SMAA	impossible de copier la scène pour SMAA	
Also finds edges between different colors of similar brightness	tr_image.cpp:kEntries	Também encontra bordas entre cores diferentes com brilho parecido	También detecta bordes entre colores distintos de brillo parecido	Détecte aussi les bords entre couleurs différentes de luminosité similaire	
Finds faint color edges too, useful at night	tr_image.cpp:kEntries	Encontra também bordas de cor sutis, útil à noite	Detecta también bordes de color sutiles, útil de noche	Détecte aussi les bords de couleur subtils, utile la nuit	
Banding Fix	tr_image.cpp:kEntries	Correção de Faixas	Corrección de Bandas	Correction des Bandes	
Smooth light and gradients, with no color steps	tr_image.cpp:kEntries	Luz e degradês suaves, sem degraus de cor	Luz y degradados suaves, sin escalones de color	Lumière et dégradés doux, sans paliers de couleur	
Smooth light, with no color steps	tr_image.cpp:kEntries	Luz suave, sem degraus de cor	Luz suave, sin escalones de color	Une lumière douce, sans paliers de couleur	
No color steps in light and shadows	tr_image.cpp:kEntries	Sem degraus de cor na luz e nas sombras	Sin escalones de color en la luz y las sombras	Pas de paliers de couleur dans la lumière et les ombres	
How much grain hides the color steps; 100% hides them fully, 0% is off	tr_image.cpp:kEntries	Quanto grão esconde os degraus de cor; 100% esconde por completo, 0% desliga	Cuánto grano oculta los escalones de color; 100% los oculta del todo, 0% lo apaga	La quantité de grain qui cache les paliers de couleur ; 100 % les cache entièrement, 0 % = désactivé	
Moving grain	tr_image.cpp:kEntries	Grão em movimento	Grano en movimiento	Grain animé	
A new grain each frame: invisible at high frame rates, a faint shimmer at low ones	tr_image.cpp:kEntries	Um grão novo a cada quadro: invisível com FPS alto, um leve tremor com FPS baixo	Un grano nuevo en cada fotograma: invisible con FPS altos, un leve temblor con FPS bajos	Un nouveau grain à chaque image : invisible à haute fréquence, un léger scintillement à basse fréquence	
Banding	tr_image.cpp:kEntries	Faixas	Bandas	Bandes	
Softens the steps left in skies and shadows; works with Picture off too; 0% is off	tr_image.cpp:kEntries	Suaviza os degraus que sobram no céu e nas sombras; funciona com o Picture desligado; 0% desliga	Suaviza los escalones que quedan en el cielo y las sombras; funciona con Picture desactivado; 0% lo apaga	Adoucit les paliers restants dans le ciel et les ombres ; marche aussi sans Picture ; 0 % = désactivé	
Smooth gradients also reaches the sky and other surfaces the grain can't	tr_image.cpp:kEntries	Os gradientes suaves também chegam ao céu e a superfícies que o grão não alcança	Los degradados suaves también llegan al cielo y a superficies que el grano no alcanza	Les dégradés lisses atteignent aussi le ciel et les surfaces que le grain n'atteint pas	
Removes the color steps (banding) in lamp light, shadows and other smooth gradients of the 3D world: an invisible, fixed grain where the game rounds its colors, so light fades smoothly. Menus are untouched. Part of Apex Radiance. Credits: @loinyx	tr_image.cpp:kEntries	Remove os degraus de cor (banding) na luz das lâmpadas, nas sombras e em outros degradês suaves do mundo 3D: um grão invisível e fixo onde o jogo arredonda as cores, para a luz se apagar suavemente. Os menus não mudam. Parte do Apex Radiance. Créditos: @loinyx	Elimina los escalones de color (banding) en la luz de las lámparas, las sombras y otros degradados suaves del mundo 3D: un grano invisible y fijo donde el juego redondea sus colores, para que la luz se apague suavemente. Los menús no cambian. Parte de Apex Radiance. Créditos: @loinyx	Supprime les paliers de couleur (banding) dans la lumière des lampes, les ombres et les autres dégradés doux du monde 3D : un grain invisible et fixe là où le jeu arrondit ses couleurs, pour que la lumière s'estompe en douceur. Les menus ne changent pas. Fait partie d'Apex Radiance. Crédits : @loinyx	
Picture	tr_image.cpp:kEntries	Imagem	Imagen	Image	
Brightness, contrast, color and sharpness	tr_image.cpp:kEntries	Brilho, contraste, cor e nitidez	Brillo, contraste, color y nitidez	Luminosité, contraste, couleur et netteté	
Fine-tune how the world looks: brightness, contrast, color, sharpness and smoother skies, plus film-style tones and a vignette. Menus and text keep their normal look. Part of Apex Radiance. Credits: @loinyx	tr_image.cpp:kEntries	Ajuste fino da aparência do mundo: brilho, contraste, cor, nitidez e céus mais suaves, além de tons de cinema e vinheta. Menus e textos mantêm a aparência normal. Parte do Apex Radiance. Créditos: @loinyx	Ajusta cómo se ve el mundo: brillo, contraste, color, nitidez y cielos más suaves, además de tonos de cine y viñeta. Los menús y el texto conservan su aspecto normal. Parte de Apex Radiance. Créditos: @loinyx	Réglez l'apparence du monde : luminosité, contraste, couleur, netteté et ciels plus doux, plus des tons façon cinéma et un vignettage. Les menus et le texte gardent leur aspect normal. Fait partie d'Apex Radiance. Crédits : @loinyx	
Before and after: the left half of the screen without Picture, the right half with it (not saved)	tr_image.cpp:kEntries	Antes e depois: a metade esquerda da tela sem Imagem, a direita com ela (não é salvo)	Antes y después: la mitad izquierda de la pantalla sin Imagen, la derecha con ella (no se guarda)	Avant / après : la moitié gauche de l'écran sans Image, la droite avec (non enregistré)	
Hold to compare: the game without Picture while you hold it (or hold B over the menu)	tr_image.cpp:kEntries	Segure para comparar: o jogo sem Imagem enquanto você segura (ou segure B sobre o menu)	Mantén para comparar: el juego sin Imagen mientras lo mantienes (o mantén B sobre el menú)	Maintenez pour comparer : le jeu sans Image tant que vous maintenez (ou maintenez B sur le menu)	
Basic	tr_image.cpp:kEntries	Básico	Básico	Base	
Tones	tr_image.cpp:kEntries	Tons	Tonos	Tons	
Color	tr_image.cpp:kEntries	Cor	Color	Couleur	
Detail	tr_image.cpp:kEntries,tr_lighting.cpp:kEntries	Detalhe	Detalle	Détail	
Brightness	tr_image.cpp:kEntries,tr_lighting.cpp:kEntries	Brilho	Brillo	Luminosité	
Overall brightness of the world; menus stay the same	tr_image.cpp:kEntries	Brilho geral do mundo; os menus não mudam	Brillo general del mundo; los menús no cambian	Luminosité globale du monde ; les menus ne changent pas	
Contrast	tr_image.cpp:kEntries	Contraste	Contraste	Contraste	
Deeper darks and brighter brights; 100% is unchanged	tr_image.cpp:kEntries	Escuros mais fundos e claros mais claros; 100% não muda nada	Oscuros más profundos y claros más brillantes; 100% no cambia nada	Sombres plus profonds, clairs plus lumineux ; 100 % ne change rien	
Saturation	tr_image.cpp:kEntries	Saturação	Saturación	Saturation	
How colorful everything is; 0% is black and white	tr_image.cpp:kEntries	O quanto tudo é colorido; 0% é preto e branco	Qué tan colorido es todo; 0% es blanco y negro	L'intensité des couleurs ; 0 % donne du noir et blanc	
Temperature	tr_image.cpp:kEntries	Temperatura	Temperatura	Température	
A cooler, bluer or warmer, more golden picture	tr_image.cpp:kEntries	Uma imagem mais fria e azulada ou mais quente e dourada	Una imagen más fría y azulada o más cálida y dorada	Une image plus froide et bleutée ou plus chaude et dorée	
Cooler	tr_image.cpp:kEntries	Mais fria	Más fría	Plus froide	
Warmer	tr_image.cpp:kEntries	Mais quente	Más cálida	Plus chaude	
Sharpness	tr_image.cpp:kEntries	Nitidez	Nitidez	Netteté	
Crisper fine detail without bright outlines; 0% is off	tr_image.cpp:kEntries	Detalhes finos mais nítidos sem contornos claros; 0% é desligado	Detalles finos más nítidos sin contornos claros; 0% es desactivado	Détails fins plus nets sans contours clairs ; 0 % = désactivé	
Smooth gradients	tr_image.cpp:kEntries	Gradientes suaves	Degradados suaves	Dégradés lisses	
Removes visible color steps in skies and shadows; 0% is off	tr_image.cpp:kEntries	Remove degraus de cor visíveis em céus e sombras; 0% é desligado	Quita los escalones de color visibles en cielos y sombras; 0% es desactivado	Supprime les paliers de couleur visibles dans le ciel et les ombres ; 0 % = désactivé	
Midtones	tr_image.cpp:kEntries	Meios-tons	Medios tonos	Tons moyens	
Brighten or darken the middle tones; great for dark rooms	tr_image.cpp:kEntries	Clareia ou escurece os tons médios; ótimo para cômodos escuros	Aclara u oscurece los tonos medios; ideal para habitaciones oscuras	Éclaircit ou assombrit les tons moyens ; idéal pour les pièces sombres	
Shadows	tr_image.cpp:kEntries	Sombras	Sombras	Ombres	
Raise for more detail in dark areas, lower for a moodier look	tr_image.cpp:kEntries	Aumente para mais detalhe nas áreas escuras, diminua para um visual mais dramático	Sube para más detalle en zonas oscuras, baja para un aspecto más dramático	Augmentez pour plus de détail dans les zones sombres, baissez pour plus d'ambiance	
Highlights	tr_image.cpp:kEntries	Realces	Iluminaciones	Hautes lumières	
Lower to bring back detail in bright skies and lamps	tr_image.cpp:kEntries	Diminua para recuperar detalhe em céus claros e lâmpadas	Baja para recuperar detalle en cielos claros y lámparas	Baissez pour retrouver du détail dans les ciels clairs et les lampes	
Blacks	tr_image.cpp:kEntries	Pretos	Negros	Noirs	
Soft, faded blacks or deep, pure blacks	tr_image.cpp:kEntries	Pretos suaves e desbotados ou pretos profundos e puros	Negros suaves y desvaídos o negros profundos y puros	Des noirs doux et délavés ou profonds et purs	
Faded	tr_image.cpp:kEntries	Desbotado	Desvaído	Délavé	
Deeper	tr_image.cpp:kEntries	Mais fundo	Más profundo	Plus profond	
Tint	tr_image.cpp:kEntries	Matiz	Matiz	Teinte	
Shift colors toward green or magenta	tr_image.cpp:kEntries	Leva as cores para o verde ou o magenta	Lleva los colores hacia el verde o el magenta	Décale les couleurs vers le vert ou le magenta	
Green	tr_image.cpp:kEntries	Verde	Verde	Vert	
Magenta	tr_image.cpp:kEntries	Magenta	Magenta	Magenta	
Vibrance	tr_image.cpp:kEntries	Vibratilidade	Intensidad	Vibrance	
Boosts dull colors and keeps skin tones natural	tr_image.cpp:kEntries	Realça as cores apagadas e mantém os tons de pele naturais	Realza los colores apagados y mantiene naturales los tonos de piel	Ravive les couleurs ternes et garde des tons de peau naturels	
FILM TONES	tr_image.cpp:kEntries	TONS DE CINEMA	TONOS DE CINE	TONS CINÉMA	
Shadow color	tr_image.cpp:kEntries	Cor das sombras	Color de sombras	Couleur des ombres	
Teal or blue is the classic film look	tr_image.cpp:kEntries	Verde-azulado ou azul é o visual clássico de cinema	Verde azulado o azul es el look clásico de cine	Bleu-vert ou bleu : le look cinéma classique	
Shadow amount	tr_image.cpp:kEntries	Intensidade nas sombras	Intensidad en sombras	Dosage des ombres	
How strongly shadows take that color; 0% is off	tr_image.cpp:kEntries	O quanto as sombras pegam essa cor; 0% é desligado	Cuánto toman ese color las sombras; 0% es desactivado	À quel point les ombres prennent cette couleur ; 0 % = désactivé	
Highlight color	tr_image.cpp:kEntries	Cor dos realces	Color de iluminaciones	Couleur des hautes lumières	
Orange or gold is the classic film look	tr_image.cpp:kEntries	Laranja ou dourado é o visual clássico de cinema	Naranja o dorado es el look clásico de cine	Orange ou doré : le look cinéma classique	
Highlight amount	tr_image.cpp:kEntries	Intensidade nos realces	Intensidad en iluminaciones	Dosage des hautes lumières	
How strongly highlights take that color; 0% is off	tr_image.cpp:kEntries	O quanto os realces pegam essa cor; 0% é desligado	Cuánto toman ese color las iluminaciones; 0% es desactivado	À quel point les hautes lumières prennent cette couleur ; 0 % = désactivé	
COLOR MIXER	tr_image.cpp:kEntries	MIXER DE CORES	MEZCLADOR DE COLOR	MÉLANGEUR DE COULEURS	
Reds	tr_image.cpp:kEntries	Vermelhos	Rojos	Rouges	
Yellows	tr_image.cpp:kEntries	Amarelos	Amarillos	Jaunes	
Greens	tr_image.cpp:kEntries	Verdes	Verdes	Verts	
Cyans	tr_image.cpp:kEntries	Cianos	Cianes	Cyans	
Blues	tr_image.cpp:kEntries	Azuis	Azules	Bleus	
Magentas	tr_image.cpp:kEntries	Magentas	Magentas	Magentas	
Red flowers, brick and clothing	tr_image.cpp:kEntries	Flores vermelhas, tijolos e roupas	Flores rojas, ladrillos y ropa	Fleurs rouges, briques et vêtements	
Sunlight, sand and autumn leaves	tr_image.cpp:kEntries	Luz do sol, areia e folhas de outono	Luz del sol, arena y hojas de otoño	Soleil, sable et feuilles d'automne	
Grass and leaves; lower it for less neon plants	tr_image.cpp:kEntries	Grama e folhas; diminua para plantas menos neon	Césped y hojas; bájalo para plantas menos neón	Herbe et feuilles ; baissez pour des plantes moins fluo	
Pools and pale skies	tr_image.cpp:kEntries	Piscinas e céus claros	Piscinas y cielos pálidos	Piscines et ciels pâles	
Sky and water	tr_image.cpp:kEntries	Céu e água	Cielo y agua	Ciel et eau	
Pink and purple flowers and clothing	tr_image.cpp:kEntries	Flores e roupas rosa e roxas	Flores y ropa rosas y moradas	Fleurs et vêtements roses et violets	
Reset mixer	tr_image.cpp:kEntries	Restaurar mixer	Restablecer mezclador	Réinitialiser le mélangeur	
Set every color family back to 100%	tr_image.cpp:kEntries	Volta todas as famílias de cor para 100%	Devuelve todas las familias de color a 100%	Remet chaque famille de couleurs à 100 %	
Color mixer reset	tr_image.cpp:kEntries	Mixer de cores restaurado	Mezclador de color restablecido	Mélangeur de couleurs réinitialisé	
Clarity	tr_image.cpp:kEntries	Claridade	Claridad	Clarté	
More texture and depth on surfaces, or softer; no halos	tr_image.cpp:kEntries	Mais textura e profundidade nas superfícies, ou mais suave; sem halos	Más textura y profundidad en las superficies, o más suave; sin halos	Plus de texture et de relief sur les surfaces, ou plus doux ; sans halos	
Softer	tr_image.cpp:kEntries	Mais suave	Más suave	Plus doux	
Crisper	tr_image.cpp:kEntries	Mais nítido	Más nítido	Plus net	
Vignette	tr_image.cpp:kEntries	Vinheta	Viñeta	Vignettage	
Darker corners that draw the eye inward; 0% is off	tr_image.cpp:kEntries	Cantos mais escuros que levam o olhar ao centro; 0% é desligado	Esquinas más oscuras que llevan la mirada al centro; 0% es desactivado	Coins plus sombres qui attirent l'œil vers le centre ; 0 % = désactivé	
Vignette size	tr_image.cpp:kEntries	Tamanho da vinheta	Tamaño de la viñeta	Taille du vignettage	
Where the darkening starts; lower is closer to the center	tr_image.cpp:kEntries	Onde o escurecimento começa; menor é mais perto do centro	Dónde empieza el oscurecimiento; menor es más cerca del centro	Où l'assombrissement commence ; plus bas = plus près du centre	
Filters add up: switch on as many as you like, each with its own strength	tr_image.cpp:kEntries	Os filtros se somam: ligue quantos quiser, cada um com sua própria força	Los filtros se suman: activa cuantos quieras, cada uno con su propia fuerza	Les filtres s'additionnent : activez-en autant que vous voulez, chacun avec sa propre force	
FILM LOOKS	tr_image.cpp:kEntries	VISUAIS DE FILME	ESTILOS DE PELÍCULA	RENDUS PELLICULE	
COLOR AND MOOD	tr_image.cpp:kEntries	COR E CLIMA	COLOR Y AMBIENTE	COULEUR ET AMBIANCE	
LIGHT AND DETAIL	tr_image.cpp:kEntries	LUZ E DETALHE	LUZ Y DETALLE	LUMIÈRE ET DÉTAIL	
CAMERA	tr_image.cpp:kEntries	CÂMERA	CÁMARA	CAMÉRA	
RETRO AND STYLE	tr_image.cpp:kEntries	RETRÔ E ESTILO	RETRO Y ESTILO	RÉTRO ET STYLE	
Vintage	tr_image.cpp:kEntries	Vintage	Vintage	Vintage	
A faded old photo: soft blacks, warm cast, washed-out colors	tr_image.cpp:kEntries	Uma foto antiga desbotada: pretos suaves, tom quente, cores lavadas	Una foto antigua desvaída: negros suaves, tono cálido, colores lavados	Une vieille photo passée : noirs doux, dominante chaude, couleurs délavées	
Fade	tr_image.cpp:kEntries	Desbotado	Desvanecido	Délavage	
How grey and lifted the blacks get	tr_image.cpp:kEntries	O quanto os pretos ficam cinzentos e clareados	Cuánto se agrisan y aclaran los negros	À quel point les noirs deviennent gris et éclaircis	
Warmth	tr_image.cpp:kEntries	Calor	Calidez	Chaleur	
A yellowed print, or a cool, aged one	tr_image.cpp:kEntries	Uma cópia amarelada, ou uma fria e envelhecida	Una copia amarillenta, o una fría y envejecida	Un tirage jauni, ou un tirage froid et vieilli	
Faded colors	tr_image.cpp:kEntries	Cores desbotadas	Colores desvaídos	Couleurs passées	
How much the colors wash out	tr_image.cpp:kEntries	O quanto as cores se apagam	Cuánto se apagan los colores	À quel point les couleurs se délavent	
Cross-process	tr_image.cpp:kEntries	Processo cruzado	Proceso cruzado	Traitement croisé	
Film developed in the wrong chemistry: green shadows, yellow highlights	tr_image.cpp:kEntries	Filme revelado no químico errado: sombras verdes, altas luzes amarelas	Película revelada con la química equivocada: sombras verdes, luces amarillas	Pellicule développée dans le mauvais bain : ombres vertes, hautes lumières jaunes	
How punchy the shifted colors get	tr_image.cpp:kEntries	O quanto as cores deslocadas ficam intensas	Cuánto se intensifican los colores desplazados	À quel point les couleurs décalées deviennent percutantes	
Black and white	tr_image.cpp:kEntries	Preto e branco	Blanco y negro	Noir et blanc	
Black and white photo, with a lens filter and an optional toning	tr_image.cpp:kEntries	Foto em preto e branco, com filtro de lente e viragem opcional	Foto en blanco y negro, con filtro de lente y virado opcional	Photo en noir et blanc, avec un filtre d'objectif et un virage facultatif	
Partly colored, or fully black and white	tr_image.cpp:kEntries	Parcialmente colorida, ou totalmente em preto e branco	Parcialmente en color, o totalmente en blanco y negro	Partiellement en couleur, ou entièrement en noir et blanc	
Filter color	tr_image.cpp:kEntries	Cor do filtro	Color del filtro	Couleur du filtre	
Like a photographer's filter: red darkens skies, yellow softens skin, green lightens leaves	tr_image.cpp:kEntries	Como o filtro de um fotógrafo: vermelho escurece o céu, amarelo suaviza a pele, verde clareia as folhas	Como el filtro de un fotógrafo: el rojo oscurece el cielo, el amarillo suaviza la piel, el verde aclara las hojas	Comme le filtre d'un photographe : le rouge assombrit le ciel, le jaune adoucit la peau, le vert éclaircit les feuilles	
Filter strength	tr_image.cpp:kEntries	Força do filtro	Fuerza del filtro	Force du filtre	
How much the filter changes the greys; 0% is neutral	tr_image.cpp:kEntries	O quanto o filtro muda os cinzas; 0% é neutro	Cuánto cambia el filtro los grises; 0% es neutro	À quel point le filtre change les gris ; 0 % est neutre	
Softer greys, or deeper blacks and brighter whites	tr_image.cpp:kEntries	Cinzas mais suaves, ou pretos mais profundos e brancos mais claros	Grises más suaves, o negros más profundos y blancos más claros	Gris plus doux, ou noirs plus profonds et blancs plus clairs	
Punchier	tr_image.cpp:kEntries	Mais forte	Más intenso	Plus percutant	
Toning	tr_image.cpp:kEntries	Viragem	Virado	Virage	
Tone color	tr_image.cpp:kEntries	Cor da viragem	Color del virado	Couleur du virage	
Brown for sepia, blue for cyanotype	tr_image.cpp:kEntries	Marrom para sépia, azul para cianotipia	Marrón para sepia, azul para cianotipia	Brun pour le sépia, bleu pour le cyanotype	
Tone amount	tr_image.cpp:kEntries	Intensidade da viragem	Intensidad del virado	Intensité du virage	
How strongly the greys take that color; 0% is neutral	tr_image.cpp:kEntries	O quanto os cinzas assumem essa cor; 0% é neutro	Cuánto toman los grises ese color; 0% es neutro	À quel point les gris prennent cette couleur ; 0 % est neutre	
Glow	tr_image.cpp:kEntries	Brilho	Resplandor	Lueur	
A soft halo around lamps, windows and other bright areas	tr_image.cpp:kEntries	Um halo suave em volta de lâmpadas, janelas e outras áreas claras	Un halo suave alrededor de lámparas, ventanas y otras zonas claras	Un halo doux autour des lampes, des fenêtres et des autres zones claires	
How bright the halo is	tr_image.cpp:kEntries	O quanto o halo é claro	Cuán brillante es el halo	Luminosité du halo	
Threshold	tr_image.cpp:kEntries	Limiar	Umbral	Seuil	
How bright something must be to glow; lower makes more of the picture glow	tr_image.cpp:kEntries	O quanto algo precisa ser claro para brilhar; menor faz mais da imagem brilhar	Cuánto brillo necesita algo para resplandecer; más bajo hace resplandecer más la imagen	La luminosité nécessaire pour briller ; plus bas, une plus grande partie de l'image brille	
Size	tr_image.cpp:kEntries	Tamanho	Tamaño	Taille	
How far the halo spreads	tr_image.cpp:kEntries	O quanto o halo se espalha	Cuánto se extiende el halo	Jusqu'où le halo s'étend	
A cooler or warmer halo	tr_image.cpp:kEntries	Um halo mais frio ou mais quente	Un halo más frío o más cálido	Un halo plus froid ou plus chaud	
Halation	tr_image.cpp:kEntries	Halação	Halación	Halation	
The reddish halo film leaves around strong light	tr_image.cpp:kEntries	O halo avermelhado que o filme deixa em volta de luz forte	El halo rojizo que la película deja alrededor de la luz fuerte	Le halo rougeâtre que la pellicule laisse autour des lumières fortes	
How strong the halo is	tr_image.cpp:kEntries	O quanto o halo é forte	Cuán fuerte es el halo	Force du halo	
Only light brighter than this gets the halo	tr_image.cpp:kEntries	Só a luz mais clara que isso ganha o halo	Solo la luz más brillante que esto recibe el halo	Seule la lumière plus vive que ce seuil reçoit le halo	
Halo color	tr_image.cpp:kEntries	Cor do halo	Color del halo	Couleur du halo	
Red-orange is how real film looks	tr_image.cpp:kEntries	Vermelho-alaranjado é como o filme de verdade fica	El rojo anaranjado es como se ve la película real	Le rouge orangé est l'aspect d'une vraie pellicule	
Dreamy	tr_image.cpp:kEntries	Sonhador	Onírico	Onirique	
A soft, glowing, slightly more colorful picture	tr_image.cpp:kEntries	Uma imagem suave, luminosa e um pouco mais colorida	Una imagen suave, luminosa y un poco más colorida	Une image douce, lumineuse et un peu plus colorée	
How soft and wide the glow is	tr_image.cpp:kEntries	O quanto o brilho é suave e amplo	Cuán suave y amplio es el resplandor	Douceur et étendue de la lueur	
Extra color in the glow	tr_image.cpp:kEntries	Cor extra no brilho	Color extra en el resplandor	Couleur supplémentaire dans la lueur	
Direction	tr_image.cpp:kEntries	Direção	Dirección	Direction	
Fake HDR	tr_image.cpp:kEntries	HDR falso	HDR falso	Faux HDR	
More detail in dark and bright areas, like an HDR photo	tr_image.cpp:kEntries	Mais detalhe nas áreas escuras e claras, como uma foto HDR	Más detalle en las zonas oscuras y claras, como una foto HDR	Plus de détails dans les zones sombres et claires, comme une photo HDR	
How much the dark areas are lifted	tr_image.cpp:kEntries	O quanto as áreas escuras são clareadas	Cuánto se aclaran las zonas oscuras	À quel point les zones sombres sont éclaircies	
How much of the sky and bright light is brought back	tr_image.cpp:kEntries	O quanto do céu e da luz forte é recuperado	Cuánto del cielo y de la luz intensa se recupera	La part du ciel et des lumières vives récupérée	
Radius	tr_image.cpp:kEntries	Raio	Radio	Rayon	
Fine detail, or large areas of light and shade	tr_image.cpp:kEntries	Detalhe fino, ou grandes áreas de luz e sombra	Detalle fino, o grandes zonas de luz y sombra	Détails fins, ou grandes zones d'ombre et de lumière	
Halo protection	tr_image.cpp:kEntries	Proteção contra halo	Protección contra halos	Protection contre les halos	
Keeps dark or bright outlines from forming around roofs and Sims	tr_image.cpp:kEntries	Evita contornos escuros ou claros em volta de telhados e Sims	Evita que se formen contornos oscuros o claros alrededor de tejados y Sims	Empêche les contours sombres ou clairs autour des toits et des Sims	
A little extra color, since HDR tends to look washed out	tr_image.cpp:kEntries	Um pouco de cor extra, já que HDR tende a ficar desbotado	Un poco de color extra, ya que el HDR suele verse apagado	Un peu de couleur en plus, car le HDR paraît souvent délavé	
Full color on what you look at, the rest fades to grey	tr_image.cpp:kEntries	Cor total no que você olha, o resto fica cinza	Color completo en lo que miras, el resto se vuelve gris	Pleine couleur sur ce que vous regardez, le reste vire au gris	
Focus depth	tr_image.cpp:kEntries	Profundidade do foco	Profundidad del foco	Profondeur de la mise au point	
How deep the colorful zone is, compared with its distance	tr_image.cpp:kEntries	O quanto a zona colorida é profunda, em relação à sua distância	Cuán profunda es la zona de color, en relación con su distancia	Profondeur de la zone colorée, par rapport à sa distance	
The colorful zone follows what is at the center of the screen	tr_image.cpp:kEntries	A zona colorida segue o que está no centro da tela	La zona de color sigue lo que está en el centro de la pantalla	La zone colorée suit ce qui est au centre de l'écran	
Tilt-shift	tr_image.cpp:kEntries	Tilt-shift	Tilt-shift	Tilt-shift	
Miniature effect: a sharp band, blurred top and bottom	tr_image.cpp:kEntries	Efeito miniatura: uma faixa nítida, com o topo e a base desfocados	Efecto miniatura: una franja nítida, con arriba y abajo desenfocados	Effet miniature : une bande nette, le haut et le bas flous	
How strong the blur is	tr_image.cpp:kEntries	O quanto o desfoque é forte	Cuán fuerte es el desenfoque	Force du flou	
Position	tr_image.cpp:kEntries	Posição	Posición	Position	
Where the sharp band sits: 0% is the top, 100% the bottom	tr_image.cpp:kEntries	Onde fica a faixa nítida: 0% é o topo, 100% a base	Dónde está la franja nítida: 0% es arriba, 100% abajo	Position de la bande nette : 0 % en haut, 100 % en bas	
Sharp band	tr_image.cpp:kEntries	Faixa nítida	Franja nítida	Bande nette	
How tall the sharp band is	tr_image.cpp:kEntries	A altura da faixa nítida	La altura de la franja nítida	Hauteur de la bande nette	
Toy colors	tr_image.cpp:kEntries	Cores de brinquedo	Colores de juguete	Couleurs de jouet	
Extra saturation that makes the scene look like a model	tr_image.cpp:kEntries	Saturação extra que faz a cena parecer uma maquete	Saturación extra que hace que la escena parezca una maqueta	Saturation supplémentaire qui donne à la scène l'air d'une maquette	
Film grain	tr_image.cpp:kEntries	Granulação de filme	Grano de película	Grain de pellicule	
Fine film grain over the picture	tr_image.cpp:kEntries	Granulação fina de filme sobre a imagem	Grano fino de película sobre la imagen	Un grain de pellicule fin sur l'image	
Grain	tr_image.cpp:kEntries	Granulação	Grano	Grain	
How visible the grain is	tr_image.cpp:kEntries	O quanto a granulação aparece	Cuán visible es el grano	Visibilité du grain	
Grain size	tr_image.cpp:kEntries	Tamanho do grão	Tamaño del grano	Taille du grain	
Fine or coarse grain	tr_image.cpp:kEntries	Grão fino ou grosso	Grano fino o grueso	Grain fin ou grossier	
More in the shadows	tr_image.cpp:kEntries	Mais nas sombras	Más en las sombras	Plus dans les ombres	
Real film shows more grain in dark areas	tr_image.cpp:kEntries	Filme de verdade mostra mais grão nas áreas escuras	La película real muestra más grano en las zonas oscuras	Une vraie pellicule montre plus de grain dans les zones sombres	
CRT	tr_image.cpp:kEntries	CRT	CRT	CRT	
An old TV: curved glass, phosphor stripes and scanlines	tr_image.cpp:kEntries	Uma TV antiga: vidro curvo, listras de fósforo e linhas de varredura	Una TV antigua: cristal curvo, franjas de fósforo y líneas de escaneo	Une vieille télé : verre bombé, bandes de phosphore et lignes de balayage	
Curvature	tr_image.cpp:kEntries	Curvatura	Curvatura	Courbure	
How curved the glass is	tr_image.cpp:kEntries	O quanto o vidro é curvo	Cuán curvo es el cristal	Courbure du verre	
Phosphor mask	tr_image.cpp:kEntries	Máscara de fósforo	Máscara de fósforo	Masque de phosphore	
The red, green and blue stripes of the screen	tr_image.cpp:kEntries	As listras vermelhas, verdes e azuis da tela	Las franjas rojas, verdes y azules de la pantalla	Les bandes rouges, vertes et bleues de l'écran	
Dark lines between rows	tr_image.cpp:kEntries	Linhas escuras entre as fileiras	Líneas oscuras entre las filas	Lignes sombres entre les rangées	
Dark edges	tr_image.cpp:kEntries	Bordas escuras	Bordes oscuros	Bords sombres	
Darker corners of the glass	tr_image.cpp:kEntries	Cantos do vidro mais escuros	Esquinas del cristal más oscuras	Coins du verre plus sombres	
Filters	tr_image.cpp:kEntries	Filtros	Filtros	Filtres	
Film color	tr_image.cpp:kEntries	Cor de filme	Color de película	Couleur de film	
Color looks inspired by film stock	tr_image.cpp:kEntries	Visuais de cor inspirados em filmes de cinema	Estilos de color inspirados en películas de cine	Rendus inspirés des pellicules de cinéma	
Lens	tr_image.cpp:kEntries	Lente	Lente	Objectif	
Camera-like focus and edges	tr_image.cpp:kEntries	Foco e bordas como de uma câmera	Enfoque y bordes como los de una cámara	Mise au point et bords comme un appareil photo	
Retro	tr_image.cpp:kEntries	Retrô	Retro	Rétro	
Old-hardware styles	tr_image.cpp:kEntries	Estilos de hardware antigo	Estilos de hardware antiguo	Styles de vieux matériel	
Amount	tr_image.cpp:kEntries	Intensidade	Intensidad	Intensité	
How much of the look is mixed in	tr_image.cpp:kEntries	Quanto do visual é misturado à imagem	Cuánto del estilo se mezcla con la imagen	Part du rendu mélangée à l'image	
Technicolor 1	tr_image.cpp:kEntries	Technicolor 1	Technicolor 1	Technicolor 1	
Classic two-strip film: everything turns red or cyan	tr_image.cpp:kEntries	Filme clássico de duas faixas: tudo fica vermelho ou ciano	Película clásica de dos tiras: todo se vuelve rojo o cian	Film bichrome classique : tout devient rouge ou cyan	
Cyan side	tr_image.cpp:kEntries	Lado ciano	Lado cian	Côté cyan	
What the cyan half of the picture leans to	tr_image.cpp:kEntries	Para onde puxa a metade ciano da imagem	Hacia dónde tira la mitad cian de la imagen	Vers quoi tire la moitié cyan de l'image	
Greener	tr_image.cpp:kEntries	Mais verde	Más verde	Plus vert	
Bluer	tr_image.cpp:kEntries	Mais azul	Más azul	Plus bleu	
How strong the red and cyan get	tr_image.cpp:kEntries	Quão fortes ficam o vermelho e o ciano	Qué tan fuertes quedan el rojo y el cian	Force du rouge et du cyan	
Technicolor 2	tr_image.cpp:kEntries	Technicolor 2	Technicolor 2	Technicolor 2	
Three-strip film: rich, dense primary colors	tr_image.cpp:kEntries	Filme de três faixas: cores primárias ricas e densas	Película de tres tiras: colores primarios ricos y densos	Film trichrome : couleurs primaires riches et denses	
How colorful the film is	tr_image.cpp:kEntries	Quão colorido é o filme	Qué tan colorida es la película	Niveau de couleur du film	
Film prints were often a little darker or brighter	tr_image.cpp:kEntries	Cópias em filme costumavam ser um pouco mais escuras ou claras	Las copias en película solían ser algo más oscuras o claras	Les copies de film étaient souvent un peu plus sombres ou claires	
Darker	tr_image.cpp:kEntries	Mais escuro	Más oscuro	Plus sombre	
Brighter	tr_image.cpp:kEntries	Mais claro	Más claro	Plus clair	
Dyes	tr_image.cpp:kEntries	Corantes	Tintes	Colorants	
Red dye	tr_image.cpp:kEntries	Corante vermelho	Tinte rojo	Colorant rouge	
Green dye	tr_image.cpp:kEntries	Corante verde	Tinte verde	Colorant vert	
Blue dye	tr_image.cpp:kEntries	Corante azul	Tinte azul	Colorant bleu	
How strongly reds separate from the other colors	tr_image.cpp:kEntries	Quanto os vermelhos se destacam das outras cores	Cuánto se separan los rojos de los demás colores	À quel point les rouges se détachent des autres couleurs	
How strongly greens separate from the other colors	tr_image.cpp:kEntries	Quanto os verdes se destacam das outras cores	Cuánto se separan los verdes de los demás colores	À quel point les verts se détachent des autres couleurs	
How strongly blues separate from the other colors	tr_image.cpp:kEntries	Quanto os azuis se destacam das outras cores	Cuánto se separan los azules de los demás colores	À quel point les bleus se détachent des autres couleurs	
DPX Cineon	tr_image.cpp:kEntries	DPX Cineon	DPX Cineon	DPX Cineon	
Cinema film curve: rich midtones, soft highlights	tr_image.cpp:kEntries	Curva de filme de cinema: meios-tons ricos, luzes suaves	Curva de película de cine: medios tonos ricos, luces suaves	Courbe de film de cinéma : tons moyens riches, hautes lumières douces	
How steep the film curve is	tr_image.cpp:kEntries	Quão acentuada é a curva do filme	Qué tan pronunciada es la curva de la película	Raideur de la courbe du film	
Color curves	tr_image.cpp:kEntries	Curvas de cor	Curvas de color	Courbes de couleur	
Red curve	tr_image.cpp:kEntries	Curva do vermelho	Curva del rojo	Courbe du rouge	
Green curve	tr_image.cpp:kEntries	Curva do verde	Curva del verde	Courbe du vert	
Blue curve	tr_image.cpp:kEntries	Curva do azul	Curva del azul	Courbe du bleu	
Contrast of the red layer; higher warms the shadows' edges	tr_image.cpp:kEntries	Contraste da camada vermelha; mais alto esquenta as bordas das sombras	Contraste de la capa roja; más alto calienta los bordes de las sombras	Contraste de la couche rouge ; plus haut réchauffe le bord des ombres	
Contrast of the green layer	tr_image.cpp:kEntries	Contraste da camada verde	Contraste de la capa verde	Contraste de la couche verte	
Contrast of the blue layer; higher cools the shadows	tr_image.cpp:kEntries	Contraste da camada azul; mais alto esfria as sombras	Contraste de la capa azul; más alto enfría las sombras	Contraste de la couche bleue ; plus haut refroidit les ombres	
Colorfulness	tr_image.cpp:kEntries	Colorido	Colorido	Vivacité	
Livelier colors without blowing out the bright ones	tr_image.cpp:kEntries	Cores mais vivas sem estourar as mais claras	Colores más vivos sin saturar los más claros	Couleurs plus vives sans brûler les plus claires	
More vivid, or more muted	tr_image.cpp:kEntries	Mais vivo ou mais apagado	Más vivo o más apagado	Plus vif ou plus terne	
Muted	tr_image.cpp:kEntries	Apagado	Apagado	Terne	
Vivid	tr_image.cpp:kEntries	Vivo	Vivo	Vif	
Protect bright colors	tr_image.cpp:kEntries	Proteger cores fortes	Proteger colores fuertes	Protéger les couleurs vives	
Keeps strong and bright colors from going over the top	tr_image.cpp:kEntries	Evita que cores fortes e claras exagerem	Evita que los colores fuertes y claros se excedan	Empêche les couleurs fortes et claires d'en faire trop	
Night Mode	tr_image.cpp:kEntries	Modo noturno	Modo nocturno	Mode nuit	
A cooler, darker evening tone; lamp light stays warm	tr_image.cpp:kEntries	Um tom de noite mais frio e escuro; a luz das lâmpadas continua quente	Un tono de noche más frío y oscuro; la luz de las lámparas sigue cálida	Une ambiance de soirée plus froide et sombre ; la lumière des lampes reste chaude	
Darkness	tr_image.cpp:kEntries	Escuridão	Oscuridad	Obscurité	
How much darker the night gets	tr_image.cpp:kEntries	Quanto a noite fica mais escura	Cuánto más oscura se vuelve la noche	À quel point la nuit s'assombrit	
How blue the night looks	tr_image.cpp:kEntries	Quão azul a noite fica	Qué tan azul se ve la noche	À quel point la nuit est bleue	
Lamp-lit and bright areas keep their own color	tr_image.cpp:kEntries	Áreas iluminadas e claras mantêm a própria cor	Las zonas iluminadas y claras mantienen su color	Les zones éclairées et claires gardent leur couleur	
Emphasize	tr_image.cpp:kEntries	Destaque	Resaltar	Accentuation	
Grey outside the focus, full color where you look	tr_image.cpp:kEntries	Cinza fora do foco, cor total onde você olha	Gris fuera del foco, todo el color donde miras	Gris hors de la mise au point, pleine couleur là où vous regardez	
How strong the effect is	tr_image.cpp:kEntries	Quão forte é o efeito	Qué tan fuerte es el efecto	Force de l'effet	
Focus distance	tr_image.cpp:kEntries	Distância do foco	Distancia de enfoque	Distance de mise au point	
How far from the camera the colorful zone is	tr_image.cpp:kEntries	A que distância da câmera fica a zona colorida	A qué distancia de la cámara está la zona de color	Distance de la zone en couleur par rapport à la caméra	
Focus width	tr_image.cpp:kEntries	Largura do foco	Ancho del enfoque	Profondeur de mise au point	
How deep the colorful zone is	tr_image.cpp:kEntries	Quão profunda é a zona colorida	Qué tan profunda es la zona de color	Profondeur de la zone en couleur	
Edge softness	tr_image.cpp:kEntries	Suavidade da borda	Suavidad del borde	Douceur du bord	
How gently color fades out past the zone	tr_image.cpp:kEntries	Quão suave a cor some depois da zona	Qué tan suave se desvanece el color tras la zona	Douceur avec laquelle la couleur s'estompe hors de la zone	
Grey amount	tr_image.cpp:kEntries	Quantidade de cinza	Cantidad de gris	Quantité de gris	
How grey the areas outside the zone get	tr_image.cpp:kEntries	Quão cinzas ficam as áreas fora da zona	Qué tan grises quedan las zonas fuera	À quel point les zones hors champ deviennent grises	
Needs the scene depth: turn off the game's Edge Smoothing (Options › Graphics)	tr_image.cpp:kEntries	Precisa da profundidade da cena: desligue a Suavização de bordas do próprio jogo (Opções › Gráficos)	Necesita la profundidad de la escena: desactiva el Suavizado de bordes del juego (Opciones › Gráficos)	Nécessite la profondeur de la scène : désactivez le lissage des bords du jeu (Options › Graphismes)	
Prism	tr_image.cpp:kEntries	Prisma	Prisma	Prisme	
Colored fringes toward the edges, like a real lens	tr_image.cpp:kEntries	Franjas coloridas nas bordas, como uma lente de verdade	Franjas de color hacia los bordes, como una lente real	Franges colorées vers les bords, comme un vrai objectif	
How far the colors split at the corners	tr_image.cpp:kEntries	Quanto as cores se separam nos cantos	Cuánto se separan los colores en las esquinas	Écart des couleurs dans les coins	
Edge start	tr_image.cpp:kEntries	Início nas bordas	Inicio en los bordes	Début sur les bords	
Where the fringes begin; lower reaches closer to the center	tr_image.cpp:kEntries	Onde as franjas começam; menor chega mais perto do centro	Dónde empiezan las franjas; menor llega más cerca del centro	Où commencent les franges ; plus bas = plus près du centre	
Smoother color fringes cost a little more	tr_image.cpp:kEntries	Franjas mais suaves custam um pouco mais	Franjas más suaves cuestan un poco más	Des franges plus douces coûtent un peu plus	
3DFX	tr_image.cpp:kEntries	3DFX	3DFX	3DFX	
Late-90s 3D card: 16-bit color, dithering and fine lines	tr_image.cpp:kEntries	Placa 3D do fim dos anos 90: cor 16 bits, pontilhado e linhas finas	Tarjeta 3D de finales de los 90: color de 16 bits, tramado y líneas finas	Carte 3D de la fin des années 90 : couleur 16 bits, tramage et fines lignes	
Color depth	tr_image.cpp:kEntries	Profundidade de cor	Profundidad de color	Profondeur de couleur	
Fewer colors give stronger banding and dithering	tr_image.cpp:kEntries	Menos cores dão mais faixas e pontilhado	Menos colores dan más bandas y tramado	Moins de couleurs = plus de bandes et de tramage	
Scanlines	tr_image.cpp:kEntries	Linhas de varredura	Líneas de barrido	Lignes de balayage	
Dark lines between rows, like an old monitor	tr_image.cpp:kEntries	Linhas escuras entre as fileiras, como num monitor antigo	Líneas oscuras entre filas, como un monitor antiguo	Lignes sombres entre les rangées, comme un vieil écran	
Dithering	tr_image.cpp:kEntries	Pontilhado	Tramado	Tramage	
The fine dot pattern that hides the missing colors	tr_image.cpp:kEntries	O padrão de pontinhos que disfarça as cores que faltam	El patrón de puntos que disimula los colores que faltan	Le motif de points qui masque les couleurs manquantes	
Soft pixels	tr_image.cpp:kEntries	Pixels suaves	Píxeles suaves	Pixels doux	
The slight horizontal blur of the old cards' output	tr_image.cpp:kEntries	O leve desfoque horizontal da saída das placas antigas	El leve desenfoque horizontal de la salida de las tarjetas antiguas	Le léger flou horizontal de la sortie des anciennes cartes	
Gamma	tr_image.cpp:kEntries	Gama	Gamma	Gamma	
Brighter or darker midtones, as on old monitors	tr_image.cpp:kEntries	Meios-tons mais claros ou escuros, como em monitores antigos	Medios tonos más claros u oscuros, como en monitores antiguos	Tons moyens plus clairs ou plus sombres, comme sur les vieux écrans	
Reset Picture	tr_image.cpp:kEntries	Restaurar Imagem	Restablecer Imagen	Réinitialiser Image	
Put every Picture setting back to default (on or off stays as it is)	tr_image.cpp:kEntries	Volta todos os ajustes de Imagem ao padrão (ligado ou desligado continua igual)	Devuelve todos los ajustes de Imagen a su valor predeterminado (activado o desactivado no cambia)	Remet tous les réglages d'Image par défaut (activé ou désactivé reste inchangé)	
Picture reset	tr_image.cpp:kEntries	Imagem restaurada	Imagen restablecida	Image réinitialisée	
Play in a window with no title bar or frame, at the game's resolution or filling the whole screen. Part of Apex Radiance. Credits: @loinyx	tr_image.cpp:kEntries	Jogue em uma janela sem barra de título nem moldura, na resolução do jogo ou ocupando a tela toda. Parte do Apex Radiance. Créditos: @loinyx	Juega en una ventana sin barra de título ni marco, a la resolución del juego o llenando toda la pantalla. Parte de Apex Radiance. Créditos: @loinyx	Jouez dans une fenêtre sans barre de titre ni cadre, à la résolution du jeu ou en plein écran. Fait partie d'Apex Radiance. Crédits : @loinyx	
Handled by Sims3SettingsSetter (its borderless window is on)	tr_image.cpp:kEntries	Controlado pelo Sims3SettingsSetter (a janela sem bordas dele está ligada)	Lo gestiona Sims3SettingsSetter (su ventana sin bordes está activada)	Géré par Sims3SettingsSetter (sa fenêtre sans bordure est activée)	
Both mods change the same display settings, so Apex Radiance leaves this to Sims3SettingsSetter. Change it in that mod's menu	tr_image.cpp:kEntries	Os dois mods mudam as mesmas configurações de tela, então o Apex Radiance deixa isso com o Sims3SettingsSetter. Altere no menu dele	Ambos mods cambian los mismos ajustes de pantalla, así que Apex Radiance deja esto a Sims3SettingsSetter. Cámbialo en el menú de ese mod	Les deux mods modifient les mêmes réglages d'affichage, donc Apex Radiance laisse cela à Sims3SettingsSetter. Modifiez-le dans le menu de ce mod	
Window mode	tr_image.cpp:kEntries	Modo de janela	Modo de ventana	Mode de fenêtre	
How the game sits on your screen	tr_image.cpp:kEntries	Como o jogo aparece na sua tela	Cómo se muestra el juego en tu pantalla	Comment le jeu s'affiche sur votre écran	
Normal	tr_image.cpp:kEntries	Normal	Normal	Normal	
Borderless window	tr_image.cpp:kEntries	Janela sem bordas	Ventana sin bordes	Fenêtre sans bordure	
Borderless fullscreen	tr_image.cpp:kEntries	Tela cheia sem bordas	Pantalla completa sin bordes	Plein écran sans bordure	
The game's own window or fullscreen	tr_image.cpp:kEntries	A janela ou tela cheia do próprio jogo	La ventana o pantalla completa del propio juego	La fenêtre ou le plein écran du jeu	
No frame; keeps the game's resolution, centered on screen	tr_image.cpp:kEntries	Sem moldura; mantém a resolução do jogo, centralizada na tela	Sin marco; mantiene la resolución del juego, centrada en la pantalla	Sans cadre ; garde la résolution du jeu, centrée à l'écran	
No frame; fills the whole monitor	tr_image.cpp:kEntries	Sem moldura; ocupa o monitor inteiro	Sin marco; llena todo el monitor	Sans cadre ; remplit tout l'écran	
Restart the game to apply	tr_image.cpp:kEntries	Reinicie o jogo para aplicar	Reinicia el juego para aplicar	Redémarrez le jeu pour appliquer	
Borderless modes switch instantly; turning borderless on or off may need a restart	tr_image.cpp:kEntries	Os modos sem bordas trocam na hora; ligar ou desligar o modo sem bordas pode exigir reiniciar	Los modos sin bordes cambian al instante; activar o desactivar sin bordes puede requerir reiniciar	Les modes sans bordure changent aussitôt ; activer ou désactiver le mode sans bordure peut demander un redémarrage	
Edge Smoothing (SMAA / FXAA)	tr_image.cpp:kEntries	Suavização de Bordas (SMAA / FXAA)	Suavizado de Bordes (SMAA / FXAA)	Lissage des Bords (SMAA / FXAA)	
Smooths the jagged edges of the world while menus and text stay sharp. Works with the game's own Edge Smoothing turned off. Part of Apex Radiance. Credits: @loinyx	tr_image.cpp:kEntries	Suaviza as bordas serrilhadas do mundo enquanto menus e textos continuam nítidos. Funciona com a Suavização de Bordas do próprio jogo desligada. Parte do Apex Radiance. Créditos: @loinyx	Suaviza los bordes dentados del mundo mientras los menús y el texto siguen nítidos. Funciona con el Suavizado de Bordes del propio juego desactivado. Parte de Apex Radiance. Créditos: @loinyx	Lisse les bords crénelés du monde, tandis que les menus et le texte restent nets. Fonctionne avec le Lissage des Bords du jeu désactivé. Fait partie d'Apex Radiance. Crédits : @loinyx	
Paused while the game's own Edge Smoothing is on (Options › Graphics)	tr_image.cpp:kEntries	Pausado enquanto a Suavização de Bordas do próprio jogo estiver ligada (Opções › Gráficos)	En pausa mientras el Suavizado de Bordes del propio juego esté activado (Opciones › Gráficos)	En pause tant que le Lissage des Bords du jeu est activé (Options › Graphismes)	
SMAA did not compile (see ApexRadiance_LOG.txt)	tr_image.cpp:kEntries	o SMAA não compilou (veja ApexRadiance_LOG.txt)	SMAA no se compiló (ver ApexRadiance_LOG.txt)	SMAA n'a pas été compilé (voir ApexRadiance_LOG.txt)	
the shader did not compile (see ApexRadiance_LOG.txt)	tr_image.cpp:kEntries	o shader não compilou (veja ApexRadiance_LOG.txt)	el shader no se compiló (ver ApexRadiance_LOG.txt)	le shader n'a pas été compilé (voir ApexRadiance_LOG.txt)	
not enough video memory for the screen copy	tr_image.cpp:kEntries	memória de vídeo insuficiente para a cópia da tela	memoria de video insuficiente para la copia de la pantalla	mémoire vidéo insuffisante pour la copie de l'écran	
not enough video memory for SMAA	tr_image.cpp:kEntries	memória de vídeo insuficiente para o SMAA	memoria de video insuficiente para SMAA	mémoire vidéo insuffisante pour SMAA	
Method	tr_image.cpp:kEntries	Método	Método	Méthode	
SMAA looks cleanest, FXAA is the lightest	tr_image.cpp:kEntries	O SMAA fica mais limpo, o FXAA é o mais leve	SMAA se ve más limpio, FXAA es el más ligero	SMAA est le plus net, FXAA le plus léger	
FXAA (recommended)	tr_image.cpp:kEntries	FXAA (recomendado)	FXAA (recomendado)	FXAA (recommandé)	
FXAA	tr_image.cpp:kEntries	FXAA	FXAA	FXAA	
Clean, smooth edges while textures stay sharp	tr_image.cpp:kEntries	Bordas limpas e suaves com texturas nítidas	Bordes limpios y suaves con texturas nítidas	Des bords nets et lisses, textures bien nettes	
Lighter on your graphics card, a little blurrier	tr_image.cpp:kEntries	Mais leve para a placa de vídeo, um pouco mais borrado	Más ligero para tu tarjeta gráfica, algo más borroso	Plus léger pour la carte graphique, un peu plus flou	
Quality	tr_image.cpp:kEntries	Qualidade	Calidad	Qualité	
Higher smooths more edges and costs a bit more	tr_image.cpp:kEntries	Mais alto suaviza mais bordas e custa um pouco mais	Más alto suaviza más bordes y cuesta un poco más	Plus haut lisse plus de bords et coûte un peu plus	
Low	tr_image.cpp:kEntries	Baixa	Baja	Basse	
Medium	tr_image.cpp:kEntries	Média	Media	Moyenne	
High	tr_image.cpp:kEntries	Alta	Alta	Haute	
Ultra	tr_image.cpp:kEntries	Ultra	Ultra	Ultra	
Fastest; smooths the clearest edges	tr_image.cpp:kEntries	A mais rápida; suaviza as bordas mais evidentes	La más rápida; suaviza los bordes más evidentes	La plus rapide ; lisse les bords les plus visibles	
A good balance	tr_image.cpp:kEntries	Um bom equilíbrio	Un buen equilibrio	Un bon compromis	
Also smooths diagonals and corners	tr_image.cpp:kEntries	Também suaviza diagonais e cantos	También suaviza diagonales y esquinas	Lisse aussi les diagonales et les coins	
Catches faint edges too, great at night	tr_image.cpp:kEntries	Pega até bordas fracas, ótima à noite	Detecta también bordes tenues, ideal de noche	Détecte aussi les bords faibles, idéal la nuit	
Extreme	tr_image.cpp:kEntries	Extrema	Extrema	Extrême	
Smoothest at 1080p: NVIDIA DSR or AMD VSR with a higher game resolution	tr_image.cpp:kEntries	Mais suave em 1080p: DSR (NVIDIA) ou VSR (AMD) com uma resolução maior no jogo	Más suave en 1080p: DSR (NVIDIA) o VSR (AMD) con una resolución mayor en el juego	Plus lisse en 1080p : DSR (NVIDIA) ou VSR (AMD) avec une résolution de jeu plus élevée	
Turn it on in the NVIDIA Control Panel (DSR) or AMD Software (VSR), then pick 1440p or 4K in the game; it costs more and the game's interface gets smaller	tr_image.cpp:kEntries	Ligue no Painel de Controle NVIDIA (DSR) ou no AMD Software (VSR) e escolha 1440p ou 4K no jogo; pesa mais e a interface do jogo fica menor	Actívalo en el Panel de control de NVIDIA (DSR) o en AMD Software (VSR) y elige 1440p o 4K en el juego; cuesta más y la interfaz del juego se ve más pequeña	Activez-le dans le Panneau de configuration NVIDIA (DSR) ou AMD Software (VSR), puis choisissez 1440p ou 4K dans le jeu ; cela coûte plus et l'interface du jeu devient plus petite	
Straightest long edges, best at 4K; costs the most	tr_image.cpp:kEntries	Bordas longas mais retas, ideal em 4K; custa mais	Bordes largos más rectos, ideal en 4K; cuesta más	Longs bords les plus droits, idéal en 4K ; la plus coûteuse	
Edges from depth	tr_image.cpp:kEntries	Bordas pela profundidade	Bordes por profundidad	Bords par la profondeur	
Temporal smoothing	tr_image.cpp:kEntries	Suavização temporal	Suavizado temporal	Lissage temporel	
Also blends each frame with the last one: thin lines and far edges shimmer much less	tr_image.cpp:kEntries	Também mistura cada quadro com o anterior: linhas finas e bordas distantes tremem muito menos	También mezcla cada fotograma con el anterior: las líneas finas y los bordes lejanos tiemblan mucho menos	Mélange aussi chaque image avec la précédente : les lignes fines et les bords lointains scintillent beaucoup moins	
Also smooths faint edges of objects, while textures stay sharp	tr_image.cpp:kEntries	Também suaviza bordas fracas de objetos, e as texturas continuam nítidas	También suaviza bordes tenues de objetos, y las texturas siguen nítidas	Adoucit aussi les bords peu contrastés des objets ; les textures restent nettes	
The scene depth is not available right now: edges come from colour only	tr_image.cpp:kEntries	A profundidade da cena não está disponível agora: as bordas vêm só da cor	La profundidad de la escena no está disponible ahora: los bordes salen solo del color	La profondeur de la scène n'est pas disponible pour l'instant : les bords viennent de la couleur seule	
Sharpen textures	tr_image.cpp:kEntries	Texturas mais nítidas	Texturas más nítidas	Textures plus nettes	
Crisper textures; the smoothed edges stay smooth. 0% is off	tr_image.cpp:kEntries	Texturas mais definidas; as bordas suavizadas continuam suaves. 0% é desligado	Texturas más definidas; los bordes suavizados siguen suaves. 0% es apagado	Textures plus nettes ; les bords adoucis restent doux. 0 % = désactivé	
Fast	tr_image.cpp:kEntries	Rápida	Rápida	Rapide	
Balanced	tr_image.cpp:kEntries,tr_lighting.cpp:kEntries	Equilibrada	Equilibrada	Équilibrée	
Fastest	tr_image.cpp:kEntries	A mais rápida	La más rápida	La plus rapide	
Smoother long edges; costs a little more	tr_image.cpp:kEntries	Bordas longas mais suaves; custa um pouco mais	Bordes largos más suaves; cuesta un poco más	Longs bords plus lisses ; coûte un peu plus	
Softness	tr_image.cpp:kEntries	Suavidade	Suavidad	Douceur	
Also smooths thin lines; higher softens textures a bit	tr_image.cpp:kEntries	Também suaviza linhas finas; mais alto amacia um pouco as texturas	También suaviza líneas finas; más alto suaviza un poco las texturas	Lisse aussi les lignes fines ; plus haut adoucit un peu les textures	
Sensitivity	tr_image.cpp:kEntries	Sensibilidade	Sensibilidad	Sensibilité	
Higher catches fainter edges, also at night	tr_image.cpp:kEntries	Mais alto pega bordas mais fracas, também à noite	Más alto detecta bordes más tenues, también de noche	Plus haut détecte des bords plus faibles, aussi la nuit	
Reset Edge Smoothing	tr_image.cpp:kEntries	Restaurar Suavização de Bordas	Restablecer Suavizado de Bordes	Réinitialiser le Lissage des Bords	
Back to SMAA, High quality	tr_image.cpp:kEntries	Volta ao SMAA, qualidade Alta	Vuelve a SMAA, calidad Alta	Retour à SMAA, qualité Haute	
Edge Smoothing reset	tr_image.cpp:kEntries	Suavização de Bordas restaurada	Suavizado de Bordes restablecido	Lissage des Bords réinitialisé	
Softly blurs the background behind what the camera looks at, like a real camera lens, while menus stay sharp. Works with the game's own Edge Smoothing turned off. Part of Apex Radiance. Credits: @loinyx	tr_image.cpp:kEntries	Desfoca suavemente o fundo atrás do que a câmera olha, como uma lente de verdade, enquanto os menus continuam nítidos. Funciona com a Suavização de Bordas do próprio jogo desligada. Parte do Apex Radiance. Créditos: @loinyx	Desenfoca suavemente el fondo detrás de lo que mira la cámara, como un lente real, mientras los menús siguen nítidos. Funciona con el Suavizado de Bordes del propio juego desactivado. Parte de Apex Radiance. Créditos: @loinyx	Floute doucement l'arrière-plan derrière ce que regarde la caméra, comme un vrai objectif, tandis que les menus restent nets. Fonctionne avec le Lissage des Bords du jeu désactivé. Fait partie d'Apex Radiance. Crédits : @loinyx	
the blur shaders did not compile (see ApexRadiance_LOG.txt)	tr_image.cpp:kEntries	os shaders do desfoque não compilaram (veja ApexRadiance_LOG.txt)	los shaders del desenfoque no se compilaron (ver ApexRadiance_LOG.txt)	les shaders du flou n'ont pas été compilés (voir ApexRadiance_LOG.txt)	
could not install the depth hooks	tr_image.cpp:kEntries	não foi possível instalar os hooks de profundidade	no se pudieron instalar los hooks de profundidad	impossible d'installer les hooks de profondeur	
the graphics card/driver does not support INTZ depth textures	tr_image.cpp:kEntries	a placa de vídeo/driver não suporta texturas de profundidade INTZ	la tarjeta gráfica/controlador no admite texturas de profundidad INTZ	la carte graphique/le pilote ne prend pas en charge les textures de profondeur INTZ	
not enough video memory for the blur textures	tr_image.cpp:kEntries	memória de vídeo insuficiente para as texturas do desfoque	memoria de video insuficiente para las texturas del desenfoque	mémoire vidéo insuffisante pour les textures du flou	
Focus	tr_image.cpp:kEntries	Foco	Enfoque	Mise au point	
How the sharp part is chosen	tr_image.cpp:kEntries	Como a parte nítida é escolhida	Cómo se elige la parte nítida	Comment la zone nette est choisie	
Auto	tr_image.cpp:kEntries	Automático	Automático	Auto	
Fixed	tr_image.cpp:kEntries	Fixo	Fijo	Fixe	
Keeps what the camera looks at sharp	tr_image.cpp:kEntries	Mantém nítido o que a câmera olha	Mantiene nítido lo que mira la cámara	Garde net ce que regarde la caméra	
Blur starts at a set distance, like before	tr_image.cpp:kEntries	O desfoque começa a uma distância fixa, como antes	El desenfoque empieza a una distancia fija, como antes	Le flou commence à une distance fixe, comme avant	
Blur amount	tr_image.cpp:kEntries	Quantidade de desfoque	Cantidad de desenfoque	Intensité du flou	
How soft the background gets	tr_image.cpp:kEntries	O quanto o fundo fica suave	Qué tan suave queda el fondo	À quel point l'arrière-plan s'adoucit	
Sharp area	tr_image.cpp:kEntries	Área nítida	Área nítida	Zone nette	
How much around the focus stays sharp	tr_image.cpp:kEntries	O quanto ao redor do foco fica nítido	Cuánto alrededor del enfoque queda nítido	La part autour de la mise au point qui reste nette	
Small	tr_image.cpp:kEntries	Pequena	Pequeña	Petite	
Large	tr_image.cpp:kEntries	Grande	Grande	Grande	
Only the focus stays sharp	tr_image.cpp:kEntries	Só o foco fica nítido	Solo el enfoque queda nítido	Seule la mise au point reste nette	
The default	tr_image.cpp:kEntries	O padrão	El predeterminado	Par défaut	
A wide sharp zone around the focus	tr_image.cpp:kEntries	Uma zona nítida larga ao redor do foco	Una zona nítida amplia alrededor del enfoque	Une large zone nette autour de la mise au point	
Distance	tr_image.cpp:kEntries	Distância	Distancia	Distance	
Where the blur begins	tr_image.cpp:kEntries	Onde o desfoque começa	Dónde empieza el desenfoque	Où le flou commence	
Near	tr_image.cpp:kEntries	Perto	Cerca	Proche	
Far	tr_image.cpp:kEntries	Longe	Lejos	Loin	
The blur starts close to the camera	tr_image.cpp:kEntries	O desfoque começa perto da câmera	El desenfoque empieza cerca de la cámara	Le flou commence près de la caméra	
Only the far background blurs	tr_image.cpp:kEntries	Só o fundo distante desfoca	Solo se desenfoca el fondo lejano	Seul l'arrière-plan lointain est flou	
Fine-tune distance	tr_image.cpp:kEntries	Ajuste fino da distância	Ajuste fino de la distancia	Réglage fin de la distance	
0% starts at the camera, 100% far away	tr_image.cpp:kEntries	0% começa na câmera, 100% bem longe	0% empieza en la cámara, 100% muy lejos	0 % commence à la caméra, 100 % très loin	
Transition	tr_image.cpp:kEntries	Transição	Transición	Transition	
How gradually the blur fades in; lower gives a sharper line	tr_image.cpp:kEntries	O quão gradual o desfoque surge; menor dá uma linha mais marcada	Qué tan gradual aparece el desenfoque; menor da una línea más marcada	La progressivité du flou ; plus bas donne une limite plus nette	
Sharp in map view	tr_image.cpp:kEntries	Nítido na vista do mapa	Nítido en vista de mapa	Net en vue de la carte	
Fades the blur out in map view so lots stay sharp	tr_image.cpp:kEntries	Some com o desfoque na vista do mapa para os lotes ficarem nítidos	Quita el desenfoque en vista de mapa para que los solares queden nítidos	Estompe le flou en vue de la carte pour que les terrains restent nets	
Map view can't be detected on this game version	tr_image.cpp:kEntries	A vista do mapa não pode ser detectada nesta versão do jogo	La vista de mapa no se puede detectar en esta versión del juego	La vue de la carte n'est pas détectable sur cette version du jeu	
Strength	tr_image.cpp:kEntries	Força	Fuerza	Force	
Scales the blur everywhere; 100% is the default	tr_image.cpp:kEntries	Ajusta o desfoque em toda parte; 100% é o padrão	Escala el desenfoque en todas partes; 100% es el predeterminado	Ajuste le flou partout ; 100 % par défaut	
Higher is smoother and costs a bit more	tr_image.cpp:kEntries	Mais alto é mais suave e custa um pouco mais	Más alto es más suave y cuesta un poco más	Plus haut est plus doux et coûte un peu plus	
Smoothest large blur; costs the most	tr_image.cpp:kEntries	Desfoque grande mais suave; custa mais	El desenfoque grande más suave; cuesta más	Le grand flou le plus doux ; le plus coûteux	
Focus speed	tr_image.cpp:kEntries	Velocidade do foco	Velocidad del enfoque	Vitesse de mise au point	
How long the focus takes to catch up; lower is quicker	tr_image.cpp:kEntries	Quanto tempo o foco leva para acompanhar; menor é mais rápido	Cuánto tarda el enfoque en alcanzar; menor es más rápido	Temps que met la mise au point à suivre ; plus bas = plus rapide	
Blur the sky	tr_image.cpp:kEntries	Desfocar o céu	Desenfocar el cielo	Flouter le ciel	
Also blur the sky behind the scenery	tr_image.cpp:kEntries	Também desfoca o céu atrás do cenário	También desenfoca el cielo detrás del paisaje	Floute aussi le ciel derrière le décor	
Glowing lights	tr_image.cpp:kEntries	Luzes brilhantes	Luces brillantes	Lumières éclatantes	
Lamps stay bright in the blur	tr_image.cpp:kEntries	As lâmpadas continuam brilhantes no desfoque	Las lámparas siguen brillantes en el desenfoque	Les lampes restent éclatantes dans le flou	
Reset Depth Blur	tr_image.cpp:kEntries	Restaurar Desfoque de Profundidade	Restablecer Desenfoque de Profundidad	Réinitialiser le Flou de Profondeur	
Back to the default focus, blur and look	tr_image.cpp:kEntries	Volta ao foco, desfoque e visual padrão	Vuelve al enfoque, desenfoque y aspecto predeterminados	Retour à la mise au point, au flou et au rendu par défaut	
Depth Blur reset	tr_image.cpp:kEntries	Desfoque de Profundidade restaurado	Desenfoque de Profundidad restablecido	Flou de Profondeur réinitialisé	
Soft shade where things meet: under furniture, in corners, where walls meet the floor and around houses and trees. Computed at full resolution with no noise, so it stays still when the camera does. Works with the game's own Edge Smoothing turned off. Part of Apex Radiance. Credits: @loinyx	tr_image.cpp:kEntries	Sombra suave onde as coisas se encontram: sob os móveis, nos cantos, onde a parede encontra o chão e em volta de casas e árvores. Calculada em resolução cheia e sem ruído, então fica parada quando a câmera para. Funciona com a Suavização de Bordas do próprio jogo desligada. Parte do Apex Radiance. Créditos: @loinyx	Sombra suave donde las cosas se juntan: bajo los muebles, en las esquinas, donde la pared toca el suelo y alrededor de casas y árboles. Calculada a resolución completa y sin ruido, así que queda quieta cuando la cámara se detiene. Funciona con el Suavizado de Bordes del propio juego desactivado. Parte de Apex Radiance. Créditos: @loinyx	Une ombre douce là où les choses se rencontrent : sous les meubles, dans les coins, là où les murs touchent le sol et autour des maisons et des arbres. Calculée en pleine résolution et sans bruit, elle reste immobile quand la caméra l'est. Fonctionne avec le Lissage des Bords du jeu désactivé. Fait partie d'Apex Radiance. Crédits : @loinyx	
How dark the shade gets where things meet	tr_image.cpp:kEntries	Intensidade das sombras onde os objetos se encontram	Intensidad de las sombras donde se encuentran los objetos	Intensité des ombres aux points de contact	
How dark the shade gets where things meet; 100% is the recommended look	tr_image.cpp:kEntries	Quão escura a sombra fica onde as coisas se encontram; 100% é o visual recomendado	Qué tan oscura queda la sombra donde las cosas se juntan; 100% es el aspecto recomendado	L'intensité de l'ombre là où les choses se rencontrent ; 100 % est le rendu recommandé	
Very Low	tr_image.cpp:kEntries	Muito baixa	Muy baja	Très basse	
Light	tr_image.cpp:kEntries	Leve	Ligera	Légère	
Lightest; a little more shimmer while the camera moves	tr_image.cpp:kEntries	A mais leve; um pouco mais de tremor com a câmera em movimento	La más ligera; un poco más de parpadeo con la cámara en movimiento	La plus légère ; un peu plus de scintillement quand la caméra bouge	
Steadiest while the camera moves; costs the most	tr_image.cpp:kEntries	A mais estável com a câmera em movimento; a que mais custa	La más estable con la cámara en movimiento; la que más cuesta	La plus stable quand la caméra bouge ; la plus coûteuse	
Lower is lighter on the graphics card	tr_image.cpp:kEntries	Mais baixa pesa menos na placa de vídeo	Más baja pesa menos en la tarjeta gráfica	Plus basse, plus légère pour la carte graphique	
Show the shade alone	tr_image.cpp:kEntries	Mostrar só a sombra	Mostrar solo la sombra	Afficher l'ombre seule	
Shows only the shade, in grey, to see what it does while you adjust it (not saved)	tr_image.cpp:kEntries	Mostra só a sombra, em cinza, para ver o que ela faz enquanto você ajusta (não é salvo)	Muestra solo la sombra, en gris, para ver lo que hace mientras la ajustas (no se guarda)	Affiche seulement l'ombre, en gris, pour voir son effet pendant le réglage (non enregistré)	
Also in map view	tr_image.cpp:kEntries	Também na visão do mapa	También en la vista del mapa	Aussi en vue de la carte	
Soft shade around houses and trees when the map view is open	tr_image.cpp:kEntries	Sombra suave em volta de casas e árvores com a visão do mapa aberta	Sombra suave alrededor de casas y árboles con la vista del mapa abierta	Une ombre douce autour des maisons et des arbres en vue de la carte	
Reach	tr_image.cpp:kEntries	Alcance	Alcance	Portée	
How far the shade spreads from where things meet	tr_image.cpp:kEntries	Até onde a sombra se espalha a partir de onde as coisas se encontram	Hasta dónde se extiende la sombra desde donde las cosas se juntan	Jusqu'où l'ombre s'étend depuis là où les choses se rencontrent	
Keep lamp light	tr_image.cpp:kEntries	Manter a luz das lâmpadas	Conservar la luz de las lámparas	Garder la lumière des lampes	
Lamp-lit and bright spots keep more of their light; 0% shades everything alike	tr_image.cpp:kEntries	Pontos iluminados por lâmpadas e claros mantêm mais da sua luz; 0% sombreia tudo igual	Los puntos iluminados por lámparas y los claros conservan más de su luz; 0% sombrea todo por igual	Les zones éclairées par les lampes et les zones claires gardent plus de leur lumière ; 0 % ombre tout de la même façon	
Blends the last frames, each with other sample angles: a smooth shade even at low quality	tr_image.cpp:kEntries	Mistura os últimos quadros, cada um com outros ângulos de amostra: sombra suave mesmo em qualidade baixa	Mezcla los últimos fotogramas, cada uno con otros ángulos de muestra: sombra suave incluso en calidad baja	Mélange les dernières images, chacune avec d'autres angles d'échantillonnage : une ombre lisse même en qualité basse	
Thin object detail	tr_image.cpp:kEntries	Detalhe de objetos finos	Detalle de objetos finos	Détail des objets fins	
Objects get thickness: no shade halo behind legs and rails. Costs more GPU	tr_image.cpp:kEntries	Os objetos ganham espessura: sem halo de sombra atrás de pés e grades. Pesa mais na placa de vídeo	Los objetos tienen grosor: sin halo de sombra detrás de patas y barandas. Pesa más en la tarjeta gráfica	Les objets ont une épaisseur : pas de halo d'ombre derrière les pieds et rambardes. Plus coûteux pour la carte graphique	
Object thickness	tr_image.cpp:kEntries	Espessura dos objetos	Grosor de los objetos	Épaisseur des objets	
How deep objects are taken to be for Thin object detail: less shows more light behind thin things	tr_image.cpp:kEntries	Quão fundos os objetos são considerados no Detalhe de objetos finos: menos mostra mais luz atrás de coisas finas	Qué tan profundos se consideran los objetos en el Detalle de objetos finos: menos muestra más luz detrás de cosas finas	La profondeur supposée des objets pour le Détail des objets fins : moins laisse plus de lumière derrière les choses fines	
Reset Ambient Occlusion	tr_image.cpp:kEntries	Restaurar Oclusão de Ambiente	Restablecer Oclusión Ambiental	Réinitialiser l'Occlusion Ambiante	
Back to the recommended shade	tr_image.cpp:kEntries	Volta à sombra recomendada	Vuelve a la sombra recomendada	Retour à l'ombre recommandée	
Ambient Occlusion reset	tr_image.cpp:kEntries	Oclusão de Ambiente restaurada	Oclusión Ambiental restablecida	Occlusion Ambiante réinitialisée	
the graphics card cannot use the float textures it needs	tr_image.cpp:kEntries	a placa de vídeo não consegue usar as texturas de ponto flutuante necessárias	la tarjeta gráfica no puede usar las texturas de coma flotante que necesita	la carte graphique ne peut pas utiliser les textures flottantes nécessaires	
not enough video memory for the shade textures	tr_image.cpp:kEntries	memória de vídeo insuficiente para as texturas da sombra	memoria de video insuficiente para las texturas de la sombra	mémoire vidéo insuffisante pour les textures de l'ombre	
Color is on but is not being applied: {}	tr_image.cpp:kEntries	A Cor está ligada, mas não está sendo aplicada: {}	El Color está activado, pero no se está aplicando: {}	La Couleur est activée, mais n'est pas appliquée : {}	{}
the end of the game's frames does not reach it (EndScene)	tr_image.cpp:kEntries	o fim dos quadros do jogo não chega até ela (EndScene)	el final de los fotogramas del juego no le llega (EndScene)	la fin des images du jeu ne lui parvient pas (EndScene)	
the frame boundary does not reach it (another mod may have taken over Present)	tr_image.cpp:kEntries	a troca de quadro não chega até ela (outro mod pode ter assumido o Present)	el cambio de fotograma no le llega (otro mod puede haber tomado el Present)	le changement d'image ne lui parvient pas (un autre mod a peut-être pris le Present)	
the game's back buffer could not be read	tr_image.cpp:kEntries	não foi possível ler a imagem final do jogo	no se pudo leer la imagen final del juego	l'image finale du jeu n'a pas pu être lue	
the game ends its frames on another render target	tr_image.cpp:kEntries	o jogo termina os quadros em outro alvo de desenho	el juego termina los fotogramas en otro destino de dibujo	le jeu termine ses images sur une autre cible de rendu	
its resources could not be created	tr_image.cpp:kEntries	não foi possível criar os recursos dela	no se pudieron crear sus recursos	ses ressources n'ont pas pu être créées	
Color also tints the game's menus here, because the game draws its picture in a way Apex can't split; turning off the game's own Edge Smoothing (Options › Graphics) usually fixes it	tr_image.cpp:kEntries	A Cor também tinge os menus do jogo aqui, porque o jogo desenha a imagem de um jeito que o Apex não consegue separar; desligar a Suavização de Bordas do próprio jogo (Opções › Gráficos) costuma resolver	El Color también tiñe los menús del juego aquí, porque el juego dibuja la imagen de una forma que Apex no puede separar; desactivar el Suavizado de Bordes del propio juego (Opciones › Gráficos) suele solucionarlo	La Couleur teinte aussi les menus du jeu ici, car le jeu dessine l'image d'une façon qu'Apex ne peut pas séparer ; désactiver le Lissage des Bords du jeu (Options › Graphismes) règle généralement le problème	
Sim Occlusion	tr_image.cpp:kEntries	Oclusão dos Sims	Oclusión de los Sims	Occlusion des Sims	
Softer shade on Sims and hair	tr_image.cpp:kEntries	Sombras mais suaves nos Sims e no cabelo	Sombras más suaves en Sims y cabello	Ombres plus douces sur les Sims et les cheveux	
Adjust occlusion on Sims separately from the scene	tr_image.cpp:kEntries	Ajusta a oclusão dos Sims separadamente do cenário	Ajusta la oclusión de los Sims por separado del escenario	Ajuste l’occlusion des Sims séparément de la scène	
Needs Ambient Occlusion	tr_image.cpp:kEntries	Precisa da Oclusão de Ambiente	Necesita Oclusión Ambiental	Nécessite l’Occlusion Ambiante	
Shade on the body, face and clothes; hair has its own control	tr_image.cpp:kEntries	Sombra no corpo, rosto e roupas; o cabelo tem seu próprio controle	Sombra en cuerpo, rostro y ropa; el cabello tiene su propio control	Ombre sur le corps, le visage et les vêtements ; les cheveux ont leur propre réglage	
Hair intensity	tr_image.cpp:kEntries	Intensidade no cabelo	Intensidad en el cabello	Intensité sur les cheveux	
Shade on recognized hair; 0% removes it, 100% keeps the original	tr_image.cpp:kEntries	Sombra no cabelo reconhecido; 0% remove, 100% mantém a original	Sombra en el cabello reconocido; 0% la elimina, 100% conserva la original	Ombre sur les cheveux reconnus ; 0 % la supprime, 100 % conserve l’originale	
Maximum darkening	tr_image.cpp:kEntries	Escurecimento máximo	Oscurecimiento máximo	Assombrissement maximal	
Limit the maximum added shade on Sims and hair	tr_image.cpp:kEntries	Limita a sombra máxima adicionada aos Sims e ao cabelo	Limita la sombra máxima añadida a Sims y cabello	Limite l’ombre maximale ajoutée aux Sims et aux cheveux	
Transparent hair	tr_image.cpp:kEntries	Cabelo transparente	Cabello transparente	Cheveux transparents	
Also adjust supported transparent hair strands	tr_image.cpp:kEntries	Também ajusta mechas transparentes compatíveis	También ajusta mechones transparentes compatibles	Ajuste aussi les mèches transparentes compatibles	
Show Sim coverage	tr_image.cpp:kEntries	Mostrar cobertura dos Sims	Mostrar cobertura de los Sims	Afficher la couverture des Sims	
Blue: Sim controls; green: hair controls; black: original scene shade	tr_image.cpp:kEntries	Azul: controles dos Sims; verde: controles do cabelo; preto: sombra original da cena	Azul: controles de Sims; verde: controles del cabello; negro: sombra original de la escena	Bleu : réglages des Sims ; vert : réglages des cheveux ; noir : ombre originale de la scène	
Filmic pass	tr_image.cpp:kEntries	Passe fílmico	Pase fílmico	Passe filmique	
A filmic grade: softer blacks, film contrast and toned-down colors	tr_image.cpp:kEntries	Um tratamento de cinema: pretos mais suaves, contraste de filme e cores mais contidas	Un etalonaje de cine: negros más suaves, contraste de película y colores más contenidos	Un étalonnage cinéma : noirs plus doux, contraste de pellicule et couleurs atténuées	
Lifted blacks and softer whites, like an old print	tr_image.cpp:kEntries	Pretos levantados e brancos mais suaves, como uma foto antiga	Negros levantados y blancos más suaves, como una copia antigua	Noirs relevés et blancs adoucis, comme un vieux tirage	
How strong the film curve is; 0% keeps the picture's own contrast	tr_image.cpp:kEntries	A força da curva de filme; 0% mantém o contraste original da imagem	La fuerza de la curva de película; 0% mantiene el contraste original de la imagen	La force de la courbe de pellicule ; 0 % garde le contraste d'origine de l'image	
Bleach	tr_image.cpp:kEntries	Branqueamento	Blanqueo	Blanchiment	
Bleach bypass: harsher contrast with silvery, muted colors	tr_image.cpp:kEntries	Bleach bypass: contraste mais duro, com cores prateadas e apagadas	Bleach bypass: contraste más duro, con colores plateados y apagados	Sans blanchiment : contraste plus dur, couleurs argentées et éteintes	
Fewer or more colors in the look	tr_image.cpp:kEntries	Menos ou mais cor no visual	Menos o más color en el aspecto	Moins ou plus de couleur dans le rendu	
Above 100% brightens this color in the look, below darkens it	tr_image.cpp:kEntries	Acima de 100% clareia esta cor no visual, abaixo escurece	Por encima del 100% aclara este color en el aspecto, por debajo lo oscurece	Au-dessus de 100 % éclaircit cette couleur dans le rendu, en dessous l'assombrit	
The whole picture in one color: sepia by default	tr_image.cpp:kEntries	A imagem inteira numa cor só: sépia por padrão	Toda la imagen en un solo color: sepia por defecto	Toute l'image dans une seule couleur : sépia par défaut	
How much of the color is mixed in	tr_image.cpp:kEntries	Quanto da cor é misturado	Cuánto del color se mezcla	Quelle part de la couleur est mélangée	
Brown for sepia, blue for a cold, moonlit look	tr_image.cpp:kEntries	Marrom para sépia, azul para um visual frio de luar	Marrón para sepia, azul para un aspecto frío de luz de luna	Brun pour le sépia, bleu pour un rendu froid de clair de lune	
Levels	tr_image.cpp:kEntries	Níveis	Niveles	Niveaux	
Set the black and white points: deeper blacks and cleaner whites	tr_image.cpp:kEntries	Define os pontos de preto e de branco: pretos mais profundos e brancos mais limpos	Define los puntos de negro y de blanco: negros más profundos y blancos más limpios	Règle les points noir et blanc : noirs plus profonds et blancs plus nets	
Black point	tr_image.cpp:kEntries	Ponto de preto	Punto negro	Point noir	
White point	tr_image.cpp:kEntries	Ponto de branco	Punto blanco	Point blanc	
Everything at or below this level becomes black (0 = unchanged)	tr_image.cpp:kEntries	Tudo neste nível ou abaixo vira preto (0 = sem mudança)	Todo lo que esté en este nivel o por debajo se vuelve negro (0 = sin cambios)	Tout ce qui est à ce niveau ou en dessous devient noir (0 = inchangé)	
Everything at or above this level becomes white (255 = unchanged)	tr_image.cpp:kEntries	Tudo neste nível ou acima vira branco (255 = sem mudança)	Todo lo que esté en este nivel o por encima se vuelve blanco (255 = sin cambios)	Tout ce qui est à ce niveau ou au-dessus devient blanc (255 = inchangé)	
LUT	tr_image.cpp:kEntries	LUT	LUT	LUT	
A ready-made color look from a LUT file, like Lightroom or ReShade LUT packs	tr_image.cpp:kEntries	Um visual de cor pronto, vindo de um arquivo LUT, como os pacotes do Lightroom ou do ReShade	Un aspecto de color listo, desde un archivo LUT, como los paquetes de Lightroom o ReShade	Un rendu de couleur tout prêt, depuis un fichier LUT, comme les packs Lightroom ou ReShade	
Put LUT files in the LUTs folder: 3D .cube files (up to 65) or PNG strips	tr_image.cpp:kEntries	Coloque arquivos LUT na pasta LUTs: arquivos .cube 3D (até 65) ou faixas PNG	Pon archivos LUT en la carpeta LUTs: archivos .cube 3D (hasta 65) o tiras PNG	Placez les LUT dans le dossier LUTs : fichiers .cube 3D (jusqu’à 65) ou bandes PNG	
Could not load this 3D LUT; see ApexRadiance_LOG.txt	tr_image.cpp:kEntries	Não foi possível carregar esta LUT 3D; veja ApexRadiance_LOG.txt	No se pudo cargar esta LUT 3D; consulta ApexRadiance_LOG.txt	Impossible de charger cette LUT 3D ; consultez ApexRadiance_LOG.txt	
File	tr_image.cpp:kEntries	Arquivo	Archivo	Fichier	
The LUT that gives the look	tr_image.cpp:kEntries	A LUT que dá o visual	La LUT que da el aspecto	La LUT qui donne le rendu	
Open the LUTs folder	tr_image.cpp:kEntries	Abrir a pasta LUTs	Abrir la carpeta LUTs	Ouvrir le dossier LUTs	
Opens Apex Radiance\\LUTs in Explorer (created if needed)	tr_image.cpp:kEntries	Abre Apex Radiance\\LUTs no Explorer (criada se precisar)	Abre Apex Radiance\\LUTs en el Explorador (se crea si hace falta)	Ouvre Apex Radiance\\LUTs dans l'Explorateur (créé si besoin)	
Color strength	tr_image.cpp:kEntries	Intensidade da cor	Intensidad del color	Intensité de la couleur	
Auto exposure	tr_image.cpp:kEntries	Exposição automática	Exposición automática	Exposition automatique	
The picture slowly adapts to dark and bright views, like your eyes	tr_image.cpp:kEntries	A imagem se adapta aos poucos a cenas escuras e claras, como os seus olhos	La imagen se adapta poco a poco a escenas oscuras y claras, como tus ojos	L'image s'adapte peu à peu aux vues sombres et claires, comme vos yeux	
How much the brightness follows the view	tr_image.cpp:kEntries	O quanto o brilho acompanha a cena	Cuánto sigue el brillo a la escena	À quel point la luminosité suit la vue	
Target brightness	tr_image.cpp:kEntries	Brilho alvo	Brillo objetivo	Luminosité cible	
The brightness the picture adapts toward	tr_image.cpp:kEntries	O brilho para o qual a imagem se adapta	El brillo hacia el que se adapta la imagen	La luminosité vers laquelle l'image s'adapte	
Speed	tr_image.cpp:kEntries	Velocidade	Velocidad	Vitesse	
How fast the eyes adapt	tr_image.cpp:kEntries	A rapidez com que os olhos se adaptam	Lo rápido que se adaptan los ojos	La vitesse d'adaptation des yeux	
Range	tr_image.cpp:kEntries	Alcance	Alcance	Plage	
How far it may brighten dark views or darken bright ones	tr_image.cpp:kEntries	O quanto pode clarear cenas escuras ou escurecer cenas claras	Cuánto puede aclarar escenas oscuras u oscurecer escenas claras	Jusqu'où elle peut éclaircir les vues sombres ou assombrir les vues claires	
Adaptive sharpening	tr_image.cpp:kEntries	Nitidez adaptativa	Nitidez adaptativa	Netteté adaptative	
Crisper soft detail without halos on hard edges	tr_image.cpp:kEntries	Detalhes suaves mais nítidos, sem halos nas bordas fortes	Detalles suaves más nítidos, sin halos en los bordes fuertes	Détails doux plus nets, sans halos sur les bords marqués	
How strong the sharpening is	tr_image.cpp:kEntries	A força da nitidez	La fuerza de la nitidez	La force de la netteté	
ACCESSIBILITY	tr_image.cpp:kEntries	ACESSIBILIDADE	ACCESIBILIDAD	ACCESSIBILITÉ	
Color-blind mode	tr_image.cpp:kEntries	Modo daltônico	Modo daltónico	Mode daltonien	
Moves the colors you cannot tell apart into ones you can	tr_image.cpp:kEntries	Leva as cores que você não distingue para cores que você distingue	Lleva los colores que no distingues a colores que sí distingues	Déplace les couleurs que vous ne distinguez pas vers celles que vous distinguez	
Type	tr_image.cpp:kEntries	Tipo	Tipo	Type	
Which colors are hard to tell apart	tr_image.cpp:kEntries	Quais cores são difíceis de distinguir	Qué colores son difíciles de distinguir	Quelles couleurs sont difficiles à distinguer	
Red (protanopia)	tr_image.cpp:kEntries	Vermelho (protanopia)	Rojo (protanopía)	Rouge (protanopie)	
Green (deuteranopia)	tr_image.cpp:kEntries	Verde (deuteranopia)	Verde (deuteranopía)	Vert (deutéranopie)	
Blue (tritanopia)	tr_image.cpp:kEntries	Azul (tritanopia)	Azul (tritanopía)	Bleu (tritanopie)	
How strongly the colors are moved	tr_image.cpp:kEntries	A força com que as cores são deslocadas	La fuerza con que se desplazan los colores	La force avec laquelle les couleurs sont déplacées	
Reset this filter	tr_image.cpp:kEntries	Restaurar este filtro	Restablecer este filtro	Réinitialiser ce filtre	
Puts this filter's settings back to their defaults	tr_image.cpp:kEntries	Volta os ajustes deste filtro ao padrão	Devuelve los ajustes de este filtro a sus valores predeterminados	Remet les réglages de ce filtre à leurs valeurs par défaut	
Filter reset	tr_image.cpp:kEntries	Filtro restaurado	Filtro restablecido	Filtre réinitialisé	
How punchy the look is; 100% keeps the picture's own contrast	tr_image.cpp:kEntries	O quanto o visual fica marcante; 100% mantém o contraste da própria imagem	Cuánto destaca el aspecto; 100% conserva el contraste propio de la imagen	Le punch du rendu ; 100 % garde le contraste propre de l'image	
Darker corners, like an old camera lens	tr_image.cpp:kEntries	Cantos mais escuros, como uma lente antiga	Esquinas más oscuras, como un objetivo antiguo	Des coins plus sombres, comme un vieil objectif	
Color cast	tr_image.cpp:kEntries	Tom dominante	Dominante de color	Dominante de couleur	
The tint the shadows take; the highlights shift along with it	tr_image.cpp:kEntries	O tom que as sombras ganham; as altas luzes mudam junto	El tono que toman las sombras; las luces cambian con él	La teinte que prennent les ombres ; les hautes lumières suivent	
Darker or brighter greys, like a shorter or longer exposure	tr_image.cpp:kEntries	Cinzas mais escuros ou mais claros, como uma exposição mais curta ou mais longa	Grises más oscuros o más claros, como una exposición más corta o más larga	Des gris plus sombres ou plus clairs, comme une pose plus courte ou plus longue	
Preserve brightness	tr_image.cpp:kEntries	Manter o brilho	Conservar el brillo	Conserver la luminosité	
100% keeps the picture as bright; lower darkens it like a colored filter	tr_image.cpp:kEntries	100% mantém a imagem tão clara; menos escurece como um filtro colorido	100% mantiene la imagen igual de clara; menos la oscurece como un filtro de color	100 % garde l'image aussi claire ; moins l'assombrit comme un filtre coloré	
Shadows / highlights	tr_image.cpp:kEntries	Sombras / altas luzes	Sombras / luces	Ombres / hautes lumières	
Where the color goes: the whole picture at 0, only shadows or highlights at the ends	tr_image.cpp:kEntries	Onde a cor vai: a imagem toda em 0, só sombras ou só altas luzes nas pontas	Dónde va el color: toda la imagen en 0, solo sombras o solo luces en los extremos	Où va la couleur : toute l'image à 0, seulement ombres ou hautes lumières aux extrémités	
Midtones: above 1 brightens them, below darkens them; 1 is unchanged	tr_image.cpp:kEntries	Tons médios: acima de 1 clareia, abaixo escurece; 1 não muda nada	Tonos medios: por encima de 1 los aclara, por debajo los oscurece; 1 no cambia	Tons moyens : au-dessus de 1 les éclaircit, en dessous les assombrit ; 1 = inchangé	
Auto exposure could not start on this graphics card	tr_image.cpp:kEntries	A exposição automática não pôde iniciar nesta placa de vídeo	La exposición automática no pudo iniciarse en esta tarjeta gráfica	L'exposition automatique n'a pas pu démarrer sur cette carte graphique	
The color the halo takes	tr_image.cpp:kEntries	A cor que o halo ganha	El color que toma el halo	La couleur que prend le halo	
0% keeps the halo the color of the light	tr_image.cpp:kEntries	0% mantém o halo na cor da luz	0% mantiene el halo del color de la luz	0 % garde le halo de la couleur de la lumière	
How far the halo reaches around the light	tr_image.cpp:kEntries	Até onde o halo chega ao redor da luz	Hasta dónde llega el halo alrededor de la luz	Jusqu'où le halo s'étend autour de la lumière	
Blur strength	tr_image.cpp:kEntries	Força do desfoque	Fuerza del desenfoque	Force du flou	
Above 100% blurs the top and bottom even more	tr_image.cpp:kEntries	Acima de 100% desfoca ainda mais o topo e a base	Por encima de 100% desenfoca aún más arriba y abajo	Au-dessus de 100 % floute encore plus le haut et le bas	
Animated	tr_image.cpp:kEntries	Animado	Animado	Animé	
The grain changes every frame, like real film	tr_image.cpp:kEntries	O grão muda a cada quadro, como num filme de verdade	El grano cambia en cada fotograma, como en una película real	Le grain change à chaque image, comme sur une vraie pellicule	
Color grain	tr_image.cpp:kEntries	Grão colorido	Grano de color	Grain coloré	
0% is grey grain; higher adds colored specks	tr_image.cpp:kEntries	0% é grão cinza; mais adiciona pontinhos coloridos	0% es grano gris; más añade puntitos de color	0 % = grain gris ; plus ajoute des points colorés	
Simulate	tr_image.cpp:kEntries	Simular	Simular	Simuler	
Shows the picture as seen with this color blindness, to check it	tr_image.cpp:kEntries	Mostra a imagem como é vista com este daltonismo, para conferir	Muestra la imagen como se ve con este daltonismo, para comprobarlo	Montre l'image telle qu'on la voit avec ce daltonisme, pour vérifier	
Choose the intensity	tr_lighting.cpp:kEntries	Escolha a intensidade	Elige la intensidad	Choisissez l’intensité	
Ground, objects and buildings are already balanced together	tr_lighting.cpp:kEntries	Chão, objetos e construções já estão equilibrados entre si	El suelo, los objetos y los edificios ya están equilibrados	Le sol, les objets et les bâtiments sont déjà équilibrés ensemble	
Less light, more contrast at night	tr_lighting.cpp:kEntries	Menos luz, mais contraste à noite	Menos luz, más contraste por la noche	Moins de lumière, plus de contraste la nuit	
Gentle, balanced lighting	tr_lighting.cpp:kEntries	Luz delicada e equilibrada	Luz suave y equilibrada	Une lumière douce et équilibrée	
The original Apex lighting balance	tr_lighting.cpp:kEntries	O equilíbrio padrão de iluminação do Apex	El equilibrio de iluminación original de Apex	L’équilibre d’éclairage d’origine d’Apex	
Custom lighting balance	tr_lighting.cpp:kEntries	Equilíbrio personalizado	Equilibrio personalizado	Équilibre personnalisé	
Current balance: {}	tr_lighting.cpp:kEntries	Equilíbrio atual: {}	Equilibrio actual: {}	Équilibre actuel : {}	{}
What does this choice change?	tr_lighting.cpp:kEntries	O que essa escolha altera?	¿Qué cambia esta elección?	Que modifie ce choix ?	
Changes lamp intensity on the Lighting page. Water settings, lamp colors and room background light stay as they are.	tr_lighting.cpp:kEntries	Muda a intensidade das lâmpadas na página Iluminação. Os ajustes da água, as cores das lâmpadas e a luz ambiente dos cômodos não mudam.	Cambia la intensidad de las lámparas en la página Iluminación. Los ajustes del agua, los colores de las lámparas y la luz ambiental no cambian.	Modifie l’intensité des lampes dans la page Éclairage. Les réglages de l’eau, la couleur des lampes et la lumière ambiante restent inchangés.	
Undo choice	tr_lighting.cpp:kEntries	Desfazer escolha	Deshacer elección	Annuler le choix	
Lighting balance changed	tr_lighting.cpp:kEntries	Equilíbrio da iluminação alterado	Equilibrio de iluminación cambiado	Équilibre de l’éclairage modifié	
Lighting balance restored	tr_lighting.cpp:kEntries	Equilíbrio da iluminação restaurado	Equilibrio de iluminación restaurado	Équilibre de l’éclairage rétabli	
Want to adjust one part?	tr_lighting.cpp:kEntries	Quer ajustar uma parte?	¿Quieres ajustar una parte?	Vous souhaitez ajuster une partie ?	
Use the tabs above. Your combination is shown as Custom.	tr_lighting.cpp:kEntries	Use as abas acima. Sua combinação aparece como Personalizada.	Usa las pestañas de arriba. Tu combinación aparece como Personalizada.	Utilisez les onglets ci-dessus. Votre combinaison apparaît comme Personnalisée.	
Lamps light your neighborhood at night	tr_lighting.cpp:kEntries	Lâmpadas iluminam seu bairro à noite	Las lámparas iluminan tu barrio de noche	Les lampes éclairent votre quartier la nuit	
Stabilize lamp sparkles on water	tr_lighting.cpp:kEntries	Estabilizar os brilhos das lâmpadas na água	Estabilizar los destellos de las lámparas en el agua	Stabiliser les scintillements des lampes sur l’eau	
Keep lamp colors on water	tr_lighting.cpp:kEntries	Manter as cores das lâmpadas na água	Conservar los colores de las lámparas en el agua	Garder les couleurs des lampes sur l’eau	
Filters tiny highlights without temporal smoothing. Turn off to compare the original	tr_lighting.cpp:kEntries	Filtra brilhos muito pequenos sem suavização temporal. Desative para comparar com o original	Filtra destellos muy pequeños sin suavizado temporal. Desactívalo para comparar con el original	Filtre les petits reflets sans lissage temporel. Désactivez pour comparer avec l’original	
Softens too-bright lamps but keeps their color. Turn off to compare the original	tr_lighting.cpp:kEntries	Suaviza lâmpadas fortes demais mantendo a cor. Desative para comparar com o original	Suaviza las lámparas demasiado intensas conservando el color. Desactívalo para comparar con el original	Atténue les lampes trop fortes en gardant leur couleur. Désactivez pour comparer avec l’original	
Night Lights	tr_lighting.cpp:kEntries	Luzes Noturnas	Luces Nocturnas	Lumières Nocturnes	
At night, street lamps and lot lamps light the ground, objects, fences, walls, roofs, ponds and snow around them with smooth, warm light and no hard edges at lot borders. Part of Apex Radiance. Credits: @loinyx	tr_lighting.cpp:kEntries	À noite, postes e lâmpadas do lote iluminam o chão, objetos, cercas, paredes, telhados, lagos e neve em volta com luz suave e quente, sem bordas marcadas nas divisas dos lotes. Parte do Apex Radiance. Créditos: @loinyx	De noche, las farolas y las lámparas del solar iluminan el suelo, objetos, cercas, paredes, techos, estanques y nieve a su alrededor con luz suave y cálida, sin bordes marcados en los límites de los solares. Parte de Apex Radiance. Créditos: @loinyx	La nuit, les réverbères et les lampes des terrains éclairent le sol, les objets, les clôtures, les murs, les toits, les étangs et la neige autour d'une lumière douce et chaude, sans bord net aux limites des terrains. Fait partie d'Apex Radiance. Crédits : @loinyx	
Every-Story Ground Light	tr_lighting.cpp:kEntries	Luz no Chão de Todos os Andares	Luz en el Suelo desde Todos los Pisos	Lumière au Sol de Tous les Étages	
Lamps on any floor of a lot light the ground and the yard around the house, with no hard edge at lot borders or between floors. Part of Night Lights in Apex Radiance. Credits: @loinyx	tr_lighting.cpp:kEntries	Lâmpadas de qualquer andar do lote iluminam o chão e o quintal em volta da casa, sem bordas marcadas nas divisas dos lotes nem entre andares. Parte das Luzes Noturnas do Apex Radiance. Créditos: @loinyx	Las lámparas de cualquier piso de un solar iluminan el suelo y el jardín alrededor de la casa, sin bordes marcados en los límites de los solares ni entre pisos. Parte de Luces Nocturnas en Apex Radiance. Créditos: @loinyx	Les lampes de n'importe quel étage d'un terrain éclairent le sol et le jardin autour de la maison, sans bord net aux limites des terrains ni entre les étages. Fait partie des Lumières Nocturnes d'Apex Radiance. Crédits : @loinyx	
Already handled by Sims3SettingsSetter (its Split-Level Lighting Fix is on)	tr_lighting.cpp:kEntries	Já feito pelo Sims3SettingsSetter (o Split-Level Lighting Fix dele está ligado)	Ya lo hace Sims3SettingsSetter (su Split-Level Lighting Fix está activado)	Déjà géré par Sims3SettingsSetter (son Split-Level Lighting Fix est activé)	
Lamps on every floor light the ground outside the lot, with no hard edge at the lot border	tr_lighting.cpp:kEntries	Lâmpadas de todos os andares iluminam o chão fora do lote, sem borda marcada na divisa	Las lámparas de todos los pisos iluminan el suelo fuera del solar, sin bordes marcados en el límite	Les lampes de chaque étage éclairent le sol hors du terrain, sans bord net à la limite	
Reload save	tr_lighting.cpp:kEntries	Recarregar o save	Recargar la partida	Recharger la partie	
This change shows after you load a save again	tr_lighting.cpp:kEntries	Esta mudança aparece depois de carregar um save de novo	Este cambio se ve al volver a cargar una partida	Ce changement apparaît après avoir rechargé une partie	
Turn it on	tr_lighting.cpp:kEntries	Ligar	Activar	Activer	
Turn both on	tr_lighting.cpp:kEntries	Ligar os dois	Activar ambos	Activer les deux	
Lamp color	tr_lighting.cpp:kEntries	Cor das lâmpadas	Color de las lámparas	Couleur des lampes	
Pink	tr_lighting.cpp:kEntries	Rosa	Rosa	Rose	
Warm white	tr_lighting.cpp:kEntries	Branco quente	Blanco cálido	Blanc chaud	
Stock lamps only; colors you chose in Build mode stay	tr_lighting.cpp:kEntries	Só lâmpadas padrão; cores escolhidas no modo Construir ficam	Solo lámparas de serie; los colores elegidos en modo Construir se mantienen	Lampes d'origine seulement ; les couleurs choisies en mode Construction restent	
Street lamps; colors you chose in Build mode stay	tr_lighting.cpp:kEntries	Postes; cores escolhidas no modo Construir ficam	Farolas; los colores elegidos en modo Construir se mantienen	Réverbères ; les couleurs choisies en mode Construction restent	
Own color for lot lamps	tr_lighting.cpp:kEntries	Cor própria para lâmpadas do lote	Color propio para las lámparas del solar	Couleur propre pour les lampes du terrain	
Lamps on lots get a color of their own	tr_lighting.cpp:kEntries	As lâmpadas dos lotes ganham uma cor só delas	Las lámparas de los solares tienen su propio color	Les lampes des terrains ont leur propre couleur	
Lot lamp color	tr_lighting.cpp:kEntries	Cor das lâmpadas do lote	Color de las lámparas del solar	Couleur des lampes du terrain	
Stock lamps on lots; colors you chose in Build mode stay	tr_lighting.cpp:kEntries	Lâmpadas padrão nos lotes; cores escolhidas no modo Construir ficam	Lámparas de serie en los solares; los colores elegidos en modo Construir se mantienen	Lampes d'origine des terrains ; les couleurs choisies en mode Construction restent	
Light style	tr_lighting.cpp:kEntries	Estilo da luz	Estilo de luz	Style de lumière	
Lamp brightness on the ground, objects, walls, roofs and ponds at once; fine-tune each in its tab	tr_lighting.cpp:kEntries	Brilho das lâmpadas no chão, objetos, paredes, telhados e lagos de uma vez; ajuste cada um na sua aba	Brillo de las lámparas en el suelo, objetos, paredes, techos y estanques a la vez; ajusta cada uno en su pestaña	Luminosité des lampes au sol, sur les objets, les murs, les toits et les étangs d'un coup ; affinez chacun dans son onglet	
STYLE	tr_lighting.cpp:kEntries	ESTILO	ESTILO	STYLE	
COLOR	tr_lighting.cpp:kEntries	COR	COLOR	COULEUR	
MOON	tr_lighting.cpp:kEntries	LUA	LUNA	LUNE	
Subtle	tr_lighting.cpp:kEntries	Discreta	Discreta	Discrète	
Soft Plus	tr_lighting.cpp:kEntries	Suave reforçado	Suave reforzado	Douce renforcée	
10% dimmer than Soft	tr_lighting.cpp:kEntries	10% menos intenso que Suave	10% menos intenso que Suave	10 % moins intense que Douce	
The approved soft lighting balance	tr_lighting.cpp:kEntries	O equilíbrio suave aprovado	El equilibrio suave aprobado	L’équilibre doux approuvé	
10% brighter than Soft	tr_lighting.cpp:kEntries	10% mais intenso que Suave	10% más intenso que Suave	10 % plus intense que Douce	
20% brighter than Soft	tr_lighting.cpp:kEntries	20% mais intenso que Suave	20% más intenso que Suave	20 % plus intense que Douce	
The original default intensities	tr_lighting.cpp:kEntries	As intensidades padrão originais	Las intensidades originales	Les intensités par défaut d’origine	
Soft	tr_lighting.cpp:kEntries	Suave	Suave	Douce	
Natural	tr_lighting.cpp:kEntries	Natural	Natural	Naturelle	
Bright	tr_lighting.cpp:kEntries	Forte	Intensa	Intense	
Dimmer lamp light everywhere	tr_lighting.cpp:kEntries	Luz das lâmpadas mais fraca em tudo	Luz de lámparas más tenue en todo	Lumière des lampes plus douce partout	
The default look	tr_lighting.cpp:kEntries	O visual padrão	El aspecto predeterminado	L'aspect par défaut	
Stronger lamp light everywhere	tr_lighting.cpp:kEntries	Luz das lâmpadas mais forte em tudo	Luz de lámparas más intensa en todo	Lumière des lampes plus forte partout	
Moonlight	tr_lighting.cpp:kEntries	Luar	Luz de luna	Clair de lune	
How much the moon lights the world at night; 100% is the game	tr_lighting.cpp:kEntries	Quanto a lua ilumina o mundo à noite; 100% é o jogo	Cuánto ilumina la luna el mundo de noche; 100% es el juego	À quel point la lune éclaire le monde la nuit ; 100% = le jeu	
Not available on this game version	tr_lighting.cpp:kEntries	Não disponível nesta versão do jogo	No disponible en esta versión del juego	Non disponible sur cette version du jeu	
Reset Night Lights	tr_lighting.cpp:kEntries	Restaurar Luzes Noturnas	Restablecer Luces Nocturnas	Réinitialiser Lumières Nocturnes	
Put every Night Lights setting back to default	tr_lighting.cpp:kEntries	Volta todas as opções de Luzes Noturnas ao padrão	Devuelve todos los ajustes de Luces Nocturnas a sus valores predeterminados	Remet tous les réglages de Lumières Nocturnes par défaut	
Night Lights reset	tr_lighting.cpp:kEntries	Luzes Noturnas restauradas	Luces Nocturnas restablecidas	Lumières Nocturnes réinitialisées	
Ground & Lots	tr_lighting.cpp:kEntries	Chão e Lotes	Suelo y Solares	Sol et Terrains	
Lamp light on grass, streets and lots	tr_lighting.cpp:kEntries	Luz das lâmpadas na grama, ruas e lotes	Luz de lámparas en césped, calles y solares	Lumière des lampes sur l'herbe, les rues et les terrains	
Street lamps light lots	tr_lighting.cpp:kEntries	Postes iluminam os lotes	Las farolas iluminan los solares	Les réverbères éclairent les terrains	
Street lamp light flows onto lots with no hard edge	tr_lighting.cpp:kEntries	A luz dos postes entra nos lotes sem borda marcada	La luz de las farolas entra en los solares sin bordes marcados	La lumière des réverbères s'étend sur les terrains sans bord net	
Lot lamps light the street	tr_lighting.cpp:kEntries	Lâmpadas do lote iluminam a rua	Las lámparas del solar iluminan la calle	Les lampes du terrain éclairent la rue	
Outdoor lot lamps also light the grass and street nearby	tr_lighting.cpp:kEntries	Lâmpadas externas do lote também iluminam a grama e a rua ao lado	Las lámparas exteriores del solar también iluminan el césped y la calle cercanos	Les lampes extérieures du terrain éclairent aussi l'herbe et la rue proches	
Outdoor light between floors	tr_lighting.cpp:kEntries	Luz externa entre andares	Luz exterior entre pisos	Lumière extérieure entre étages	
Outdoor lamps light the floors above and below, with no hard edge	tr_lighting.cpp:kEntries	Lâmpadas de fora iluminam os andares de cima e de baixo, sem borda marcada	Las lámparas exteriores iluminan los pisos de arriba y de abajo, sin bordes marcados	Les lampes extérieures éclairent les étages au-dessus et en dessous, sans bord net	
Stories	tr_lighting.cpp:kEntries	Andares	Pisos	Étages	
Lamp light between the floors of a house	tr_lighting.cpp:kEntries	Luz das lâmpadas entre os andares de uma casa	Luz de las lámparas entre los pisos de una casa	Lumière des lampes entre les étages d'une maison	
Needs "Outdoor light between floors"	tr_lighting.cpp:kEntries	Requer "Luz externa entre andares"	Requiere "Luz exterior entre pisos"	Nécessite "Lumière extérieure entre étages"	
Indoor light between floors	tr_lighting.cpp:kEntries	Luz interna entre andares	Luz interior entre pisos	Lumière intérieure entre étages	
Lamps inside shine through stairwells and open floors	tr_lighting.cpp:kEntries	Lâmpadas de dentro passam por vãos de escada e pisos abertos	Las lámparas interiores pasan por huecos de escalera y pisos abiertos	Les lampes intérieures passent par les trémies d'escalier et les sols ouverts	
Walls block light on floors	tr_lighting.cpp:kEntries	Paredes bloqueiam a luz nos pisos	Las paredes bloquean la luz en los suelos	Les murs bloquent la lumière sur les sols	
Decks and yards without a roof stay dark behind a wall	tr_lighting.cpp:kEntries	Decks e pátios sem telhado ficam escuros atrás de uma parede	Las terrazas y patios sin techo quedan oscuros tras una pared	Les terrasses et cours sans toit restent sombres derrière un mur	
Light through doors and windows	tr_lighting.cpp:kEntries	Luz por portas e janelas	Luz por puertas y ventanas	Lumière par portes et fenêtres	
Lamps light walled yards only through openings or over the walls	tr_lighting.cpp:kEntries	Lâmpadas iluminam pátios murados só pelas aberturas ou por cima dos muros	Las lámparas iluminan patios cerrados solo por las aberturas o por encima de los muros	Les lampes n'éclairent les cours fermées que par les ouvertures ou par-dessus les murs	
Walls block light on objects	tr_lighting.cpp:kEntries	Paredes bloqueiam a luz nos objetos	Las paredes bloquean la luz en los objetos	Les murs bloquent la lumière sur les objets	
Lamp colors stay near lamps	tr_lighting.cpp:kEntries	Cores das lâmpadas ficam perto delas	Los colores de las lámparas quedan cerca	Les couleurs des lampes restent locales	
A colored lamp no longer tints far floors, roofs and shiny objects	tr_lighting.cpp:kEntries	Uma lâmpada colorida não tinge mais pisos distantes, telhados e objetos brilhantes	Una lámpara de color ya no tiñe suelos lejanos, tejados ni objetos brillantes	Une lampe colorée ne teinte plus les sols lointains, les toits ni les objets brillants	
Wall lamps at the right height	tr_lighting.cpp:kEntries	Luminárias de parede na altura certa	Lámparas de pared a la altura correcta	Appliques murales à la bonne hauteur	
Fixes a game bug: wall light too high on tall walls and foundations	tr_lighting.cpp:kEntries	Corrige um bug do jogo: luz alta demais em paredes altas e com fundação	Corrige un error del juego: luz demasiado alta en paredes altas y con cimientos	Corrige un bug du jeu : lumière trop haute sur les murs hauts et les fondations	
Light detail	tr_lighting.cpp:kEntries	Detalhe da luz	Detalle de la luz	Détail de la lumière	
How sharp lamp light is on walls and floors	tr_lighting.cpp:kEntries	Quão nítida é a luz das lâmpadas em paredes e pisos	Qué tan nítida es la luz de las lámparas en paredes y suelos	Netteté de la lumière des lampes sur les murs et les sols	
Sharper light pools and shadow edges on walls and floors	tr_lighting.cpp:kEntries	Manchas de luz e bordas de sombra mais nítidas em paredes e pisos	Manchas de luz y bordes de sombra más nítidos en paredes y suelos	Taches de lumière et bords d’ombre plus nets sur les murs et les sols	
The game's own detail	tr_lighting.cpp:kEntries	O detalhe original do jogo	El detalle original del juego	Le détail d’origine du jeu	
Twice the detail: rooms take longer to light and use more memory	tr_lighting.cpp:kEntries	O dobro de detalhe: os cômodos demoram mais para iluminar e usam mais memória	El doble de detalle: las habitaciones tardan más en iluminarse y usan más memoria	Deux fois plus de détail : les pièces s’éclairent plus lentement et utilisent plus de mémoire	
Rooms take about four times longer to light and use more memory	tr_lighting.cpp:kEntries	Os cômodos levam cerca de quatro vezes mais tempo para iluminar e usam mais memória	Las habitaciones tardan unas cuatro veces más en iluminarse y usan más memoria	Les pièces mettent environ quatre fois plus de temps à s’éclairer et utilisent plus de mémoire	
Furniture behind a wall gets no light from the lamp outside	tr_lighting.cpp:kEntries	Móveis atrás de uma parede não recebem a luz da lâmpada de fora	Los muebles tras una pared no reciben la luz de la lámpara de fuera	Les meubles derrière un mur ne reçoivent pas la lumière de la lampe extérieure	
Rooms may take a few seconds to update; if one lags, change floors	tr_lighting.cpp:kEntries	Os cômodos podem levar alguns segundos para atualizar; se algum demorar, troque de andar	Las habitaciones pueden tardar unos segundos en actualizarse; si alguna tarda, cambia de piso	Les pièces peuvent mettre quelques secondes à se mettre à jour ; si l'une tarde, changez d'étage	
Seamless walls between floors	tr_lighting.cpp:kEntries	Paredes sem emenda entre andares	Paredes sin corte entre pisos	Murs sans raccord entre étages	
Every floor in full detail	tr_lighting.cpp:kEntries	Todos os andares em detalhe	Todos los pisos en detalle	Tous les étages en détail	
Changing floors keeps the light; entering a lot takes a little longer	tr_lighting.cpp:kEntries	Trocar de andar mantém a luz; entrar num lote demora um pouco mais	Cambiar de piso mantiene la luz; entrar en un solar tarda un poco más	Changer d'étage garde la lumière ; entrer sur un terrain prend un peu plus de temps	
Rooms at Night	tr_lighting.cpp:kEntries	Cômodos à noite	Habitaciones de noche	Pièces la nuit	
The soft background light inside rooms	tr_lighting.cpp:kEntries	A luz de fundo dentro dos cômodos	La luz de fondo dentro de las habitaciones	La lumière de fond dans les pièces	
Adjust the background light	tr_lighting.cpp:kEntries	Ajustar a luz de fundo	Ajustar la luz de fondo	Régler la lumière de fond	
Replaces the game's strong blue glow indoors with the light set below, lamps on or off	tr_lighting.cpp:kEntries	Troca o brilho azul forte do jogo dentro de casa pela luz ajustada abaixo, com lâmpadas acesas ou não	Cambia el fuerte brillo azul del juego en interiores por la luz ajustada abajo, con lámparas encendidas o no	Remplace la forte lueur bleue du jeu à l'intérieur par la lumière réglée ci-dessous, lampes allumées ou non	
S3SS compatibility	tr_lighting.cpp:kEntries	Compatibilidade com o S3SS	Compatibilidad con S3SS	Compatibilité avec S3SS	
If S3SS's saved room-light color conflicts with Apex, you can correct it here	tr_lighting.cpp:kEntries	Se a cor de luz dos cômodos salva no S3SS entrar em conflito com o Apex, você pode corrigi-la aqui	Si el color de luz de habitaciones guardado en S3SS entra en conflicto con Apex, puedes corregirlo aquí	Si la couleur d’éclairage des pièces enregistrée dans S3SS entre en conflit avec Apex, vous pouvez la corriger ici	
What changes	tr_lighting.cpp:kEntries	O que será alterado	Qué se modificará	Ce qui sera modifié	
When you choose the action below, Apex backs up S3SS.toml and disables only the saved BradyBunchBlue RGB override. This is separate from the Brady Bunch BEGONE switch; turning that switch off does not disable the saved color. All other S3SS settings stay as they are. Apex applies the correction to this session when Rooms at Night is on; restart the game for S3SS to keep using its default room-light color.	tr_lighting.cpp:kEntries	Ao escolher a ação abaixo, o Apex faz uma cópia de segurança do S3SS.toml e desativa somente a substituição salva de BradyBunchBlue RGB. Ela é separada da opção Brady Bunch BEGONE; desativar essa opção não desativa a cor salva. Os demais ajustes do S3SS são preservados. Com Cômodos à noite ligado, o Apex aplica a correção nesta sessão; reinicie o jogo para o S3SS continuar usando a cor padrão de luz dos cômodos.	Al elegir la acción siguiente, Apex crea una copia de seguridad de S3SS.toml y desactiva solo la anulación guardada BradyBunchBlue RGB. Es independiente del interruptor Brady Bunch BEGONE; desactivar ese interruptor no desactiva el color guardado. Los demás ajustes de S3SS se conservan. Apex aplica la corrección en esta sesión cuando Habitaciones de noche está activado; reinicia el juego para que S3SS siga usando su color de luz predeterminado.	En choisissant l’action ci-dessous, Apex sauvegarde S3SS.toml et désactive uniquement la valeur enregistrée BradyBunchBlue RGB. Elle est indépendante de l’option Brady Bunch BEGONE ; désactiver cette option ne désactive pas la couleur enregistrée. Les autres réglages S3SS sont conservés. Apex applique la correction à cette session si Pièces la nuit est activé ; redémarrez le jeu pour que S3SS conserve sa couleur d’éclairage par défaut.	
Correct the S3SS setting	tr_lighting.cpp:kEntries	Corrigir o ajuste do S3SS	Corregir el ajuste de S3SS	Corriger le réglage S3SS	
Back up S3SS.toml, then disable only the saved BradyBunchBlue RGB override	tr_lighting.cpp:kEntries	Fazer backup do S3SS.toml e desativar somente a substituição salva de BradyBunchBlue RGB	Crear una copia de S3SS.toml y desactivar solo la anulación guardada BradyBunchBlue RGB	Sauvegarder S3SS.toml, puis désactiver uniquement la valeur enregistrée BradyBunchBlue RGB	
Back up and correct	tr_lighting.cpp:kEntries	Fazer backup e corrigir	Crear copia y corregir	Sauvegarder et corriger	
Other S3SS settings are preserved	tr_lighting.cpp:kEntries	Os demais ajustes do S3SS serão preservados	Se conservan los demás ajustes de S3SS	Les autres réglages S3SS seront conservés	
Sims3SettingsSetter is not loaded. No changes were made.	tr_lighting.cpp:kEntries	O Sims3SettingsSetter não está carregado. Nenhuma alteração foi feita.	Sims3SettingsSetter no está cargado. No se hicieron cambios.	Sims3SettingsSetter n’est pas chargé. Aucune modification n’a été effectuée.	
Could not read S3SS.toml. No changes were made.	tr_lighting.cpp:kEntries	Não foi possível ler o S3SS.toml. Nenhuma alteração foi feita.	No se pudo leer S3SS.toml. No se hicieron cambios.	Impossible de lire S3SS.toml. Aucune modification n’a été effectuée.	
No supported saved room-light color override was found. S3SS was not changed.	tr_lighting.cpp:kEntries	Nenhuma substituição salva compatível de cor de luz dos cômodos foi encontrada. O S3SS não foi alterado.	No se encontró una anulación guardada compatible del color de luz de habitaciones. S3SS no se modificó.	Aucune valeur enregistrée compatible de couleur d’éclairage des pièces n’a été trouvée. S3SS n’a pas été modifié.	
Apex could not verify the backup. S3SS was not changed.	tr_lighting.cpp:kEntries	O Apex não conseguiu verificar o backup. O S3SS não foi alterado.	Apex no pudo verificar la copia de seguridad. S3SS no se modificó.	Apex n’a pas pu vérifier la sauvegarde. S3SS n’a pas été modifié.	
S3SS.toml changed during correction. No changes were written; try again.	tr_lighting.cpp:kEntries	O S3SS.toml mudou durante a correção. Nenhuma alteração foi gravada; tente novamente.	S3SS.toml cambió durante la corrección. No se guardaron cambios; inténtalo de nuevo.	S3SS.toml a changé pendant la correction. Aucune modification n’a été écrite ; réessayez.	
Apex could not save the correction. Check the Apex log; the backup is preserved.	tr_lighting.cpp:kEntries	O Apex não conseguiu salvar a correção. Consulte o log do Apex; o backup foi preservado.	Apex no pudo guardar la corrección. Consulta el registro de Apex; la copia está conservada.	Apex n’a pas pu enregistrer la correction. Consultez le journal Apex ; la sauvegarde est conservée.	
Correction complete. The backup is in the Apex Radiance folder; restart the game for S3SS to keep the change.	tr_lighting.cpp:kEntries	Correção concluída. O backup está na pasta Apex Radiance; reinicie o jogo para o S3SS manter a alteração.	Corrección completada. La copia está en la carpeta Apex Radiance; reinicia el juego para que S3SS conserve el cambio.	Correction terminée. La sauvegarde se trouve dans le dossier Apex Radiance ; redémarrez le jeu pour que S3SS conserve la modification.	
How bright that background light is, on walls and furniture	tr_lighting.cpp:kEntries	O quanto essa luz de fundo clareia, nas paredes e nos móveis	Cuánto aclara esa luz de fondo, en paredes y muebles	L'intensité de cette lumière de fond, sur les murs et les meubles	
Blue tint	tr_lighting.cpp:kEntries	Tom azulado	Tono azulado	Teinte bleutée	
0% is neutral grey, 100% is the game's blue, on walls and furniture	tr_lighting.cpp:kEntries	0% é cinza neutro, 100% é o azul do jogo, nas paredes e nos móveis	0% es gris neutro, 100% es el azul del juego, en paredes y muebles	0 % = gris neutre, 100 % = le bleu du jeu, sur les murs et les meubles	
If a room or its furniture looks wrong: rooms, lots and objects light again	tr_lighting.cpp:kEntries	Se um cômodo ou seus móveis parecerem errados: cômodos, lotes e objetos são iluminados de novo	Si una habitación o sus muebles se ven mal: habitaciones, solares y objetos se iluminan de nuevo	Si une pièce ou ses meubles semblent faux : pièces, terrains et objets sont éclairés à nouveau	
Refresh	tr_lighting.cpp:kEntries	Atualizar	Actualizar	Actualiser	
The same as its shortcut	tr_lighting.cpp:kEntries	O mesmo que o atalho	Lo mismo que su atajo	La même chose que son raccourci	
Walls above and below the floor line meet with no step in the light	tr_lighting.cpp:kEntries	As paredes de cima e de baixo da linha do piso se encontram sem degrau na luz	Las paredes de arriba y de abajo de la línea del piso se unen sin escalón en la luz	Les murs au-dessus et au-dessous de la ligne du plancher se rejoignent sans palier dans la lumière	
Smooth ground light	tr_lighting.cpp:kEntries	Luz suave no chão	Luz suave en el suelo	Lumière douce au sol	
Soft lamp light on the ground, without blocky steps or specks	tr_lighting.cpp:kEntries	Luz suave das lâmpadas no chão, sem degraus quadriculados nem manchas	Luz suave de lámparas en el suelo, sin escalones pixelados ni manchas	Lumière douce des lampes au sol, sans paliers en blocs ni taches	
BRIGHTNESS	tr_lighting.cpp:kEntries	BRILHO	BRILLO	LUMINOSITÉ	
Needs "Street lamps light lots"	tr_lighting.cpp:kEntries	Requer "Postes iluminam os lotes"	Requiere "Las farolas iluminan los solares"	Nécessite « Les réverbères éclairent les terrains »	
Ground brightness	tr_lighting.cpp:kEntries	Brilho no chão	Brillo en el suelo	Luminosité au sol	
Lamp light on grass, lots and patios; 100% is the default	tr_lighting.cpp:kEntries	Luz das lâmpadas na grama, lotes e pátios; 100% é o padrão	Luz de lámparas en césped, solares y patios; 100% es el predeterminado	Lumière des lampes sur l'herbe, les terrains et les patios ; 100% par défaut	
Roads and sidewalks	tr_lighting.cpp:kEntries	Ruas e calçadas	Calles y aceras	Routes et trottoirs	
Compared with the ground around them; 100% is the same	tr_lighting.cpp:kEntries	Em relação ao chão em volta; 100% é igual	Respecto al suelo que las rodea; 100% es igual	Par rapport au sol autour ; 100% = pareil	
Street lamp brightness	tr_lighting.cpp:kEntries	Brilho dos postes	Brillo de las farolas	Luminosité des réverbères	
How strongly street lamps light the ground; 100% is the default	tr_lighting.cpp:kEntries	Força da luz dos postes no chão; 100% é o padrão	Con qué fuerza las farolas iluminan el suelo; 100% es el predeterminado	Intensité des réverbères sur le sol ; 100% par défaut	
Lot lamp brightness	tr_lighting.cpp:kEntries	Brilho das lâmpadas do lote	Brillo de las lámparas del solar	Luminosité des lampes du terrain	
How strongly lamps on lots light the ground; 100% is the default	tr_lighting.cpp:kEntries	Força da luz das lâmpadas dos lotes no chão; 100% é o padrão	Con qué fuerza las lámparas de los solares iluminan el suelo; 100% es el predeterminado	Intensité des lampes des terrains sur le sol ; 100% par défaut	
Updates	tr_lighting.cpp:kEntries	Atualização	Actualización	Mise à jour	
Update at dusk	tr_lighting.cpp:kEntries	Atualizar ao anoitecer	Actualizar al anochecer	Mettre à jour au crépuscule	
When night falls, the ground light is rebuilt with every lamp on	tr_lighting.cpp:kEntries	Quando anoitece, a luz do chão é refeita com todas as lâmpadas acesas	Al anochecer, la luz del suelo se rehace con todas las lámparas encendidas	À la tombée de la nuit, la lumière au sol est recalculée avec toutes les lampes allumées	
Delay after dusk	tr_lighting.cpp:kEntries	Espera depois de anoitecer	Espera tras anochecer	Délai après le crépuscule	
Waits after dusk so every lamp has switched on first	tr_lighting.cpp:kEntries	Espera depois de anoitecer para todas as lâmpadas acenderem antes	Espera tras anochecer para que todas las lámparas se enciendan antes	Attend après le crépuscule que toutes les lampes soient allumées	
Objects	tr_lighting.cpp:kEntries	Objetos	Objetos	Objets	
Fences, plants and outdoor furniture	tr_lighting.cpp:kEntries	Cercas, plantas e móveis externos	Cercas, plantas y muebles de exterior	Clôtures, plantes et mobilier extérieur	
LAMP LIGHT	tr_lighting.cpp:kEntries	LUZ DAS LÂMPADAS	LUZ DE LÁMPARAS	LUMIÈRE DES LAMPES	
Lamps light objects	tr_lighting.cpp:kEntries	Lâmpadas iluminam objetos	Las lámparas iluminan objetos	Les lampes éclairent les objets	
Outdoor objects get lamp light, even in the shade of walls	tr_lighting.cpp:kEntries	Objetos externos recebem luz das lâmpadas, mesmo à sombra de paredes	Los objetos exteriores reciben luz de lámparas, incluso a la sombra de paredes	Les objets extérieurs reçoivent la lumière des lampes, même à l'ombre des murs	
Raise it if objects look dark next to lamps	tr_lighting.cpp:kEntries	Aumente se os objetos parecerem escuros perto das lâmpadas	Súbelo si los objetos se ven oscuros junto a las lámparas	Augmentez-la si les objets semblent sombres près des lampes	
Light stairs, railings, columns	tr_lighting.cpp:kEntries	Iluminar escadas, grades, colunas	Iluminar escaleras, barandas, columnas	Éclairer escaliers, rampes, colonnes	
Pieces the game leaves unlit	tr_lighting.cpp:kEntries	Peças que o jogo deixa sem luz	Piezas que el juego deja sin luz	Éléments que le jeu laisse sans lumière	
DOORS, COUNTERS AND FENCES	tr_lighting.cpp:kEntries	PORTAS, BALCÕES E CERCAS	PUERTAS, ENCIMERAS Y CERCAS	PORTES, COMPTOIRS ET CLÔTURES	
Needs "Street lamps light lots" and "Smooth ground light" (Ground tab)	tr_lighting.cpp:kEntries	Requer "Postes iluminam os lotes" e "Luz suave no chão" (aba Chão)	Requiere "Las farolas iluminan los solares" y "Luz suave en el suelo" (pestaña Suelo)	Nécessite « Les réverbères éclairent les terrains » et « Lumière douce au sol » (onglet Sol)	
Needs "Street lamps light lots" (Ground tab)	tr_lighting.cpp:kEntries	Requer "Postes iluminam os lotes" (aba Chão)	Requiere "Las farolas iluminan los solares" (pestaña Suelo)	Nécessite « Les réverbères éclairent les terrains » (onglet Sol)	
Needs "Smooth ground light" (Ground tab)	tr_lighting.cpp:kEntries	Requer "Luz suave no chão" (aba Chão)	Requiere "Luz suave en el suelo" (pestaña Suelo)	Nécessite « Lumière douce au sol » (onglet Sol)	
Ground light turned on	tr_lighting.cpp:kEntries	Luz do chão ligada	Luz del suelo activada	Lumière au sol activée	
Street lamps light lots turned on	tr_lighting.cpp:kEntries	"Postes iluminam os lotes" ligado	"Las farolas iluminan los solares" activado	« Les réverbères éclairent les terrains » activé	
Smooth ground light turned on	tr_lighting.cpp:kEntries	Luz suave no chão ligada	Luz suave en el suelo activada	Lumière douce au sol activée	
Doors and windows stay lit	tr_lighting.cpp:kEntries	Portas e janelas ficam iluminadas	Puertas y ventanas siguen iluminadas	Portes et fenêtres restent éclairées	
A front door is never darker than the wall around it	tr_lighting.cpp:kEntries	Uma porta nunca fica mais escura que a parede em volta	Una puerta nunca queda más oscura que la pared que la rodea	Une porte n'est jamais plus sombre que le mur autour	
Windows take outdoor light	tr_lighting.cpp:kEntries	Janelas recebem a luz de fora	Ventanas reciben la luz exterior	Fenêtres éclairées par l'extérieur	
The outer side of windows lit by the room takes the outdoor light	tr_lighting.cpp:kEntries	O lado de fora das janelas iluminadas pelo cômodo recebe a luz de fora	El lado exterior de las ventanas iluminadas por la habitación recibe la luz exterior	Le côté extérieur des fenêtres éclairées par la pièce reçoit la lumière extérieure	
Seamless light on pieces	tr_lighting.cpp:kEntries	Luz sem emendas nas peças	Luz sin cortes en las piezas	Lumière uniforme sur les éléments	
Counters and modular pieces outside show no color steps	tr_lighting.cpp:kEntries	Balcões e peças modulares externas sem degraus de cor	Encimeras y piezas modulares exteriores sin saltos de color	Comptoirs et éléments modulaires extérieurs sans paliers de couleur	
Seamless light brightness	tr_lighting.cpp:kEntries	Brilho da luz sem emendas	Brillo de la luz sin cortes	Luminosité de la lumière uniforme	
How bright that light is; 100% is the default	tr_lighting.cpp:kEntries	O brilho dessa luz; 100% é o padrão	Qué tan brillante es esa luz; 100% es el predeterminado	Intensité de cette lumière ; 100% par défaut	
Fences and stairs catch light	tr_lighting.cpp:kEntries	Cercas e escadas recebem luz	Cercas y escaleras reciben luz	Clôtures et escaliers captent la lumière	
Fences, posts, stairs and their snow match the lit ground	tr_lighting.cpp:kEntries	Cercas, postes, escadas e a neve neles acompanham o chão iluminado	Cercas, postes, escaleras y su nieve igualan el suelo iluminado	Clôtures, poteaux, escaliers et leur neige suivent le sol éclairé	
Fence brightness	tr_lighting.cpp:kEntries	Brilho das cercas	Brillo de las cercas	Luminosité des clôtures	
100% matches the ground around them	tr_lighting.cpp:kEntries	100% iguala o chão em volta	100% iguala el suelo alrededor	100% correspond au sol autour	
INDOORS	tr_lighting.cpp:kEntries	DENTRO DE CASA	INTERIORES	INTÉRIEUR	
Smooth indoor light	tr_lighting.cpp:kEntries	Luz suave dentro de casa	Luz suave en interiores	Lumière douce à l'intérieur	
Light changes smoothly on stairs, curtains and furniture; no dark sides	tr_lighting.cpp:kEntries	A luz muda de forma suave em escadas, cortinas e móveis; sem lados escuros	La luz cambia de forma suave en escaleras, cortinas y muebles; sin lados oscuros	La lumière varie en douceur sur les escaliers, rideaux et meubles ; sans côtés sombres	
Buildings	tr_lighting.cpp:kEntries	Edifícios	Edificios	Bâtiments	
Outside walls and roofs	tr_lighting.cpp:kEntries	Paredes externas e telhados	Paredes exteriores y techos	Murs extérieurs et toits	
WALLS	tr_lighting.cpp:kEntries	PAREDES	PAREDES	MURS	
Lamps light walls	tr_lighting.cpp:kEntries	Lâmpadas iluminam paredes	Las lámparas iluminan las paredes	Les lampes éclairent les murs	
Outside walls near lamps get brighter; off keeps the game's dim walls	tr_lighting.cpp:kEntries	Paredes externas perto de lâmpadas ficam mais claras; desligado mantém as paredes fracas do jogo	Las paredes exteriores cerca de lámparas se ven más claras; desactivado mantiene las paredes tenues del juego	Les murs extérieurs près des lampes s'éclaircissent ; désactivé garde les murs ternes du jeu	
Intensity of lamp light on outside walls, by day and night	tr_lighting.cpp:kEntries	Intensidade da luz das lâmpadas nas paredes externas, de dia e à noite	Intensidad de la luz de las lámparas en las paredes exteriores, de día y de noche	Intensité de la lumière des lampes sur les murs extérieurs, de jour comme de nuit	
Light behind balconies	tr_lighting.cpp:kEntries	Luz atrás de sacadas	Luz detrás de balcones	Lumière derrière les balcons	
Walls behind a balcony get some light from the lamps below	tr_lighting.cpp:kEntries	Paredes atrás de uma sacada recebem um pouco da luz das lâmpadas abaixo	Las paredes detrás de un balcón reciben algo de luz de las lámparas de abajo	Les murs derrière un balcon reçoivent un peu de lumière des lampes en dessous	
How much lamp light reaches walls behind a balcony	tr_lighting.cpp:kEntries	Quanto da luz das lâmpadas chega às paredes atrás de uma sacada	Cuánta luz de las lámparas llega a las paredes detrás de un balcón	Quantité de lumière des lampes qui atteint les murs derrière un balcon	
ROOFS	tr_lighting.cpp:kEntries	TELHADOS	TECHOS	TOITS	
Lamps light roofs	tr_lighting.cpp:kEntries	Lâmpadas iluminam telhados	Las lámparas iluminan los techos	Les lampes éclairent les toits	
Roofs no longer stay black at night; softer roof shadows too	tr_lighting.cpp:kEntries	Telhados não ficam mais pretos à noite; sombras mais suaves também	Los techos ya no quedan negros de noche; sombras más suaves también	Les toits ne restent plus noirs la nuit ; ombres plus douces aussi	
How bright lit roofs get; 60% is the default	tr_lighting.cpp:kEntries	Brilho dos telhados iluminados; 60% é o padrão	Brillo de los techos iluminados; 60% es el predeterminado	Luminosité des toits éclairés ; 60% par défaut	
Lamp Glow	tr_lighting.cpp:kEntries	Brilho das Lâmpadas	Resplandor de Lámparas	Lueur des Lampes	
Lamp light on ponds at night	tr_lighting.cpp:kEntries	Luz das lâmpadas nos lagos à noite	Luz de lámparas en los estanques de noche	Lumière des lampes sur les étangs la nuit	
Lamps glow on ponds	tr_lighting.cpp:kEntries	Lâmpadas brilham nos lagos	Las lámparas brillan en los estanques	Les lampes luisent sur les étangs	
Ponds glow and sparkle near lamps at night	tr_lighting.cpp:kEntries	Lagos brilham e cintilam perto das lâmpadas à noite	Los estanques brillan y destellan cerca de las lámparas de noche	Les étangs luisent et scintillent près des lampes la nuit	
Glow brightness	tr_lighting.cpp:kEntries	Intensidade do brilho	Intensidad del resplandor	Intensité de la lueur	
Brightness of lamp glow and sparkles on water; 10% to 40%, with 40% as the default	tr_lighting.cpp:kEntries	Intensidade do brilho das lâmpadas na água; de 10% a 40%, com 40% como padrão	Intensidad del brillo de las lámparas en el agua; del 10% al 40%, con 40% por defecto	Intensité des lueurs des lampes sur l'eau ; de 10 % à 40 %, avec 40 % par défaut	
Snow	tr_lighting.cpp:kEntries	Neve	Nieve	Neige	
Footsteps reveal the sidewalk beneath the snow	tr_lighting.cpp:kEntries	As pegadas deixam a calçada à mostra sob a neve	Las huellas dejan ver la acera bajo la nieve	Les traces de pas laissent apparaître le trottoir sous la neige	
Sidewalk visibility	tr_lighting.cpp:kEntries	Calçada à mostra	Acera visible	Trottoir visible	
How much sidewalk shows where Sims have walked; 0% keeps the game's original look	tr_lighting.cpp:kEntries	Define quanto da calçada aparece onde os Sims passaram; 0% mantém o visual original do jogo	Define cuánto de la acera se ve donde han pasado los Sims; 0% mantiene el aspecto original del juego	Définit la part du trottoir visible là où les Sims sont passés ; 0 % conserve l’aspect d’origine du jeu	
Needs "Street lamps light lots" (Lighting page, Ground tab)	tr_lighting.cpp:kEntries	Requer "Postes iluminam os lotes" (página Iluminação, aba Chão)	Requiere "Las farolas iluminan los solares" (página Iluminación, pestaña Suelo)	Nécessite « Les réverbères éclairent les terrains » (page Éclairage, onglet Sol)	
S3SS limits FPS; disable its FPS limit and restart to use Apex's limiter	tr_features.cpp:kEntries	O S3SS limita os FPS; desative esse limite e reinicie para usar o limitador do Apex	S3SS limita los FPS; desactiva ese límite y reinicia para usar el limitador de Apex	S3SS limite les FPS ; désactivez cette limite et redémarrez pour utiliser celle d’Apex	
Keep current	tr_features.cpp:kEntries	Preservar atual	Mantener actual	Conserver actuel	
Changes apply when you restart the game	tr_features.cpp:kEntries	As mudanças entram em vigor ao reiniciar o jogo	Los cambios se aplican al reiniciar el juego	Les modifications prennent effet au redémarrage du jeu	
Limit FPS with Apex	tr_features.cpp:kEntries	Limitar FPS com o Apex	Limitar FPS con Apex	Limiter les FPS avec Apex	
Use only one FPS limiter: Apex, DXVK, or your graphics driver	tr_features.cpp:kEntries	Use apenas um limitador de FPS: Apex, DXVK ou o driver de vídeo	Usa un solo limitador de FPS: Apex, DXVK o el controlador gráfico	Utilisez un seul limiteur de FPS : Apex, DXVK ou le pilote graphique	
Choose a rate the game can sustain, below your monitor's maximum refresh rate	tr_features.cpp:kEntries	Escolha uma taxa que o jogo consiga manter, abaixo da frequência máxima do monitor	Elige una tasa que el juego pueda mantener, inferior a la frecuencia máxima del monitor	Choisissez une cadence que le jeu peut maintenir, sous la fréquence maximale de l’écran	
Target frame rate	tr_features.cpp:kEntries	Limite de quadros	Límite de fotogramas	Limite d’images	
Apex wait: {:.2f} ms | Present: {:.2f} ms	tr_features.cpp:kEntries	Espera do Apex: {:.2f} ms | Present: {:.2f} ms	Espera de Apex: {:.2f} ms | Present: {:.2f} ms	Attente Apex : {:.2f} ms | Present : {:.2f} ms	{:.2f} {:.2f}
Enable G-SYNC or FreeSync in your graphics driver; Apex does not activate it	tr_features.cpp:kEntries	Ative G-SYNC ou FreeSync no driver de vídeo; o Apex não ativa essa função	Activa G-SYNC o FreeSync en el controlador gráfico; Apex no lo activa	Activez G-SYNC ou FreeSync dans le pilote graphique ; Apex ne l’active pas	
DXVK or driver settings may override V-Sync; this cannot guarantee flicker-free output	tr_features.cpp:kEntries	O DXVK ou o driver pode sobrescrever o V-Sync; isso não garante eliminar cintilações	DXVK o el controlador puede sobrescribir V-Sync; esto no garantiza eliminar el parpadeo	DXVK ou le pilote peut remplacer V-Sync ; cela ne garantit pas l’absence de scintillement	
Restore synchronization	tr_features.cpp:kEntries	Restaurar sincronização	Restaurar sincronización	Rétablir la synchronisation	
V-Sync	tr_features.cpp:kEntries	V-Sync	V-Sync	V-Sync	
Keeps nearby lots eligible for full detail farther away and allows more of them to remain detailed at once. Validated baseline: distance 300 and 16 detailed lots. Part of Apex Radiance.	tr_features.cpp:kEntries	Mantém lotes próximos elegíveis para detalhe completo a uma distância maior e permite que mais deles permaneçam detalhados ao mesmo tempo. Base validada: distância 300 e 16 lotes detalhados. Parte do Apex Radiance.	Mantiene los solares cercanos elegibles para detalle completo a mayor distancia y permite que más de ellos permanezcan detallados al mismo tiempo. Base validada: distancia 300 y 16 solares detallados. Parte de Apex Radiance.	Garde les terrains proches éligibles au détail complet à plus grande distance et permet à davantage d'entre eux de rester détaillés en même temps. Base validée : distance 300 et 16 terrains détaillés. Fait partie d'Apex Radiance.	
Loads nearby lots into full detail gradually instead of letting several lot-detail transitions start together. Uses the game's own native Lot LoD throttle and a 5.0 camera-speed threshold; no lot loader is replaced. Part of Apex Radiance. Credits: @loinyx	tr_features.cpp:kEntries	Carrega os lotes próximos em detalhe completo de forma gradual, em vez de deixar várias transições de detalhe começarem juntas. Usa o próprio controle nativo de LoD dos lotes e um limite de velocidade da câmera de 5,0; nenhum carregador de lotes é substituído. Parte do Apex Radiance. Créditos: @loinyx	Carga gradualmente los solares cercanos con detalle completo, en vez de permitir que varias transiciones de detalle comiencen a la vez. Usa el control LoD nativo de solares y un umbral de velocidad de cámara de 5,0; no reemplaza el cargador de solares. Parte de Apex Radiance. Créditos: @loinyx	Charge progressivement les terrains proches en détail complet au lieu de laisser plusieurs transitions de détail démarrer ensemble. Utilise la limitation LoD native des terrains et un seuil de vitesse caméra de 5,0 ; aucun chargeur de terrain n'est remplacé. Fait partie d'Apex Radiance. Crédits : @loinyx	
Pauses lot-detail streaming while the neighborhood map is open, then resumes it after the map closes. This avoids doing lot streaming work during the map transition. Part of Apex Radiance. Credits: @loinyx	tr_features.cpp:kEntries	Pausa o streaming de detalhes dos lotes enquanto o mapa da vizinhança está aberto e retoma depois que ele fecha. Isso evita trabalho de streaming de lotes durante a transição do mapa. Parte do Apex Radiance. Créditos: @loinyx	Pausa el streaming de detalle de solares mientras el mapa del barrio está abierto y lo reanuda al cerrarlo. Esto evita trabajo de streaming de solares durante la transición del mapa. Parte de Apex Radiance. Créditos: @loinyx	Suspend le streaming détaillé des terrains pendant l'ouverture de la carte du quartier, puis le reprend à sa fermeture. Cela évite du travail de streaming pendant la transition de la carte. Fait partie d'Apex Radiance. Crédits : @loinyx	
Builds regular objects of a lot in small continuation windows instead of one large burst when the lot enters detailed view. Building and apartment shells, large exterior geometry and flora stay synchronous. Part of Apex Radiance. Credits: @loinyx	tr_features.cpp:kEntries	Constrói os objetos comuns de um lote em pequenas etapas de continuação, em vez de uma carga grande quando o lote entra em detalhe. Estruturas de prédios e apartamentos, geometria externa grande e vegetação continuam síncronas. Parte do Apex Radiance. Créditos: @loinyx	Construye los objetos normales de un solar en pequeñas etapas de continuación, en vez de una carga grande cuando el solar entra en detalle. Las estructuras de edificios y apartamentos, la geometría exterior grande y la vegetación siguen siendo síncronas. Parte de Apex Radiance. Créditos: @loinyx	Construit les objets ordinaires d'un terrain par petites étapes de continuation au lieu d'un gros bloc lors du passage en vue détaillée. Les structures de bâtiments et d'appartements, la grande géométrie extérieure et la végétation restent synchrones. Fait partie d'Apex Radiance. Crédits : @loinyx	
Disables the camera-view distance bias in the lot visibility metric so lots do not load or unload purely because the viewing angle changes. Part of Apex Radiance. Credits: @loinyx	tr_features.cpp:kEntries	Desativa o viés de distância ligado ao ângulo da câmera na métrica de visibilidade dos lotes, para que eles não carreguem ou descarreguem apenas porque o ângulo mudou. Parte do Apex Radiance. Créditos: @loinyx	Desactiva el sesgo de distancia ligado al ángulo de la cámara en la métrica de visibilidad de los solares, para que no se carguen o descarguen solo porque cambió el ángulo. Parte de Apex Radiance. Créditos: @loinyx	Désactive le biais de distance lié à l'angle de caméra dans la métrique de visibilité des terrains, afin qu'ils ne se chargent ou déchargent pas uniquement parce que l'angle change. Fait partie d'Apex Radiance. Crédits : @loinyx	
Remembers which of the game's packages holds each file the game asks for, so it does not search every package again. Fewer small stutters when objects, textures and lots load. Part of Apex Radiance. Credits: @loinyx	tr_features.cpp:kEntries	Memoriza qual pacote do jogo contém cada arquivo que o jogo pede, para não procurar em todos os pacotes de novo. Menos travadas pequenas quando objetos, texturas e lotes carregam. Parte do Apex Radiance. Créditos: @loinyx	Recuerda qué paquete del juego contiene cada archivo que el juego pide, para no volver a buscar en todos los paquetes. Menos tirones pequeños al cargar objetos, texturas y solares. Parte de Apex Radiance. Créditos: @loinyx	Retient quel paquet du jeu contient chaque fichier que le jeu demande, pour ne pas fouiller à nouveau tous les paquets. Moins de petites saccades au chargement des objets, textures et terrains. Fait partie d'Apex Radiance. Crédits : @loinyx	
Lets Faster Game File Lookups also remember files that no package has, so the game does not search every package for them again and again. Needs Faster Game File Lookups. Part of Apex Radiance. Credits: @loinyx	tr_features.cpp:kEntries	Faz as buscas rápidas de arquivos também memorizarem os arquivos que nenhum pacote tem, para o jogo não procurá-los em todos os pacotes repetidas vezes. Requer as buscas rápidas de arquivos. Parte do Apex Radiance. Créditos: @loinyx	Hace que las búsquedas rápidas de archivos también recuerden los archivos que ningún paquete tiene, para que el juego no los busque en todos los paquetes una y otra vez. Requiere las búsquedas rápidas de archivos. Parte de Apex Radiance. Créditos: @loinyx	Permet aux recherches rapides de fichiers de retenir aussi les fichiers qu'aucun paquet ne contient, pour que le jeu ne les cherche plus sans cesse dans tous les paquets. Nécessite les recherches rapides de fichiers. Fait partie d'Apex Radiance. Crédits : @loinyx	
Remembers which files of a kind each of the game's packages holds, so Create a Sim and Sim loading do not read the list of every package again. Fewer small stutters when Sims change outfits or load. Part of Apex Radiance. Credits: @loinyx	tr_features.cpp:kEntries	Memoriza quais arquivos de cada tipo cada pacote do jogo contém, para o Criar um Sim e o carregamento de Sims não lerem de novo a lista de todos os pacotes. Menos travadas pequenas quando Sims trocam de roupa ou carregam. Parte do Apex Radiance. Créditos: @loinyx	Recuerda qué archivos de cada tipo contiene cada paquete del juego, para que Crear un Sim y la carga de Sims no vuelvan a leer la lista de todos los paquetes. Menos tirones pequeños cuando los Sims cambian de ropa o cargan. Parte de Apex Radiance. Créditos: @loinyx	Retient quels fichiers de chaque type contient chaque paquet du jeu, pour que Créer un Sim et le chargement des Sims ne relisent pas la liste de tous les paquets. Moins de petites saccades quand les Sims changent de tenue ou se chargent. Fait partie d'Apex Radiance. Crédits : @loinyx	
While the camera moves, the soft ambient shading of the outdoor walls of newly loaded lots waits until the camera stops (or two seconds), and never more than one wall pass runs per frame, so panning over a neighborhood that is loading stutters less. Part of Apex Radiance. Credits: @loinyx	tr_features.cpp:kEntries	Enquanto a câmera se move, o sombreamento suave das paredes externas dos lotes recém-carregados espera a câmera parar (ou dois segundos), e nunca roda mais de uma passada de paredes por quadro, então mover a câmera sobre um bairro carregando trava menos. Parte do Apex Radiance. Créditos: @loinyx	Mientras la cámara se mueve, el sombreado suave de las paredes exteriores de los solares recién cargados espera a que la cámara se detenga (o dos segundos), y nunca se hace más de una pasada de paredes por fotograma, así que recorrer un barrio que se está cargando da menos tirones. Parte de Apex Radiance. Créditos: @loinyx	Pendant que la caméra bouge, l'ombrage doux des murs extérieurs des terrains tout juste chargés attend que la caméra s'arrête (ou deux secondes), et jamais plus d'une passe de murs par image : survoler un quartier en cours de chargement saccade moins. Fait partie d'Apex Radiance. Crédits : @loinyx	
While the camera moves, lots relight, and lots that just loaded are built, in smaller steps each frame instead of taking up to 15 ms (lighting) or 35 ms (building) at once, so panning over busy neighborhoods stutters less. Everything finishes as soon as the camera stops. Part of Apex Radiance. Credits: @loinyx	tr_features.cpp:kEntries	Enquanto a câmera se move, os lotes são reiluminados, e os lotes que acabaram de carregar são montados, em passos menores a cada quadro em vez de levar até 15 ms (iluminação) ou 35 ms (montagem) de uma vez, então mover a câmera sobre bairros cheios trava menos. Tudo termina assim que a câmera para. Parte do Apex Radiance. Créditos: @loinyx	Mientras la cámara se mueve, los solares se reiluminan, y los solares recién cargados se construyen, en pasos más pequeños cada fotograma en lugar de tomar hasta 15 ms (iluminación) o 35 ms (construcción) de golpe, así que recorrer barrios concurridos da menos tirones. Todo termina en cuanto la cámara se detiene. Parte de Apex Radiance. Créditos: @loinyx	Pendant que la caméra bouge, les terrains se rééclairent, et les terrains qui viennent de charger se construisent, par petites étapes à chaque image au lieu de prendre jusqu'à 15 ms (éclairage) ou 35 ms (construction) d'un coup : survoler des quartiers animés saccade moins. Tout se termine dès que la caméra s'arrête. Fait partie d'Apex Radiance. Crédits : @loinyx	
Compresses the textures the game builds while you play (terrain, Sims, lot views, thumbnails) several times faster, with exactly the same result, so those moments stutter less. Part of Apex Radiance. Credits: @loinyx	tr_features.cpp:kEntries	Comprime as texturas que o jogo cria enquanto você joga (terreno, Sims, vistas de lotes, miniaturas) várias vezes mais rápido, com exatamente o mesmo resultado, então esses momentos travam menos. Parte do Apex Radiance. Créditos: @loinyx	Comprime las texturas que el juego crea mientras juegas (terreno, Sims, vistas de solares, miniaturas) varias veces más rápido, con exactamente el mismo resultado, así que esos momentos dan menos tirones. Parte de Apex Radiance. Créditos: @loinyx	Compresse les textures que le jeu crée pendant que vous jouez (sol, Sims, vues des terrains, miniatures) plusieurs fois plus vite, avec exactement le même résultat : ces moments saccadent moins. Fait partie d'Apex Radiance. Crédits : @loinyx	
Compresses what the game stores in its caches and saves (Sims, objects, terrain) with a much faster compressor in the game's own format, so those moments stutter less. Part of Apex Radiance. Credits: @loinyx	tr_features.cpp:kEntries	Comprime o que o jogo guarda nos caches e nos saves (Sims, objetos, terreno) com um compressor muito mais rápido no próprio formato do jogo, então esses momentos travam menos. Parte do Apex Radiance. Créditos: @loinyx	Comprime lo que el juego guarda en sus cachés y partidas (Sims, objetos, terreno) con un compresor mucho más rápido en el propio formato del juego, así que esos momentos dan menos tirones. Parte de Apex Radiance. Créditos: @loinyx	Compresse ce que le jeu stocke dans ses caches et ses sauvegardes (Sims, objets, sol) avec un compresseur bien plus rapide, au format du jeu : ces moments saccadent moins. Fait partie d'Apex Radiance. Crédits : @loinyx	
When the game builds a Sim (Create a Sim, and when a Sim changes outfits), it sorts the triangles of hair and other see-through layers with a slow test of every triangle against every point of the mesh. This does the same sort many times faster, with exactly the same result, so those moments stutter less. Part of Apex Radiance. Credits: @loinyx	tr_features.cpp:kEntries	Quando o jogo monta um Sim (no Criar um Sim e quando um Sim troca de roupa), ele ordena os triângulos do cabelo e de outras camadas transparentes com um teste lento de cada triângulo contra cada ponto da malha. Isto faz a mesma ordenação muitas vezes mais rápido, com exatamente o mesmo resultado, então esses momentos travam menos. Parte do Apex Radiance. Créditos: @loinyx	Cuando el juego construye un Sim (en Crear un Sim y cuando un Sim cambia de ropa), ordena los triángulos del pelo y de otras capas transparentes con una prueba lenta de cada triángulo contra cada punto de la malla. Esto hace la misma ordenación muchas veces más rápido, con exactamente el mismo resultado, así que esos momentos dan menos tirones. Parte de Apex Radiance. Créditos: @loinyx	Quand le jeu construit un Sim (dans Créer un Sim et quand un Sim change de tenue), il trie les triangles des cheveux et des autres couches transparentes avec un test lent de chaque triangle contre chaque point du maillage. Ceci fait le même tri bien plus vite, avec exactement le même résultat : ces moments saccadent moins. Fait partie d'Apex Radiance. Crédits : @loinyx	
Every part of the game shares one memory manager. When two parts need it at once, the second one used to go to sleep at once and wake up late, and freeing a big block of memory made everyone wait. Now it waits a few microseconds before sleeping, and big blocks are handed back to Windows in the background. Nothing else changes. Part of Apex Radiance. Credits: @loinyx	tr_features.cpp:kEntries	Todas as partes do jogo dividem um único gerenciador de memória. Quando duas partes precisavam dele ao mesmo tempo, a segunda dormia na hora e acordava atrasada, e liberar um bloco grande de memória fazia todo mundo esperar. Agora ela espera alguns microssegundos antes de dormir, e os blocos grandes são devolvidos ao Windows em segundo plano. Nada mais muda. Parte do Apex Radiance. Créditos: @loinyx	Todas las partes del juego comparten un único gestor de memoria. Cuando dos partes lo necesitaban a la vez, la segunda se dormía enseguida y despertaba tarde, y liberar un bloque grande de memoria hacía esperar a todos. Ahora espera unos microsegundos antes de dormirse, y los bloques grandes se devuelven a Windows en segundo plano. Nada más cambia. Parte de Apex Radiance. Créditos: @loinyx	Toutes les parties du jeu partagent un seul gestionnaire de mémoire. Quand deux parties en avaient besoin en même temps, la seconde s'endormait aussitôt et se réveillait en retard, et libérer un gros bloc de mémoire faisait attendre tout le monde. Désormais elle attend quelques microsecondes avant de s'endormir, et les gros blocs sont rendus à Windows en arrière-plan. Rien d'autre ne change. Fait partie d'Apex Radiance. Crédits : @loinyx	
The game is 32-bit: in a long session the save can fail (Error 12) for lack of one large free block of memory, even with plenty free in total. This keeps a reserve of free address space that is handed back right before every save, and when memory gets tight it empties the game's cache of files it is not using. Nothing you see changes. Part of Apex Radiance. Credits: @loinyx	tr_features.cpp:kEntries	O jogo é 32 bits: numa sessão longa o salvamento pode falhar (Erro 12) por falta de um bloco grande de memória livre, mesmo com bastante livre no total. Isto guarda uma reserva de espaço de endereços livre que é devolvida logo antes de cada salvamento, e quando a memória aperta esvazia o cache de arquivos que o jogo não está usando. Nada do que você vê muda. Parte do Apex Radiance. Créditos: @loinyx	El juego es de 32 bits: en una sesión larga el guardado puede fallar (Error 12) por falta de un bloque grande de memoria libre, aun con mucha libre en total. Esto guarda una reserva de espacio de direcciones libre que se devuelve justo antes de cada guardado, y cuando falta memoria vacía la caché de archivos que el juego no está usando. Nada de lo que ves cambia. Parte de Apex Radiance. Créditos: @loinyx	Le jeu est en 32 bits : dans une longue session, la sauvegarde peut échouer (Erreur 12) faute d'un grand bloc de mémoire libre, même avec beaucoup de mémoire libre au total. Ceci garde une réserve d'espace d'adressage libre rendue juste avant chaque sauvegarde, et quand la mémoire manque, vide le cache des fichiers que le jeu n'utilise pas. Rien de visible ne change. Fait partie d'Apex Radiance. Crédits : @loinyx	
Every frame the game asked Windows to repaint its own window, although the picture comes from the graphics card: a repaint message went through every window handler each frame for nothing. Now Windows repaints it only when it needs to (when the window is uncovered or resized). Nothing you see changes. Part of Apex Radiance. Credits: @loinyx	tr_features.cpp:kEntries	A cada quadro o jogo pedia ao Windows para repintar a própria janela, embora a imagem venha da placa de vídeo: uma mensagem de repintura passava por todos os tratadores da janela a cada quadro, à toa. Agora o Windows só a repinta quando precisa (quando a janela é descoberta ou redimensionada). Nada do que você vê muda. Parte do Apex Radiance. Créditos: @loinyx	En cada fotograma el juego pedía a Windows que repintara su propia ventana, aunque la imagen viene de la tarjeta gráfica: un mensaje de repintado pasaba por todos los manejadores de la ventana en cada fotograma, para nada. Ahora Windows solo la repinta cuando lo necesita (al descubrirse o cambiar de tamaño la ventana). Nada de lo que ves cambia. Parte de Apex Radiance. Créditos: @loinyx	À chaque image, le jeu demandait à Windows de repeindre sa propre fenêtre, alors que l'image vient de la carte graphique : un message de repeinte passait par tous les gestionnaires de la fenêtre à chaque image, pour rien. Désormais Windows ne la repeint que quand il le faut (fenêtre découverte ou redimensionnée). Rien de visible ne change. Fait partie d'Apex Radiance. Crédits : @loinyx	
The game's scripts do two common things with extra work: every comparison of two decimal numbers first called a separate library to check each number, and every look-up of a type's information went through a lock and a search. The check is now done right where the comparison is, and type information already found is remembered, with the same results, so scripts (Sim decisions, routing, timers) do less work. Nothing you see changes. Part of Apex Radiance. Credits: @loinyx	tr_features.cpp:kEntries	Os scripts do jogo fazem duas coisas comuns com trabalho a mais: cada comparação de dois números decimais chamava antes uma biblioteca separada para verificar cada número, e cada consulta às informações de um tipo passava por uma trava e uma busca. Agora a verificação é feita ali mesmo, onde a comparação acontece, e as informações de tipo já encontradas ficam guardadas, com os mesmos resultados, então os scripts (decisões dos Sims, rotas, temporizadores) trabalham menos. Nada do que você vê muda. Parte do Apex Radiance. Créditos: @loinyx	Los scripts del juego hacen dos cosas habituales con trabajo de más: cada comparación de dos números decimales llamaba antes a una biblioteca aparte para comprobar cada número, y cada consulta de la información de un tipo pasaba por un bloqueo y una búsqueda. Ahora la comprobación se hace allí mismo, donde está la comparación, y la información de tipo ya encontrada se recuerda, con los mismos resultados, así que los scripts (decisiones de los Sims, rutas, temporizadores) trabajan menos. Nada de lo que ves cambia. Parte de Apex Radiance. Créditos: @loinyx	Les scripts du jeu font deux choses courantes avec du travail en trop : chaque comparaison de deux nombres décimaux appelait d'abord une bibliothèque séparée pour vérifier chaque nombre, et chaque consultation des informations d'un type passait par un verrou et une recherche. La vérification se fait maintenant là où a lieu la comparaison, et les informations de type déjà trouvées sont mémorisées, avec les mêmes résultats : les scripts (décisions des Sims, itinéraires, minuteries) travaillent moins. Rien de visible ne change. Fait partie d'Apex Radiance. Crédits : @loinyx	
While the camera moves, objects that just loaded or moved are placed in the scene a few hundred per frame instead of all at once, so panning over a lot that streams in stutters less. An object may appear a frame or two later; everything is placed at once as soon as the camera stops. Part of Apex Radiance. Credits: @loinyx	tr_features.cpp:kEntries	Enquanto a câmera se move, objetos que acabaram de carregar ou se mover entram na cena algumas centenas por quadro em vez de todos de uma vez, então mover a câmera sobre um lote carregando trava menos. Um objeto pode aparecer um ou dois quadros depois; tudo entra de uma vez assim que a câmera para. Parte do Apex Radiance. Créditos: @loinyx	Mientras la cámara se mueve, los objetos que acaban de cargarse o moverse entran en la escena unos cientos por fotograma en lugar de todos a la vez, así que recorrer un solar que se está cargando da menos tirones. Un objeto puede aparecer uno o dos fotogramas después; todo entra de golpe en cuanto la cámara se detiene. Parte de Apex Radiance. Créditos: @loinyx	Pendant que la caméra bouge, les objets qui viennent de se charger ou de bouger entrent dans la scène quelques centaines par image au lieu de tous d'un coup : survoler un terrain en cours de chargement saccade moins. Un objet peut apparaître une ou deux images plus tard ; tout entre d'un coup dès que la caméra s'arrête. Fait partie d'Apex Radiance. Crédits : @loinyx	
Remembers where the game found each lot when it looks one up by its ID, instead of searching the whole world every time, and keeps a quick index of every object by its ID next to the game's own list. Fewer stutters when lot lights update and less work for the game's scripts. Part of Apex Radiance. Credits: @loinyx	tr_features.cpp:kEntries	Memoriza onde o jogo encontrou cada lote ao procurá-lo pelo ID, em vez de vasculhar o mundo inteiro toda vez, e mantém um índice rápido de todos os objetos pelo ID ao lado da lista do próprio jogo. Menos travadas quando as luzes dos lotes atualizam e menos trabalho para os scripts do jogo. Parte do Apex Radiance. Créditos: @loinyx	Recuerda dónde encontró el juego cada solar al buscarlo por su ID, en lugar de recorrer todo el mundo cada vez, y mantiene un índice rápido de todos los objetos por su ID junto a la lista del propio juego. Menos tirones cuando se actualizan las luces de los solares y menos trabajo para los scripts del juego. Parte de Apex Radiance. Créditos: @loinyx	Retient où le jeu a trouvé chaque terrain quand il le cherche par son ID, au lieu de parcourir tout le monde à chaque fois, et tient un index rapide de tous les objets par leur ID à côté de la liste du jeu. Moins de saccades quand l'éclairage des terrains se met à jour et moins de travail pour les scripts du jeu. Fait partie d'Apex Radiance. Crédits : @loinyx	
Rooms light up much sooner when you enter a lot, change floors or switch lamps: the lot you are on and the floor you look at go first, rooms reach their final look in fewer steps, and several small rooms are lit per frame. Part of Apex Radiance. Credits: @loinyx	tr_features.cpp:kEntries	Os cômodos acendem bem mais rápido quando você entra num lote, troca de andar ou mexe nas luzes: o lote onde você está e o andar que você olha vêm primeiro, os cômodos chegam ao visual final em menos etapas e vários cômodos pequenos são iluminados por quadro. Parte do Apex Radiance. Créditos: @loinyx	Las habitaciones se iluminan mucho antes al entrar en un solar, cambiar de piso o tocar las lámparas: el solar donde estás y el piso que miras van primero, las habitaciones llegan a su aspecto final en menos pasos y se iluminan varias habitaciones pequeñas por fotograma. Parte de Apex Radiance. Créditos: @loinyx	Les pièces s'éclairent bien plus vite quand vous entrez sur un terrain, changez d'étage ou touchez aux lampes : le terrain où vous êtes et l'étage que vous regardez passent en premier, les pièces atteignent leur aspect final en moins d'étapes et plusieurs petites pièces sont éclairées par image. Fait partie d'Apex Radiance. Crédits : @loinyx	
Not available on {}	tr_features.cpp:kEntries	Não disponível em {}	No disponible en {}	Non disponible sur {}	{}
Not available on {} (game code not scanned yet)	tr_features.cpp:kEntries	Não disponível em {} (código do jogo ainda não analisado)	No disponible en {} (código del juego aún no analizado)	Non disponible sur {} (code du jeu pas encore analysé)	{}
Not available on {}: missing {}	tr_features.cpp:kEntries	Não disponível em {}: falta {}	No disponible en {}: falta {}	Non disponible sur {} : il manque {}	{} {}
an unknown game version	tr_features.cpp:kEntries	uma versão desconhecida do jogo	una versión desconocida del juego	une version inconnue du jeu	
not scanned yet	tr_features.cpp:kEntries	ainda não verificado	aún no verificado	pas encore vérifié	
official Sims3SettingsSetter loaded ({})	tr_features.cpp:kEntries	Sims3SettingsSetter oficial carregado ({})	Sims3SettingsSetter oficial cargado ({})	Sims3SettingsSetter officiel chargé ({})	{}
official Sims3SettingsSetter not loaded	tr_features.cpp:kEntries	Sims3SettingsSetter oficial não carregado	Sims3SettingsSetter oficial no cargado	Sims3SettingsSetter officiel non chargé	
; OLD COMBINED BUILD loaded ({}): Apex Radiance's features stay off	tr_features.cpp:kEntries	; VERSÃO COMBINADA ANTIGA carregada ({}): os recursos do Apex Radiance ficam desligados	; VERSIÓN COMBINADA ANTIGUA cargada ({}): las funciones de Apex Radiance quedan desactivadas	; ANCIENNE VERSION COMBINÉE chargée ({}) : les fonctions d'Apex Radiance restent désactivées	{}
; an older {} is also installed (idle): delete it from Game\\Bin	tr_features.cpp:kEntries	; um {} mais antigo também está instalado (inativo): apague-o de Game\\Bin	; también hay un {} más antiguo instalado (inactivo): bórralo de Game\\Bin	; un ancien {} est aussi installé (inactif) : supprimez-le de Game\\Bin	{}
